booking_id,lead_id,booked_at,appointment_date,calendar_name,appointment_type,appointment_status,setter_name,closer_name,booking_source,reschedule_count,cancellation_reason,no_show_reason
book_6a2e535d69b1,lead_623cef702c74,2026-04-09T09:58:34,2026-04-17T11:58:34,Follow Up Call,Initial Consultation,Cancelled,Alex Morgan,Riley Carter,Meta Ads,0,Not ready,
book_97799f004db3,lead_0455c845a5bc,2026-02-25T08:46:27,2026-03-05T10:46:27,Follow Up Call,Initial Consultation,Showed,Jordan Lee,Morgan Reed,Referral,0,,
book_31701c064fe4,lead_8c3f43f8dc7c,2026-04-25T06:25:21,2026-04-28T06:25:21,Follow Up Call,Initial Consultation,Showed,Alex Morgan,Riley Carter,Organic,0,,
book_95721a7ceef1,lead_5747afc23e92,2026-05-11T05:04:42,2026-05-16T06:04:42,Strategic Consultation,Initial Consultation,Showed,Alex Morgan,Casey Bennett,Webinar,0,,
book_ab7d487c89e3,lead_ab8f2312006c,2026-05-14T05:03:17,2026-05-18T05:03:17,Follow Up Call,Initial Consultation,Showed,Taylor Brooks,Casey Bennett,Webinar,0,,
book_3a0264e5f07d,lead_f0a4024c7764,2026-02-18T21:54:57,2026-02-26T00:54:57,Investment Consultation,Follow Up,Showed,Alex Morgan,Morgan Reed,Organic,0,,
book_b5e0845e5b78,lead_a129bab29f61,2026-06-30T15:13:58,2026-07-07T15:13:58,Investment Consultation,Follow Up,Showed,Jordan Lee,Casey Bennett,Webinar,0,,
book_00661e2a0c92,lead_6b6f5ccf3fcf,2026-02-25T16:51:27,2026-03-03T23:51:27,Investment Consultation,Initial Consultation,Cancelled,Taylor Brooks,Riley Carter,Meta Ads,0,Changed priorities,
book_0be7bf1e9d10,lead_6d1f1b621913,2026-02-02T23:37:19,2026-02-12T06:37:19,Strategic Consultation,Initial Consultation,Showed,Alex Morgan,Riley Carter,Referral,0,,
book_5affe776618f,lead_907b98025125,2026-05-28T00:26:07,2026-06-06T02:26:07,Investment Consultation,Initial Consultation,Showed,Taylor Brooks,Casey Bennett,Webinar,0,,
book_94be909f0ca6,lead_f8ed9007075a,2026-03-20T13:20:49,2026-03-29T16:20:49,Strategic Consultation,Initial Consultation,Showed,Taylor Brooks,Morgan Reed,Organic,0,,
book_2d98210d7a37,lead_eff881a7d854,2026-05-02T17:27:29,2026-05-12T18:27:29,Strategic Consultation,Initial Consultation,Cancelled,Taylor Brooks,Riley Carter,Webinar,0,Changed priorities,
book_f0941ab63213,lead_147db98837bb,2026-01-24T00:03:53,2026-01-26T02:03:53,Strategic Consultation,Initial Consultation,Rescheduled,Alex Morgan,Riley Carter,Meta Ads,2,,
book_c4345aa9c63a,lead_44a6819d0e33,2026-01-10T09:06:33,2026-01-14T10:06:33,Strategic Consultation,Initial Consultation,Showed,Alex Morgan,Riley Carter,Referral,0,,
book_e188165a1359,lead_cbef8a895f8f,2026-05-26T15:59:11,2026-05-27T17:59:11,Follow Up Call,Initial Consultation,Showed,Jordan Lee,Riley Carter,Direct,0,,
book_c03dfff2cb21,lead_3b4f1d492049,2026-02-22T04:41:17,2026-02-25T04:41:17,Strategic Consultation,Initial Consultation,Showed,Alex Morgan,Casey Bennett,Webinar,0,,
book_92eaa17acbab,lead_a996de0764f8,2026-02-14T03:27:58,2026-02-25T10:27:58,Follow Up Call,Initial Consultation,Showed,Jordan Lee,Casey Bennett,Webinar,0,,
book_3f6d5e5fc9cc,lead_1100bbc95cf4,2026-05-05T14:34:33,2026-05-10T21:34:33,Investment Consultation,Follow Up,Cancelled,Alex Morgan,Riley Carter,Webinar,0,Changed priorities,
book_c33f195a29d7,lead_ca7b9ecda0fc,2026-03-23T14:05:54,2026-04-01T17:05:54,Investment Consultation,Initial Consultation,No Show,Jordan Lee,Casey Bennett,Google Ads,0,,Forgot appointment
book_53ef7ed5925f,lead_28eb18a493e7,2026-06-16T22:21:38,2026-06-29T06:21:38,Strategic Consultation,Initial Consultation,Showed,Alex Morgan,Casey Bennett,Webinar,0,,
book_3c83b4eada5b,lead_bde61e7b3c38,2026-04-06T06:37:51,2026-04-10T08:37:51,Follow Up Call,Initial Consultation,Showed,Jordan Lee,Morgan Reed,Webinar,0,,
book_64ea122b4c8f,lead_b17da8fcbe3d,2026-05-21T22:56:47,2026-05-29T04:56:47,Strategic Consultation,Initial Consultation,No Show,Alex Morgan,Riley Carter,Google Ads,0,,Forgot appointment
book_1332f4d05d25,lead_b240d488d9c3,2026-04-28T01:14:12,2026-04-30T05:14:12,Strategic Consultation,Follow Up,Showed,Alex Morgan,Riley Carter,Organic,0,,
book_674531c01db9,lead_011aaa5a6630,2026-02-06T12:23:07,2026-02-13T18:23:07,Investment Consultation,Initial Consultation,No Show,Jordan Lee,Morgan Reed,Google Ads,0,,Work conflict
book_50131abb7a39,lead_5ec95d9a8c0d,2026-05-29T17:34:15,2026-06-08T22:34:15,Investment Consultation,Initial Consultation,No Show,Jordan Lee,Casey Bennett,Google Ads,0,,No response
book_84877b6eea8b,lead_be0308e171bd,2026-05-29T21:43:53,2026-06-06T22:43:53,Investment Consultation,Initial Consultation,Cancelled,Alex Morgan,Morgan Reed,Referral,0,Not ready,
book_a48ed1f1c95f,lead_1b8b4dbb623a,2026-01-26T06:41:56,2026-01-31T11:41:56,Follow Up Call,Initial Consultation,Showed,Taylor Brooks,Morgan Reed,Referral,0,,
book_2912c275e53f,lead_7cc71426a300,2026-03-04T04:04:47,2026-03-10T05:04:47,Follow Up Call,Initial Consultation,Showed,Jordan Lee,Riley Carter,Webinar,0,,
book_51ab21129bd2,lead_73d0d5630df3,2026-03-19T00:48:37,2026-03-23T02:48:37,Investment Consultation,Initial Consultation,Cancelled,Taylor Brooks,Riley Carter,Referral,0,Changed priorities,
book_eb8ab3e8678c,lead_75d7cdf93d6f,2026-01-05T02:02:47,2026-01-08T03:02:47,Strategic Consultation,Initial Consultation,Showed,Alex Morgan,Casey Bennett,Organic,0,,
book_a97f7605b495,lead_6d67c2236aac,2026-05-28T08:27:22,2026-05-29T14:27:22,Follow Up Call,Initial Consultation,No Show,Taylor Brooks,Casey Bennett,Webinar,0,,Forgot appointment
book_e9aa8cbc07e6,lead_93121ba5e282,2026-05-07T11:54:16,2026-05-10T13:54:16,Investment Consultation,Initial Consultation,Showed,Alex Morgan,Riley Carter,Meta Ads,0,,
book_374b82f05ffa,lead_c3c61e815660,2026-03-28T03:41:00,2026-04-05T05:41:00,Investment Consultation,Initial Consultation,Showed,Alex Morgan,Casey Bennett,Meta Ads,0,,
book_9bbad6d7aacd,lead_6a7ec4d117ca,2026-01-31T19:59:56,2026-02-13T02:59:56,Investment Consultation,Follow Up,Showed,Jordan Lee,Morgan Reed,Referral,0,,
book_b5e917fd2204,lead_dc871f8fe8d8,2026-05-10T10:42:05,2026-05-18T10:42:05,Strategic Consultation,Initial Consultation,Showed,Alex Morgan,Riley Carter,Referral,0,,
book_204317e6d461,lead_ab6479e2586c,2026-03-21T12:21:47,2026-03-26T18:21:47,Strategic Consultation,Initial Consultation,Showed,Jordan Lee,Casey Bennett,Meta Ads,0,,
book_1a204ac01105,lead_18542e07fc9b,2026-03-31T06:17:32,2026-04-05T12:17:32,Strategic Consultation,Initial Consultation,Showed,Jordan Lee,Morgan Reed,Email Campaign,0,,
book_e2feabaca96c,lead_a98aaa4590ed,2026-03-25T01:44:23,2026-03-30T04:44:23,Strategic Consultation,Initial Consultation,Showed,Jordan Lee,Riley Carter,Webinar,0,,
book_15e183afc6cd,lead_f246ca0b5d0e,2026-05-30T15:18:45,2026-06-11T20:18:45,Strategic Consultation,Initial Consultation,No Show,Taylor Brooks,Morgan Reed,Webinar,0,,Work conflict
book_7d3c0eb59314,lead_ad6d33d736db,2026-06-29T03:44:29,2026-06-30T09:44:29,Investment Consultation,Initial Consultation,Showed,Jordan Lee,Riley Carter,Referral,0,,
book_00ba271aa31d,lead_a1f5756095b7,2026-03-01T03:08:30,2026-03-11T06:08:30,Strategic Consultation,Follow Up,Showed,Taylor Brooks,Casey Bennett,Meta Ads,0,,
book_123198a402f4,lead_c2cd2db1ce23,2026-06-21T12:08:08,2026-06-22T15:08:08,Investment Consultation,Initial Consultation,Rescheduled,Jordan Lee,Morgan Reed,Meta Ads,2,,
book_041f97e9fd49,lead_ad1e07116159,2026-01-26T16:13:52,2026-02-05T00:13:52,Investment Consultation,Follow Up,Showed,Taylor Brooks,Morgan Reed,Webinar,0,,
book_d5f99502cdca,lead_365a344c650a,2026-02-22T16:17:08,2026-02-23T22:17:08,Follow Up Call,Initial Consultation,Showed,Jordan Lee,Riley Carter,Meta Ads,0,,
book_98f2c9d3fac3,lead_117b53545af7,2026-02-14T11:59:48,2026-02-17T15:59:48,Investment Consultation,Follow Up,No Show,Taylor Brooks,Riley Carter,Meta Ads,0,,Unknown
book_92165741d27c,lead_0f2e180781e5,2026-05-19T21:35:50,2026-05-25T01:35:50,Investment Consultation,Follow Up,Rescheduled,Alex Morgan,Casey Bennett,Referral,1,,
book_467bbf375368,lead_0930e42d4b8d,2026-06-16T23:15:07,2026-06-19T03:15:07,Strategic Consultation,Initial Consultation,Rescheduled,Taylor Brooks,Riley Carter,Google Ads,1,,
book_4569d49b49d7,lead_ccfe8125611b,2026-04-30T06:27:19,2026-05-07T09:27:19,Strategic Consultation,Initial Consultation,Showed,Jordan Lee,Morgan Reed,Organic,0,,
book_04ec97958e03,lead_a39a3b61615c,2026-05-11T11:48:28,2026-05-14T19:48:28,Strategic Consultation,Follow Up,No Show,Jordan Lee,Casey Bennett,Meta Ads,0,,Forgot appointment
book_dbc5ac6d5355,lead_663a55dfab45,2026-04-15T06:22:27,2026-04-22T12:22:27,Follow Up Call,Initial Consultation,Showed,Alex Morgan,Casey Bennett,Referral,0,,
book_c591894ca687,lead_82eae5f8713d,2026-03-08T11:24:39,2026-03-18T12:24:39,Follow Up Call,Follow Up,Rescheduled,Taylor Brooks,Casey Bennett,Webinar,1,,
book_f3bbbed886e4,lead_893a2e4467d7,2026-04-15T02:42:51,2026-04-16T07:42:51,Follow Up Call,Follow Up,Showed,Jordan Lee,Casey Bennett,Organic,0,,
book_f970d790768e,lead_193c85f191be,2026-04-30T23:29:48,2026-05-11T07:29:48,Investment Consultation,Initial Consultation,Showed,Jordan Lee,Riley Carter,Referral,0,,
book_57fd5175003b,lead_a68313a1c99e,2026-06-03T10:44:50,2026-06-14T15:44:50,Follow Up Call,Initial Consultation,Showed,Alex Morgan,Casey Bennett,Webinar,0,,
book_8c7a7fc34643,lead_e1d65b1e6a49,2026-01-27T18:11:29,2026-02-07T20:11:29,Investment Consultation,Initial Consultation,Cancelled,Alex Morgan,Casey Bennett,Direct,0,Changed priorities,
book_4cdb402f6ebe,lead_d2395ea67b2a,2026-02-17T01:41:57,2026-02-23T03:41:57,Follow Up Call,Initial Consultation,No Show,Jordan Lee,Morgan Reed,Organic,0,,Forgot appointment
book_8bfe131f3156,lead_d0fcafbf61cf,2026-06-09T04:13:20,2026-06-14T09:13:20,Investment Consultation,Initial Consultation,Showed,Alex Morgan,Casey Bennett,Google Ads,0,,
book_272c7ccb6525,lead_6086bdf641ee,2026-06-12T22:57:30,2026-06-18T06:57:30,Follow Up Call,Initial Consultation,No Show,Alex Morgan,Casey Bennett,Webinar,0,,No response
book_8f716746b65b,lead_e3129b424af7,2026-01-29T10:07:38,2026-01-31T16:07:38,Investment Consultation,Initial Consultation,Showed,Jordan Lee,Riley Carter,Referral,0,,
book_3730f5ba3caa,lead_3f1e70db7df6,2026-04-19T11:21:47,2026-04-24T11:21:47,Investment Consultation,Follow Up,Showed,Alex Morgan,Casey Bennett,Meta Ads,0,,
book_8bde0818ba50,lead_5c4e66c0f172,2026-04-29T14:22:19,2026-04-30T21:22:19,Follow Up Call,Initial Consultation,Cancelled,Taylor Brooks,Riley Carter,Meta Ads,0,Changed priorities,
book_b71e6587deaf,lead_22e97267d780,2026-02-27T23:28:33,2026-03-02T04:28:33,Follow Up Call,Follow Up,Showed,Jordan Lee,Morgan Reed,Meta Ads,0,,
book_2d9392a4f872,lead_286a8ccc8587,2026-03-17T22:10:46,2026-03-26T01:10:46,Investment Consultation,Initial Consultation,No Show,Jordan Lee,Casey Bennett,Email Campaign,0,,Forgot appointment
book_9128fe986b6b,lead_9b07b716716b,2026-04-03T13:13:58,2026-04-04T21:13:58,Strategic Consultation,Initial Consultation,Cancelled,Alex Morgan,Morgan Reed,Meta Ads,0,Not ready,
book_ec1555830729,lead_3f8ef2d31554,2026-01-09T09:24:25,2026-01-19T15:24:25,Follow Up Call,Initial Consultation,Showed,Alex Morgan,Morgan Reed,Webinar,0,,
book_a92c6808ae9f,lead_b9c438ac618c,2026-04-13T10:17:41,2026-04-23T14:17:41,Follow Up Call,Follow Up,Showed,Taylor Brooks,Casey Bennett,Meta Ads,0,,
book_d113b8d6875d,lead_e4cde1048126,2026-02-09T12:13:23,2026-02-14T19:13:23,Investment Consultation,Initial Consultation,Showed,Alex Morgan,Riley Carter,Meta Ads,0,,
book_dcf4c26b1633,lead_9fcd92b14a6c,2026-06-06T15:02:14,2026-06-17T16:02:14,Investment Consultation,Initial Consultation,Rescheduled,Alex Morgan,Casey Bennett,Email Campaign,1,,
book_8f98008d5db3,lead_cb522b836a99,2026-04-18T08:27:41,2026-04-30T08:27:41,Investment Consultation,Follow Up,No Show,Alex Morgan,Casey Bennett,Organic,0,,Unknown
book_1d5d7325b34c,lead_fa359b133d2e,2026-03-29T05:44:05,2026-04-08T05:44:05,Follow Up Call,Initial Consultation,Showed,Alex Morgan,Riley Carter,Referral,0,,
book_34c85166258b,lead_4c8ef1bd6c09,2026-01-17T12:34:01,2026-01-21T19:34:01,Follow Up Call,Initial Consultation,Showed,Jordan Lee,Riley Carter,Referral,0,,
book_6a37c3f7c4a9,lead_ef7883c2d373,2026-01-09T03:42:32,2026-01-15T09:42:32,Follow Up Call,Initial Consultation,Showed,Taylor Brooks,Casey Bennett,Webinar,0,,
book_02b52df69cf6,lead_05a263a7f8f0,2026-01-08T01:13:53,2026-01-12T04:13:53,Strategic Consultation,Initial Consultation,Showed,Jordan Lee,Riley Carter,Meta Ads,0,,
book_e92fb52dff24,lead_81ec44f407e0,2026-03-28T18:45:06,2026-04-10T01:45:06,Investment Consultation,Initial Consultation,Showed,Jordan Lee,Riley Carter,Meta Ads,0,,
book_b108a5aa1ca1,lead_34736c62f980,2026-06-05T17:16:35,2026-06-08T23:16:35,Follow Up Call,Initial Consultation,No Show,Alex Morgan,Morgan Reed,Webinar,0,,Unknown
book_d73a95890ec2,lead_883e4febac71,2026-05-31T12:13:59,2026-06-12T16:13:59,Strategic Consultation,Initial Consultation,No Show,Alex Morgan,Morgan Reed,Webinar,0,,Unknown
book_7094b23ea29e,lead_b1bf758890ca,2026-03-30T03:29:59,2026-03-31T06:29:59,Strategic Consultation,Initial Consultation,Showed,Jordan Lee,Morgan Reed,Direct,0,,
book_68392f87c6c6,lead_7ab6a45fd1d2,2026-03-02T22:07:53,2026-03-12T02:07:53,Follow Up Call,Initial Consultation,No Show,Taylor Brooks,Riley Carter,Meta Ads,0,,Work conflict
book_f802ec627002,lead_c3130bc1cc6a,2026-05-30T13:09:16,2026-06-03T17:09:16,Investment Consultation,Initial Consultation,Showed,Taylor Brooks,Morgan Reed,Meta Ads,0,,
book_37b96e0cfe03,lead_5ef7a3d2fbc6,2026-02-11T21:33:44,2026-02-18T05:33:44,Strategic Consultation,Initial Consultation,Showed,Alex Morgan,Casey Bennett,Google Ads,0,,
book_7e4b51ef50a7,lead_2c6ab69764ef,2026-02-26T02:44:02,2026-03-10T06:44:02,Strategic Consultation,Initial Consultation,No Show,Alex Morgan,Casey Bennett,Organic,0,,Unknown
book_58459d8e7f30,lead_89ac7f2844fb,2026-03-14T16:35:59,2026-03-25T21:35:59,Strategic Consultation,Initial Consultation,Showed,Jordan Lee,Riley Carter,Google Ads,0,,
book_46e5d93f5a76,lead_63cae7e84453,2026-04-13T05:25:57,2026-04-22T10:25:57,Strategic Consultation,Follow Up,Showed,Taylor Brooks,Morgan Reed,Webinar,0,,
book_8f2d7157e336,lead_dc3a6414d228,2026-03-04T07:06:27,2026-03-06T09:06:27,Investment Consultation,Initial Consultation,Showed,Taylor Brooks,Riley Carter,Meta Ads,0,,
book_94166ec0f5df,lead_2a48fc6f1060,2026-06-21T20:45:35,2026-07-03T22:45:35,Investment Consultation,Initial Consultation,Showed,Jordan Lee,Casey Bennett,Meta Ads,0,,
book_1d070c68fd6b,lead_a6723ee704c4,2026-05-22T13:13:05,2026-05-23T19:13:05,Strategic Consultation,Initial Consultation,Showed,Alex Morgan,Riley Carter,Direct,0,,
book_bd93ce2565af,lead_64390fb91490,2026-06-01T20:11:57,2026-06-11T21:11:57,Strategic Consultation,Initial Consultation,Showed,Taylor Brooks,Riley Carter,Meta Ads,0,,
book_0855dd815f65,lead_bcd4fac62533,2026-03-01T09:03:03,2026-03-10T11:03:03,Follow Up Call,Initial Consultation,Showed,Taylor Brooks,Riley Carter,Organic,0,,
book_f9c24daf9223,lead_aa347828d3de,2026-01-13T17:36:02,2026-01-23T20:36:02,Investment Consultation,Initial Consultation,Rescheduled,Alex Morgan,Riley Carter,Organic,1,,
book_ad8ef6d9f40d,lead_80eeb2e5b33b,2026-06-03T13:42:45,2026-06-14T13:42:45,Investment Consultation,Initial Consultation,No Show,Taylor Brooks,Casey Bennett,Direct,0,,Forgot appointment
book_a5d98006b434,lead_da0b50e002d4,2026-02-28T05:01:30,2026-03-12T07:01:30,Investment Consultation,Initial Consultation,Showed,Jordan Lee,Casey Bennett,Webinar,0,,
book_12da098cd26a,lead_c617c50e11e2,2026-06-23T00:51:06,2026-07-04T07:51:06,Investment Consultation,Initial Consultation,Showed,Jordan Lee,Casey Bennett,Google Ads,0,,
book_b9189a6d4891,lead_78795fb75c0e,2026-05-30T05:22:33,2026-05-31T07:22:33,Follow Up Call,Initial Consultation,Showed,Alex Morgan,Morgan Reed,Google Ads,0,,
book_817ee790b44c,lead_e49171796681,2026-03-06T14:53:20,2026-03-10T15:53:20,Investment Consultation,Initial Consultation,Showed,Taylor Brooks,Morgan Reed,Organic,0,,
book_8ffe1bb3ce7b,lead_3c13313e97ea,2026-05-18T18:02:56,2026-05-23T23:02:56,Investment Consultation,Follow Up,Showed,Jordan Lee,Casey Bennett,Referral,0,,
book_173ff4405499,lead_603afa969a4c,2026-02-18T20:24:09,2026-02-26T04:24:09,Investment Consultation,Follow Up,Showed,Taylor Brooks,Morgan Reed,Organic,0,,
book_3976947f24d3,lead_1baff8c45f15,2026-01-19T16:27:48,2026-01-20T19:27:48,Follow Up Call,Initial Consultation,No Show,Alex Morgan,Morgan Reed,Email Campaign,0,,No response
book_34e6d1fdf0f6,lead_cf9b15a7298b,2026-06-30T12:34:19,2026-07-03T20:34:19,Investment Consultation,Follow Up,Rescheduled,Taylor Brooks,Morgan Reed,Direct,1,,
book_e9e1220fd0ae,lead_6c83afe82531,2026-05-25T10:08:11,2026-05-31T18:08:11,Strategic Consultation,Initial Consultation,Showed,Taylor Brooks,Riley Carter,Google Ads,0,,
book_57794b128030,lead_5aede280e853,2026-05-24T07:14:27,2026-05-28T09:14:27,Follow Up Call,Initial Consultation,No Show,Jordan Lee,Morgan Reed,Meta Ads,0,,Forgot appointment
book_eb985dfadbfa,lead_d91674a7cf3e,2026-03-22T13:04:13,2026-04-03T18:04:13,Follow Up Call,Initial Consultation,Showed,Alex Morgan,Morgan Reed,Meta Ads,0,,
book_94d7e8bcffb8,lead_12f72b1d1e86,2026-05-09T02:18:15,2026-05-10T02:18:15,Investment Consultation,Initial Consultation,No Show,Taylor Brooks,Riley Carter,Referral,0,,No response
book_896f7e6c0a6d,lead_8ef39af0cb48,2026-03-15T12:46:46,2026-03-23T13:46:46,Follow Up Call,Initial Consultation,Showed,Alex Morgan,Riley Carter,Webinar,0,,
book_5b4240ec8653,lead_29e794ff26d7,2026-06-10T22:48:56,2026-06-23T00:48:56,Strategic Consultation,Initial Consultation,Rescheduled,Taylor Brooks,Morgan Reed,Meta Ads,1,,
book_a7a5c45458a9,lead_02ae65c8b246,2026-06-25T10:09:45,2026-06-30T12:09:45,Investment Consultation,Initial Consultation,Showed,Alex Morgan,Morgan Reed,Direct,0,,
book_5ade9ac1f63b,lead_2c5515ebbc13,2026-04-09T06:05:49,2026-04-14T14:05:49,Investment Consultation,Initial Consultation,Showed,Jordan Lee,Morgan Reed,Webinar,0,,
book_fbdf4df2e632,lead_35d83d6a8c34,2026-06-05T06:07:24,2026-06-06T10:07:24,Strategic Consultation,Initial Consultation,Cancelled,Alex Morgan,Casey Bennett,Webinar,0,Changed priorities,
book_e833d39835e1,lead_680491b2573d,2026-06-05T03:52:36,2026-06-10T11:52:36,Strategic Consultation,Initial Consultation,Showed,Jordan Lee,Casey Bennett,Meta Ads,0,,
book_a38c5e568306,lead_c2f41a52bb59,2026-01-02T20:49:41,2026-01-08T04:49:41,Strategic Consultation,Initial Consultation,Showed,Jordan Lee,Morgan Reed,Google Ads,0,,
book_d4801d78ae8e,lead_6c3735df39e6,2026-03-27T11:05:36,2026-03-30T17:05:36,Follow Up Call,Initial Consultation,No Show,Taylor Brooks,Casey Bennett,Meta Ads,0,,No response
book_e45e6f31beb9,lead_fea35c4d9f18,2026-03-01T07:09:26,2026-03-11T12:09:26,Follow Up Call,Initial Consultation,No Show,Alex Morgan,Riley Carter,Webinar,0,,No response
book_13706c0002aa,lead_c72615c21a5e,2026-03-31T06:19:23,2026-04-05T06:19:23,Strategic Consultation,Initial Consultation,No Show,Alex Morgan,Casey Bennett,Referral,0,,Unknown
book_459727800d70,lead_69ba608f5259,2026-03-15T19:19:55,2026-03-20T23:19:55,Follow Up Call,Follow Up,Rescheduled,Jordan Lee,Riley Carter,Meta Ads,1,,
book_65421b539ad4,lead_3fcf0bb1e7ac,2026-05-10T10:23:30,2026-05-14T12:23:30,Follow Up Call,Initial Consultation,No Show,Jordan Lee,Morgan Reed,Meta Ads,0,,Forgot appointment
book_c0e2c1dfd2ad,lead_c1004be7aa5f,2026-03-30T06:20:43,2026-04-02T06:20:43,Strategic Consultation,Initial Consultation,Showed,Taylor Brooks,Riley Carter,Referral,0,,
book_e8c812a20927,lead_ed6332bb504f,2026-03-11T10:43:52,2026-03-15T11:43:52,Strategic Consultation,Initial Consultation,Showed,Jordan Lee,Casey Bennett,Referral,0,,
book_712ef111871b,lead_940d579a7111,2026-03-02T12:47:55,2026-03-05T17:47:55,Strategic Consultation,Follow Up,Rescheduled,Alex Morgan,Morgan Reed,Google Ads,1,,
book_407dc68d9331,lead_5403beddd349,2026-05-14T18:59:52,2026-05-18T23:59:52,Follow Up Call,Initial Consultation,Showed,Taylor Brooks,Morgan Reed,Webinar,0,,
book_e253fe1c2b33,lead_6de7dd631c5f,2026-04-21T08:14:43,2026-05-03T09:14:43,Follow Up Call,Initial Consultation,Showed,Jordan Lee,Riley Carter,Meta Ads,0,,
book_93db498e584b,lead_9898195a53ba,2026-04-18T12:28:34,2026-04-26T12:28:34,Strategic Consultation,Initial Consultation,Showed,Alex Morgan,Casey Bennett,Webinar,0,,
book_b122fdc52f20,lead_1405423524ab,2026-01-22T13:18:42,2026-01-26T16:18:42,Strategic Consultation,Initial Consultation,Rescheduled,Jordan Lee,Morgan Reed,Meta Ads,1,,
book_db32edf08ed8,lead_17339d565752,2026-04-28T04:05:30,2026-05-01T05:05:30,Follow Up Call,Initial Consultation,Showed,Taylor Brooks,Casey Bennett,Google Ads,0,,
book_53097accda50,lead_d1877b60618c,2026-03-06T01:59:42,2026-03-17T04:59:42,Investment Consultation,Initial Consultation,Showed,Taylor Brooks,Morgan Reed,Google Ads,0,,
book_8af616d01377,lead_cc0524e8c47f,2026-05-05T13:38:16,2026-05-06T19:38:16,Investment Consultation,Follow Up,No Show,Alex Morgan,Riley Carter,Webinar,0,,No response
book_4662997def67,lead_5e9bd0f66b69,2026-01-15T08:18:16,2026-01-19T08:18:16,Follow Up Call,Initial Consultation,Rescheduled,Taylor Brooks,Riley Carter,Direct,1,,
book_56e6b137f650,lead_d5084a694c59,2026-06-17T17:24:57,2026-06-28T01:24:57,Follow Up Call,Initial Consultation,Rescheduled,Alex Morgan,Morgan Reed,Organic,1,,
book_6e4390517304,lead_57a4dacf040c,2026-05-26T21:47:14,2026-06-08T03:47:14,Strategic Consultation,Initial Consultation,Cancelled,Alex Morgan,Morgan Reed,Organic,0,Not ready,
book_83c0c809fdbc,lead_6220af01201a,2026-03-12T10:59:22,2026-03-14T14:59:22,Investment Consultation,Follow Up,Showed,Taylor Brooks,Casey Bennett,Webinar,0,,
book_b1a340f231a5,lead_8b3d5ff8468e,2026-03-25T22:09:13,2026-03-30T01:09:13,Strategic Consultation,Initial Consultation,Showed,Taylor Brooks,Riley Carter,Organic,0,,
book_53b90fb1fbbd,lead_c856f88266bd,2026-01-18T00:51:26,2026-01-25T03:51:26,Follow Up Call,Initial Consultation,Showed,Alex Morgan,Morgan Reed,Organic,0,,
book_a0cf5a930fcf,lead_981186982a36,2026-04-27T18:17:42,2026-04-30T19:17:42,Strategic Consultation,Initial Consultation,Showed,Taylor Brooks,Riley Carter,Organic,0,,
book_1aba834c6e5c,lead_3ad3282571d5,2026-01-23T17:45:11,2026-02-04T21:45:11,Follow Up Call,Initial Consultation,Showed,Alex Morgan,Casey Bennett,Meta Ads,0,,
book_41d6b6792bee,lead_18b682b8eaf2,2026-04-02T04:50:31,2026-04-09T10:50:31,Follow Up Call,Initial Consultation,Showed,Jordan Lee,Riley Carter,Referral,0,,
book_7679463e8747,lead_8092f12801b6,2026-04-10T13:07:45,2026-04-17T13:07:45,Investment Consultation,Initial Consultation,Rescheduled,Alex Morgan,Morgan Reed,Meta Ads,1,,
book_58ef0f2397b1,lead_b0f02cafe046,2026-03-18T14:22:49,2026-03-25T15:22:49,Strategic Consultation,Initial Consultation,No Show,Alex Morgan,Riley Carter,Meta Ads,0,,No response
book_102c3960e4db,lead_cc0955676ef6,2026-03-06T13:31:58,2026-03-10T17:31:58,Investment Consultation,Initial Consultation,Cancelled,Alex Morgan,Casey Bennett,Webinar,0,Financial concern,
book_725b1e579dc9,lead_7572643f1de0,2026-05-31T15:44:19,2026-06-08T22:44:19,Follow Up Call,Initial Consultation,Showed,Taylor Brooks,Morgan Reed,Google Ads,0,,
book_3d9ca9cc81da,lead_0da8f10dd728,2026-01-06T20:27:47,2026-01-16T00:27:47,Investment Consultation,Initial Consultation,Showed,Taylor Brooks,Riley Carter,Meta Ads,0,,
book_6d0a3e755a23,lead_c1d41c16dd3c,2026-01-01T07:43:48,2026-01-10T14:43:48,Strategic Consultation,Initial Consultation,No Show,Taylor Brooks,Riley Carter,Webinar,0,,Work conflict
book_c40e692de4ef,lead_1f7804900ca0,2026-03-05T21:36:23,2026-03-15T22:36:23,Follow Up Call,Initial Consultation,Showed,Alex Morgan,Morgan Reed,Webinar,0,,
book_2cd5856b99c7,lead_a8b7e5ba3247,2026-04-15T08:19:21,2026-04-24T13:19:21,Strategic Consultation,Initial Consultation,Rescheduled,Alex Morgan,Casey Bennett,Meta Ads,1,,
book_16fb41a60ef2,lead_91da6f32d885,2026-06-15T15:15:17,2026-06-27T22:15:17,Strategic Consultation,Initial Consultation,Rescheduled,Taylor Brooks,Casey Bennett,Meta Ads,1,,
book_65cc57d1919c,lead_e998ed174ad2,2026-06-29T00:07:43,2026-07-04T00:07:43,Follow Up Call,Initial Consultation,No Show,Alex Morgan,Riley Carter,Google Ads,0,,Work conflict
book_56853b5202a1,lead_5ba38c8fa182,2026-04-25T19:11:08,2026-04-29T20:11:08,Investment Consultation,Initial Consultation,Showed,Jordan Lee,Morgan Reed,Google Ads,0,,
book_7ab2639605db,lead_9cd154f136c9,2026-06-06T05:11:13,2026-06-13T13:11:13,Strategic Consultation,Initial Consultation,Rescheduled,Taylor Brooks,Casey Bennett,Direct,1,,
book_c68ea344729d,lead_eabc2c6a68a1,2026-05-18T09:02:32,2026-05-21T15:02:32,Strategic Consultation,Follow Up,No Show,Alex Morgan,Riley Carter,Meta Ads,0,,Unknown
book_cfd0cc022c15,lead_658547bd198b,2026-03-17T23:58:51,2026-03-21T02:58:51,Follow Up Call,Initial Consultation,Showed,Jordan Lee,Morgan Reed,Organic,0,,
book_2f5c83f484a8,lead_37e4000f99b7,2026-03-09T06:04:49,2026-03-10T11:04:49,Investment Consultation,Follow Up,Rescheduled,Jordan Lee,Riley Carter,Webinar,1,,
book_1d1f216f7824,lead_e8f590ee5136,2026-02-28T14:20:14,2026-03-07T19:20:14,Investment Consultation,Initial Consultation,Showed,Jordan Lee,Riley Carter,Organic,0,,
book_a4900da0c9bc,lead_975c324a272e,2026-02-22T09:21:12,2026-02-23T17:21:12,Strategic Consultation,Initial Consultation,Showed,Taylor Brooks,Morgan Reed,Meta Ads,0,,
book_0708b4c1fb16,lead_add6ef9afeae,2026-03-20T06:16:30,2026-03-25T12:16:30,Investment Consultation,Initial Consultation,Showed,Jordan Lee,Riley Carter,Meta Ads,0,,
book_83047a3c9b4e,lead_08a164a56071,2026-03-08T21:21:12,2026-03-09T21:21:12,Follow Up Call,Initial Consultation,Showed,Jordan Lee,Riley Carter,Webinar,0,,
book_fe1c07a5ab1b,lead_db485f16825f,2026-05-25T04:49:10,2026-05-27T10:49:10,Investment Consultation,Initial Consultation,Showed,Jordan Lee,Morgan Reed,Email Campaign,0,,
book_74f0ee18665a,lead_1ac93f90db24,2026-02-04T20:52:59,2026-02-12T04:52:59,Follow Up Call,Initial Consultation,Showed,Jordan Lee,Casey Bennett,Organic,0,,
book_f5cee7d46dd4,lead_9b40ec79f892,2026-05-16T09:00:27,2026-05-20T13:00:27,Strategic Consultation,Initial Consultation,Showed,Jordan Lee,Riley Carter,Google Ads,0,,
book_16ac2f40b72a,lead_74ba3feab532,2026-05-10T15:26:11,2026-05-13T21:26:11,Follow Up Call,Initial Consultation,No Show,Alex Morgan,Riley Carter,Email Campaign,0,,Unknown
book_b43350c9d51f,lead_0fbf42093a9a,2026-06-03T03:40:03,2026-06-12T04:40:03,Strategic Consultation,Initial Consultation,Showed,Taylor Brooks,Casey Bennett,Webinar,0,,
book_2d805393a6d2,lead_be763949c3ae,2026-03-21T20:09:59,2026-03-23T02:09:59,Investment Consultation,Follow Up,Cancelled,Jordan Lee,Morgan Reed,Organic,0,Financial concern,
book_1d02ea874ef7,lead_5e0b0a6aa8fc,2026-01-26T19:12:39,2026-02-02T00:12:39,Investment Consultation,Initial Consultation,Showed,Taylor Brooks,Casey Bennett,Webinar,0,,
book_d815663b9b95,lead_21e0f4021a73,2026-05-10T11:40:12,2026-05-21T12:40:12,Investment Consultation,Initial Consultation,Showed,Alex Morgan,Morgan Reed,Meta Ads,0,,
book_4196d5302809,lead_09a7d84d9423,2026-03-30T16:30:16,2026-04-04T00:30:16,Investment Consultation,Initial Consultation,No Show,Jordan Lee,Casey Bennett,Referral,0,,Work conflict
book_92901fd2fd17,lead_ce7712c84a46,2026-06-14T00:23:55,2026-06-16T08:23:55,Strategic Consultation,Initial Consultation,Showed,Jordan Lee,Riley Carter,Organic,0,,
book_c971f2521b0f,lead_644942e0533c,2026-02-17T09:13:25,2026-02-18T11:13:25,Follow Up Call,Initial Consultation,Rescheduled,Alex Morgan,Morgan Reed,Email Campaign,1,,
book_80cd342c64fd,lead_58435ee38877,2026-03-27T07:11:53,2026-03-31T11:11:53,Strategic Consultation,Initial Consultation,Cancelled,Alex Morgan,Morgan Reed,Webinar,0,Changed priorities,
book_af03ae1e4001,lead_d04c13a4aa43,2026-01-23T20:36:36,2026-02-03T21:36:36,Investment Consultation,Initial Consultation,Rescheduled,Alex Morgan,Casey Bennett,Organic,1,,
book_2d4fe825f921,lead_4b8ea285a438,2026-05-20T05:05:32,2026-05-23T13:05:32,Strategic Consultation,Initial Consultation,Showed,Taylor Brooks,Riley Carter,Referral,0,,
book_12ac231b7abc,lead_2ecc74410343,2026-02-18T04:03:14,2026-02-20T12:03:14,Follow Up Call,Follow Up,Showed,Alex Morgan,Riley Carter,Webinar,0,,
book_3b186e03e46e,lead_f3d62a117c98,2026-06-02T16:00:26,2026-06-14T16:00:26,Strategic Consultation,Initial Consultation,Showed,Taylor Brooks,Riley Carter,Email Campaign,0,,
book_07db6f720388,lead_22dae35de1df,2026-01-21T04:56:47,2026-01-27T04:56:47,Investment Consultation,Initial Consultation,Showed,Taylor Brooks,Casey Bennett,Organic,0,,
book_f296fa8f41c6,lead_cae634d92af3,2026-03-01T02:52:53,2026-03-07T04:52:53,Strategic Consultation,Initial Consultation,Showed,Alex Morgan,Casey Bennett,Google Ads,0,,
book_4dd8ab89954f,lead_e02ec67f154a,2026-02-10T22:11:39,2026-02-20T05:11:39,Strategic Consultation,Initial Consultation,Rescheduled,Jordan Lee,Riley Carter,Email Campaign,1,,
book_2264765bfd20,lead_045c33844f2a,2026-03-16T18:10:03,2026-03-23T00:10:03,Follow Up Call,Initial Consultation,Rescheduled,Alex Morgan,Morgan Reed,Organic,1,,
book_c0c4b3e27198,lead_b8b9f4b428f7,2026-04-18T07:32:13,2026-04-21T09:32:13,Strategic Consultation,Initial Consultation,Cancelled,Jordan Lee,Morgan Reed,Google Ads,0,Scheduling conflict,
book_22d3524fe070,lead_7effb0501265,2026-03-24T10:27:48,2026-04-04T12:27:48,Follow Up Call,Initial Consultation,Showed,Alex Morgan,Casey Bennett,Webinar,0,,
book_4caef255bc9f,lead_352082a9c70f,2026-04-08T02:36:27,2026-04-19T10:36:27,Investment Consultation,Initial Consultation,Showed,Taylor Brooks,Morgan Reed,Webinar,0,,
book_6546e68b71a4,lead_2ff91a0caaa6,2026-02-12T05:09:12,2026-02-20T11:09:12,Follow Up Call,Initial Consultation,Showed,Taylor Brooks,Casey Bennett,Google Ads,0,,
book_fb0cc789bf2f,lead_2439a99da51b,2026-01-17T19:18:38,2026-01-23T01:18:38,Follow Up Call,Initial Consultation,Cancelled,Jordan Lee,Riley Carter,Meta Ads,0,Scheduling conflict,
book_6eccd6c8a0ac,lead_1c8e032cc310,2026-03-18T13:20:57,2026-03-27T20:20:57,Investment Consultation,Initial Consultation,Showed,Alex Morgan,Casey Bennett,Webinar,0,,
book_1382f1efc287,lead_b2aa1130278b,2026-01-30T10:18:01,2026-02-09T13:18:01,Follow Up Call,Initial Consultation,Showed,Taylor Brooks,Casey Bennett,Meta Ads,0,,
book_350ba3bcaa5b,lead_c59e87c6349c,2026-02-12T04:25:56,2026-02-23T07:25:56,Follow Up Call,Initial Consultation,Showed,Taylor Brooks,Morgan Reed,Webinar,0,,
book_169066f28787,lead_e27ebe01fa6f,2026-05-02T20:20:31,2026-05-10T02:20:31,Follow Up Call,Initial Consultation,No Show,Alex Morgan,Riley Carter,Meta Ads,0,,Work conflict
book_e882dfc0bf49,lead_0229fead6601,2026-06-16T01:02:15,2026-06-19T05:02:15,Follow Up Call,Initial Consultation,Cancelled,Taylor Brooks,Morgan Reed,Webinar,0,Not ready,
book_f5be35006bf8,lead_caab0d0b1f19,2026-01-29T02:20:37,2026-02-08T06:20:37,Investment Consultation,Initial Consultation,Showed,Jordan Lee,Casey Bennett,Meta Ads,0,,
book_f47a435da036,lead_a929ffbfb140,2026-04-07T02:27:04,2026-04-14T05:27:04,Follow Up Call,Follow Up,Rescheduled,Taylor Brooks,Riley Carter,Google Ads,1,,
book_3286a3faad7a,lead_c31936df2239,2026-05-08T10:32:58,2026-05-19T15:32:58,Strategic Consultation,Initial Consultation,Showed,Alex Morgan,Riley Carter,Organic,0,,
book_ba3ff82c2f5e,lead_a30af5391807,2026-05-11T15:25:20,2026-05-18T17:25:20,Strategic Consultation,Follow Up,Rescheduled,Taylor Brooks,Riley Carter,Google Ads,1,,
book_7c911e85b380,lead_337928ad2a5d,2026-01-29T12:45:29,2026-02-04T20:45:29,Follow Up Call,Initial Consultation,Showed,Taylor Brooks,Riley Carter,Meta Ads,0,,
book_ec4ece02d894,lead_93871201145c,2026-05-26T18:45:05,2026-05-29T02:45:05,Strategic Consultation,Initial Consultation,Showed,Alex Morgan,Morgan Reed,Referral,0,,
book_b3b0d9e50310,lead_db4d7bf9570d,2026-05-08T04:24:47,2026-05-12T04:24:47,Follow Up Call,Initial Consultation,Showed,Alex Morgan,Morgan Reed,Meta Ads,0,,
book_a6fe8d18373e,lead_0bfa18c547d5,2026-06-19T01:37:19,2026-06-27T08:37:19,Investment Consultation,Initial Consultation,Showed,Jordan Lee,Riley Carter,Google Ads,0,,
book_a7005a8498d8,lead_69dbaaac216a,2026-04-30T15:51:09,2026-05-04T21:51:09,Strategic Consultation,Initial Consultation,Showed,Taylor Brooks,Riley Carter,Google Ads,0,,
book_4b9b374ced16,lead_6b27a99b8118,2026-04-10T14:41:02,2026-04-14T15:41:02,Investment Consultation,Initial Consultation,Showed,Taylor Brooks,Morgan Reed,Meta Ads,0,,
book_44a5d751683e,lead_cb9754b9ba9f,2026-03-14T18:43:58,2026-03-22T23:43:58,Follow Up Call,Initial Consultation,Showed,Taylor Brooks,Riley Carter,Webinar,0,,
book_31c1a3d915ac,lead_20496c06bf66,2026-05-26T17:12:00,2026-05-27T22:12:00,Strategic Consultation,Initial Consultation,Showed,Taylor Brooks,Morgan Reed,Webinar,0,,
book_04cee21b0e6c,lead_1b47c34e2eee,2026-02-04T04:50:36,2026-02-12T12:50:36,Follow Up Call,Initial Consultation,Showed,Alex Morgan,Morgan Reed,Referral,0,,
book_faacd90ef98a,lead_717708666270,2026-05-01T07:48:48,2026-05-04T10:48:48,Strategic Consultation,Initial Consultation,Rescheduled,Jordan Lee,Riley Carter,Meta Ads,1,,
book_2ba186ea0b57,lead_f71525e48713,2026-05-21T01:44:24,2026-05-30T07:44:24,Strategic Consultation,Follow Up,Showed,Alex Morgan,Riley Carter,Referral,0,,
book_e6feef7829b4,lead_c7f0468b032f,2026-06-29T10:47:38,2026-07-02T17:47:38,Follow Up Call,Follow Up,No Show,Taylor Brooks,Riley Carter,Organic,0,,Work conflict
book_2233bd53832e,lead_664335c64e6f,2026-06-02T10:07:08,2026-06-14T14:07:08,Investment Consultation,Initial Consultation,Showed,Taylor Brooks,Morgan Reed,Webinar,0,,
book_e966c6a86459,lead_c347c98073a1,2026-03-22T13:36:39,2026-04-03T19:36:39,Investment Consultation,Follow Up,Rescheduled,Alex Morgan,Riley Carter,Referral,1,,
book_75a148c88041,lead_93a8416bafd7,2026-02-26T00:28:59,2026-02-27T02:28:59,Follow Up Call,Initial Consultation,No Show,Taylor Brooks,Casey Bennett,Webinar,0,,Work conflict
book_3bfd2b1fcc77,lead_da02e7f3ecd4,2026-05-15T00:01:38,2026-05-18T01:01:38,Investment Consultation,Initial Consultation,No Show,Alex Morgan,Morgan Reed,Meta Ads,0,,Work conflict
book_38f0b3307dc4,lead_c234da08c2e2,2026-02-12T21:30:29,2026-02-14T05:30:29,Follow Up Call,Initial Consultation,Showed,Alex Morgan,Riley Carter,Webinar,0,,
book_c62f6dc25a46,lead_6872037fa8bd,2026-04-07T22:23:07,2026-04-17T06:23:07,Strategic Consultation,Initial Consultation,Showed,Taylor Brooks,Casey Bennett,Webinar,0,,
book_f4a9544b05e0,lead_0047cfb90b62,2026-03-29T09:35:31,2026-04-01T14:35:31,Strategic Consultation,Initial Consultation,No Show,Jordan Lee,Riley Carter,Webinar,0,,Forgot appointment
book_c793a33d17ef,lead_8f83b54f8f18,2026-04-24T06:24:00,2026-04-27T14:24:00,Follow Up Call,Initial Consultation,Cancelled,Taylor Brooks,Morgan Reed,Direct,0,Scheduling conflict,
book_f2a5f6315f4d,lead_c6f89d404568,2026-03-16T19:43:10,2026-03-27T19:43:10,Investment Consultation,Initial Consultation,No Show,Taylor Brooks,Morgan Reed,Google Ads,0,,No response
book_94eebe61652c,lead_a18f40139662,2026-03-24T10:19:26,2026-04-02T13:19:26,Strategic Consultation,Initial Consultation,Showed,Jordan Lee,Morgan Reed,Webinar,0,,
book_2c6d36fed2df,lead_395eb5c05c29,2026-03-23T08:06:43,2026-03-31T14:06:43,Investment Consultation,Initial Consultation,Showed,Alex Morgan,Morgan Reed,Organic,0,,
book_11e65d7177bf,lead_0ed4a28454a5,2026-05-26T11:37:37,2026-06-01T18:37:37,Strategic Consultation,Initial Consultation,Showed,Jordan Lee,Morgan Reed,Webinar,0,,
book_0b3fbf9db3c7,lead_eb54bf5829f7,2026-04-13T11:29:49,2026-04-19T13:29:49,Follow Up Call,Initial Consultation,Showed,Taylor Brooks,Casey Bennett,Referral,0,,
book_da2ea4ee7273,lead_9235cbb7f22b,2026-04-14T00:39:58,2026-04-26T01:39:58,Follow Up Call,Follow Up,Showed,Jordan Lee,Casey Bennett,Referral,0,,
book_2dff2995999c,lead_57dcb80d3208,2026-06-13T09:27:56,2026-06-25T12:27:56,Investment Consultation,Initial Consultation,Cancelled,Alex Morgan,Casey Bennett,Webinar,0,Not ready,
book_c2501cf16be1,lead_b14a4c28f6cf,2026-02-26T12:09:25,2026-03-10T18:09:25,Follow Up Call,Initial Consultation,No Show,Jordan Lee,Casey Bennett,Referral,0,,No response
book_9eeaedadb582,lead_f58beeab8b49,2026-01-07T00:46:14,2026-01-11T08:46:14,Investment Consultation,Follow Up,Showed,Jordan Lee,Casey Bennett,Meta Ads,0,,
book_92023388fc2f,lead_64bc649d52bd,2026-04-04T13:49:36,2026-04-09T19:49:36,Follow Up Call,Initial Consultation,Showed,Jordan Lee,Casey Bennett,Referral,0,,
book_fb9f7db0c637,lead_f4f78ba4713a,2026-03-14T05:45:35,2026-03-24T10:45:35,Strategic Consultation,Initial Consultation,Showed,Jordan Lee,Morgan Reed,Referral,0,,
book_e3f956ac5b35,lead_f47ccb006d29,2026-02-21T05:34:44,2026-03-03T12:34:44,Follow Up Call,Initial Consultation,Showed,Jordan Lee,Riley Carter,Google Ads,0,,
book_70684dfdf14d,lead_99cd10d579ac,2026-04-06T11:48:39,2026-04-12T14:48:39,Follow Up Call,Follow Up,No Show,Taylor Brooks,Casey Bennett,Meta Ads,0,,Unknown
book_f4d76e526a2a,lead_4e5b6faaba00,2026-03-31T03:08:55,2026-04-03T11:08:55,Investment Consultation,Initial Consultation,Rescheduled,Taylor Brooks,Casey Bennett,Meta Ads,1,,
book_cbb596ba75ab,lead_a4790f2f0e26,2026-04-09T16:43:49,2026-04-16T16:43:49,Investment Consultation,Initial Consultation,Showed,Jordan Lee,Casey Bennett,Meta Ads,0,,
book_9dbd255e0ebf,lead_41e3449b6540,2026-01-25T05:48:00,2026-02-04T12:48:00,Follow Up Call,Follow Up,Showed,Alex Morgan,Morgan Reed,Google Ads,0,,
book_08dc43857b90,lead_6d6dfaeab56d,2026-02-09T01:01:58,2026-02-10T01:01:58,Strategic Consultation,Follow Up,Showed,Alex Morgan,Riley Carter,Webinar,0,,
book_9b72265a1bf3,lead_8eb40dfe7927,2026-04-21T15:38:31,2026-05-02T16:38:31,Investment Consultation,Initial Consultation,No Show,Alex Morgan,Riley Carter,Referral,0,,Work conflict
book_0257db3e39a6,lead_416153cf65fc,2026-01-03T03:13:46,2026-01-14T05:13:46,Follow Up Call,Initial Consultation,No Show,Alex Morgan,Casey Bennett,Organic,0,,Work conflict
book_5aded4c47a04,lead_e1596f0cb6a8,2026-04-27T17:01:42,2026-04-28T23:01:42,Investment Consultation,Initial Consultation,Rescheduled,Taylor Brooks,Riley Carter,Organic,1,,
book_ee9a0738e5ac,lead_2f8286d9f73d,2026-01-13T18:48:16,2026-01-14T20:48:16,Investment Consultation,Initial Consultation,No Show,Jordan Lee,Riley Carter,Referral,0,,No response
book_0a6bce24909b,lead_a6f2bc260c6a,2026-02-17T17:14:12,2026-02-27T18:14:12,Strategic Consultation,Initial Consultation,Showed,Jordan Lee,Casey Bennett,Organic,0,,
book_692570ba08c1,lead_0b3986e3df0a,2026-01-23T21:20:37,2026-01-24T22:20:37,Investment Consultation,Initial Consultation,Showed,Jordan Lee,Casey Bennett,Referral,0,,
book_153b8c01adc9,lead_7562d65fbcd8,2026-05-27T22:22:30,2026-05-29T02:22:30,Strategic Consultation,Initial Consultation,Showed,Taylor Brooks,Riley Carter,Meta Ads,0,,
book_d836f6392820,lead_2ba19b45e670,2026-03-15T05:10:51,2026-03-26T07:10:51,Follow Up Call,Initial Consultation,Showed,Taylor Brooks,Morgan Reed,Direct,0,,
book_1edace61b33b,lead_314d937951d2,2026-01-04T05:35:24,2026-01-07T06:35:24,Investment Consultation,Initial Consultation,Showed,Jordan Lee,Riley Carter,Meta Ads,0,,
book_59503f243d49,lead_c8f6b43346b7,2026-02-10T13:05:32,2026-02-11T18:05:32,Follow Up Call,Initial Consultation,Rescheduled,Taylor Brooks,Riley Carter,Organic,1,,
book_d07d42a8b427,lead_3bccd7dd76d4,2026-06-30T04:46:24,2026-07-12T09:46:24,Follow Up Call,Initial Consultation,Rescheduled,Jordan Lee,Casey Bennett,Meta Ads,1,,
book_2d6cb03e2d60,lead_0387e0b184d2,2026-03-17T10:45:51,2026-03-29T15:45:51,Follow Up Call,Initial Consultation,Showed,Taylor Brooks,Riley Carter,Meta Ads,0,,
book_9916fb0b10f9,lead_2c2bac48360a,2026-06-20T02:07:59,2026-06-22T04:07:59,Strategic Consultation,Follow Up,Showed,Taylor Brooks,Riley Carter,Referral,0,,
book_7f63adc7f2c9,lead_7c8aba856743,2026-04-28T18:15:17,2026-05-03T19:15:17,Investment Consultation,Initial Consultation,No Show,Taylor Brooks,Morgan Reed,Webinar,0,,Forgot appointment
book_0c70f2c7cc3d,lead_cad123639f3b,2026-05-19T23:17:58,2026-05-26T01:17:58,Follow Up Call,Initial Consultation,Showed,Jordan Lee,Casey Bennett,Organic,0,,
book_224f2e272a65,lead_97579c076c98,2026-02-07T21:17:21,2026-02-15T22:17:21,Follow Up Call,Initial Consultation,Showed,Alex Morgan,Casey Bennett,Organic,0,,
book_c8e7c67e3668,lead_75a5b5e9afd4,2026-05-25T21:11:45,2026-05-31T05:11:45,Strategic Consultation,Initial Consultation,No Show,Alex Morgan,Morgan Reed,Email Campaign,0,,No response
book_2cf6fee6a3be,lead_8e03435e9c0c,2026-03-20T16:05:57,2026-03-24T20:05:57,Investment Consultation,Initial Consultation,Showed,Jordan Lee,Riley Carter,Webinar,0,,
book_f06f0e2322af,lead_38c27c96ce94,2026-01-25T16:44:49,2026-02-04T21:44:49,Strategic Consultation,Initial Consultation,Showed,Alex Morgan,Riley Carter,Webinar,0,,
book_a59ffa0b71aa,lead_acf501392cd2,2026-01-03T02:59:52,2026-01-11T08:59:52,Investment Consultation,Initial Consultation,Showed,Alex Morgan,Casey Bennett,Webinar,0,,
book_67f9ae1d19f5,lead_2de391344fc5,2026-01-10T15:51:41,2026-01-22T21:51:41,Investment Consultation,Initial Consultation,Showed,Taylor Brooks,Casey Bennett,Webinar,0,,
book_85c49117d540,lead_66f35b004ec1,2026-06-09T08:44:38,2026-06-18T09:44:38,Strategic Consultation,Initial Consultation,Cancelled,Taylor Brooks,Morgan Reed,Google Ads,0,Financial concern,
book_76e73a48a62e,lead_bbdbbfe224fe,2026-04-06T21:03:58,2026-04-18T21:03:58,Investment Consultation,Initial Consultation,Showed,Taylor Brooks,Casey Bennett,Organic,0,,
book_d10bcbbf38d3,lead_79e385cbffe5,2026-04-12T05:36:16,2026-04-20T08:36:16,Investment Consultation,Initial Consultation,Showed,Alex Morgan,Riley Carter,Email Campaign,0,,
book_42113f202bda,lead_a882dbf16f65,2026-01-25T09:27:03,2026-01-28T10:27:03,Investment Consultation,Initial Consultation,No Show,Jordan Lee,Riley Carter,Meta Ads,0,,No response
book_55c664f0bcdf,lead_e0893c6c3f88,2026-03-16T07:37:55,2026-03-24T07:37:55,Follow Up Call,Initial Consultation,Showed,Alex Morgan,Riley Carter,Webinar,0,,
book_ee78ae16be97,lead_66c4da594ec3,2026-04-27T17:23:42,2026-05-07T23:23:42,Strategic Consultation,Follow Up,Showed,Jordan Lee,Riley Carter,Organic,0,,
book_3a11b5cac7a2,lead_b3260dc63f37,2026-02-08T22:55:02,2026-02-18T23:55:02,Investment Consultation,Initial Consultation,Showed,Taylor Brooks,Riley Carter,Webinar,0,,
book_ed96df1d5f57,lead_d7e80811f8b7,2026-05-23T05:18:38,2026-05-30T11:18:38,Strategic Consultation,Follow Up,Showed,Taylor Brooks,Riley Carter,Direct,0,,
book_f8f616d99d72,lead_718b89a1c8ad,2026-01-21T09:59:38,2026-01-23T09:59:38,Strategic Consultation,Initial Consultation,Showed,Taylor Brooks,Casey Bennett,Organic,0,,
book_7f97a3799370,lead_e2c5d93f0217,2026-05-06T11:56:38,2026-05-07T11:56:38,Follow Up Call,Initial Consultation,No Show,Alex Morgan,Casey Bennett,Meta Ads,0,,Work conflict
book_5a6950506c50,lead_932733e15b7d,2026-04-11T02:21:01,2026-04-21T10:21:01,Follow Up Call,Initial Consultation,Showed,Taylor Brooks,Morgan Reed,Organic,0,,
book_797d4c01f0ad,lead_2b456a98ae76,2026-05-12T11:31:48,2026-05-23T14:31:48,Investment Consultation,Initial Consultation,Showed,Taylor Brooks,Riley Carter,Referral,0,,
book_45e693dcbab7,lead_7680aa53bd67,2026-03-04T04:24:01,2026-03-11T12:24:01,Strategic Consultation,Follow Up,No Show,Alex Morgan,Riley Carter,Webinar,0,,No response
book_dbf7bb9235d3,lead_66b145596278,2026-06-25T01:23:18,2026-06-30T01:23:18,Follow Up Call,Initial Consultation,Showed,Taylor Brooks,Morgan Reed,Meta Ads,0,,
book_cc1ba3927d7e,lead_b428dcb2a701,2026-03-30T23:02:49,2026-04-06T05:02:49,Follow Up Call,Initial Consultation,Showed,Taylor Brooks,Riley Carter,Webinar,0,,
book_2bed0de53c7f,lead_d09f12aadced,2026-06-15T06:04:24,2026-06-25T13:04:24,Follow Up Call,Initial Consultation,No Show,Alex Morgan,Casey Bennett,Organic,0,,No response
book_5f9aea27b391,lead_9f9eccfbc8d2,2026-01-03T14:59:48,2026-01-14T16:59:48,Strategic Consultation,Initial Consultation,Showed,Jordan Lee,Morgan Reed,Webinar,0,,
book_2562e3d85ef2,lead_4b94fd90fc4d,2026-01-27T17:25:05,2026-01-28T19:25:05,Follow Up Call,Initial Consultation,No Show,Taylor Brooks,Morgan Reed,Meta Ads,0,,No response
book_182b8c17f00d,lead_23c01e138d35,2026-02-24T02:08:16,2026-02-26T09:08:16,Follow Up Call,Initial Consultation,Rescheduled,Alex Morgan,Riley Carter,Meta Ads,1,,
book_2f32ce61fdce,lead_428b6a903358,2026-05-18T17:02:14,2026-05-26T22:02:14,Follow Up Call,Follow Up,Showed,Alex Morgan,Riley Carter,Meta Ads,0,,
book_2b769fa7fcae,lead_e7082e563af7,2026-03-31T14:44:18,2026-04-09T16:44:18,Investment Consultation,Initial Consultation,Showed,Taylor Brooks,Riley Carter,Referral,0,,
book_b3df2a617dea,lead_760e852acaff,2026-04-14T16:09:12,2026-04-20T23:09:12,Investment Consultation,Initial Consultation,No Show,Alex Morgan,Casey Bennett,Organic,0,,Forgot appointment
book_a7b149e87c22,lead_c03dd99174b6,2026-06-13T19:15:14,2026-06-15T20:15:14,Follow Up Call,Initial Consultation,Rescheduled,Alex Morgan,Riley Carter,Organic,2,,
book_3b492c3be987,lead_d92020d5dbc4,2026-01-21T06:32:38,2026-01-30T14:32:38,Follow Up Call,Initial Consultation,Showed,Taylor Brooks,Morgan Reed,Meta Ads,0,,
book_dc1cf6d40b50,lead_5315c1de7592,2026-01-05T03:46:00,2026-01-15T09:46:00,Strategic Consultation,Initial Consultation,Showed,Taylor Brooks,Morgan Reed,Meta Ads,0,,
book_63bcc43a7499,lead_d4309e1ba50d,2026-04-17T12:12:56,2026-04-28T20:12:56,Strategic Consultation,Initial Consultation,Showed,Taylor Brooks,Casey Bennett,Webinar,0,,
book_8b3a0e61c695,lead_ab1fbac3103a,2026-05-15T01:53:18,2026-05-27T05:53:18,Strategic Consultation,Initial Consultation,No Show,Taylor Brooks,Morgan Reed,Referral,0,,Unknown
book_91d59801177e,lead_b592781dac05,2026-05-16T08:55:58,2026-05-17T10:55:58,Investment Consultation,Initial Consultation,Showed,Jordan Lee,Morgan Reed,Google Ads,0,,
book_bf6bcdc4ca3d,lead_d35aad1f6662,2026-03-09T04:20:38,2026-03-19T07:20:38,Strategic Consultation,Initial Consultation,No Show,Alex Morgan,Casey Bennett,Webinar,0,,Unknown
book_b1b95012741d,lead_88e8f1909c12,2026-04-21T07:55:01,2026-05-01T10:55:01,Strategic Consultation,Initial Consultation,Showed,Taylor Brooks,Morgan Reed,Meta Ads,0,,
book_54cd6057e5ff,lead_9ba35d378b0a,2026-02-17T22:32:11,2026-02-25T05:32:11,Follow Up Call,Initial Consultation,Showed,Alex Morgan,Riley Carter,Organic,0,,
book_e3abc041d362,lead_9feb803da574,2026-05-15T18:39:02,2026-05-17T21:39:02,Follow Up Call,Follow Up,Rescheduled,Alex Morgan,Riley Carter,Meta Ads,1,,
book_a004323d2e0b,lead_442fb785aafb,2026-01-10T08:24:26,2026-01-14T14:24:26,Investment Consultation,Initial Consultation,Showed,Taylor Brooks,Morgan Reed,Meta Ads,0,,
book_e538b6d09fe5,lead_645a5ed1b369,2026-03-24T10:42:25,2026-03-28T10:42:25,Follow Up Call,Initial Consultation,Rescheduled,Jordan Lee,Morgan Reed,Google Ads,1,,
book_35cad38b05b2,lead_fe7eb3c3fbc1,2026-04-03T10:22:52,2026-04-10T11:22:52,Follow Up Call,Initial Consultation,Showed,Jordan Lee,Morgan Reed,Organic,0,,
book_36fdca1586c3,lead_a9ed9ed6c645,2026-06-23T21:50:37,2026-07-04T05:50:37,Follow Up Call,Initial Consultation,Showed,Jordan Lee,Casey Bennett,Email Campaign,0,,
book_8b9565e7269c,lead_1c44dda80f41,2026-01-18T10:00:17,2026-01-26T14:00:17,Investment Consultation,Initial Consultation,Showed,Alex Morgan,Casey Bennett,Webinar,0,,
book_8046e72730d6,lead_0673f359120e,2026-04-24T19:45:52,2026-05-07T03:45:52,Follow Up Call,Initial Consultation,Showed,Jordan Lee,Morgan Reed,Meta Ads,0,,
book_6204c4c229a0,lead_dbc957e837ca,2026-04-01T21:19:28,2026-04-12T01:19:28,Investment Consultation,Initial Consultation,Rescheduled,Taylor Brooks,Riley Carter,Email Campaign,1,,
book_767246bc4c7d,lead_e6e2d81627dd,2026-05-07T17:16:31,2026-05-09T00:16:31,Follow Up Call,Follow Up,Rescheduled,Jordan Lee,Riley Carter,Direct,1,,
book_82697bedf4af,lead_9ffe269cbb64,2026-03-02T11:29:01,2026-03-04T18:29:01,Follow Up Call,Initial Consultation,Showed,Alex Morgan,Casey Bennett,Referral,0,,
book_15b8141b10fe,lead_0b221617079f,2026-01-13T22:37:31,2026-01-18T04:37:31,Strategic Consultation,Follow Up,Showed,Taylor Brooks,Riley Carter,Google Ads,0,,
book_c4c5049d5bca,lead_d83bdf79138f,2026-04-11T20:50:09,2026-04-18T01:50:09,Strategic Consultation,Initial Consultation,Showed,Jordan Lee,Riley Carter,Referral,0,,
book_234bb5b7d1c3,lead_d0e5c5235585,2026-06-28T03:01:10,2026-07-01T07:01:10,Follow Up Call,Initial Consultation,Showed,Alex Morgan,Riley Carter,Organic,0,,
book_7a4aabc3eb2f,lead_29b2db72c00c,2026-03-19T03:01:54,2026-03-26T07:01:54,Strategic Consultation,Initial Consultation,No Show,Jordan Lee,Casey Bennett,Webinar,0,,Unknown
book_6922776df6e4,lead_4cd7c7177acd,2026-06-22T06:17:29,2026-06-27T08:17:29,Strategic Consultation,Initial Consultation,Showed,Taylor Brooks,Casey Bennett,Meta Ads,0,,
book_87d8e97d5a38,lead_8d27447903ca,2026-02-11T06:22:27,2026-02-16T11:22:27,Follow Up Call,Initial Consultation,Cancelled,Jordan Lee,Riley Carter,Webinar,0,Not ready,
book_6c54fab074ab,lead_1e2345746479,2026-06-12T19:32:56,2026-06-17T00:32:56,Strategic Consultation,Follow Up,Showed,Taylor Brooks,Riley Carter,Organic,0,,
book_d7cdec77a5dd,lead_6fa5afa4a509,2026-05-08T14:20:11,2026-05-14T18:20:11,Strategic Consultation,Initial Consultation,Showed,Jordan Lee,Casey Bennett,Meta Ads,0,,
book_ca0ba0234b5f,lead_5d72a26aa20f,2026-05-16T02:58:59,2026-05-17T08:58:59,Investment Consultation,Initial Consultation,Showed,Taylor Brooks,Riley Carter,Webinar,0,,
book_af95a8c3e413,lead_f0d0b5c06db6,2026-03-13T23:29:13,2026-03-21T06:29:13,Strategic Consultation,Initial Consultation,Showed,Jordan Lee,Casey Bennett,Webinar,0,,
book_7aa39d3ffb8d,lead_1eadbe958ac7,2026-01-12T06:24:40,2026-01-22T07:24:40,Investment Consultation,Initial Consultation,Showed,Taylor Brooks,Morgan Reed,Referral,0,,
book_0028b98743b4,lead_5e2b90026c4f,2026-05-30T01:35:38,2026-06-01T06:35:38,Follow Up Call,Initial Consultation,Rescheduled,Alex Morgan,Riley Carter,Organic,1,,
book_22fb4153b369,lead_5ca0a2d6df08,2026-03-14T12:39:19,2026-03-16T19:39:19,Strategic Consultation,Initial Consultation,Showed,Alex Morgan,Morgan Reed,Meta Ads,0,,
book_0beeb16af758,lead_89390da02697,2026-03-10T01:49:32,2026-03-13T06:49:32,Investment Consultation,Follow Up,Showed,Alex Morgan,Casey Bennett,Email Campaign,0,,
book_f09f22494bb9,lead_b3f3523ec972,2026-02-04T05:12:36,2026-02-16T11:12:36,Follow Up Call,Initial Consultation,No Show,Alex Morgan,Morgan Reed,Webinar,0,,Forgot appointment
book_8561adc21305,lead_1f8a89632eee,2026-01-29T06:49:33,2026-02-01T06:49:33,Strategic Consultation,Initial Consultation,Showed,Alex Morgan,Morgan Reed,Meta Ads,0,,
book_1deb32ad985b,lead_36bff22f3b3e,2026-07-01T11:19:01,2026-07-12T13:19:01,Strategic Consultation,Follow Up,Showed,Taylor Brooks,Casey Bennett,Direct,0,,
book_cb547d71e510,lead_73c124f35153,2026-03-28T02:41:28,2026-03-30T10:41:28,Follow Up Call,Initial Consultation,No Show,Alex Morgan,Casey Bennett,Google Ads,0,,Forgot appointment
book_056ffa1fa346,lead_6a4b1563a0b6,2026-02-13T03:28:21,2026-02-14T03:28:21,Strategic Consultation,Initial Consultation,No Show,Alex Morgan,Casey Bennett,Direct,0,,Unknown
book_5cc8c823e033,lead_e6572a6e566a,2026-02-05T06:18:09,2026-02-07T08:18:09,Follow Up Call,Follow Up,Rescheduled,Jordan Lee,Riley Carter,Email Campaign,1,,
book_c44363cef591,lead_88c5e126f706,2026-01-09T01:27:15,2026-01-20T03:27:15,Investment Consultation,Initial Consultation,Showed,Jordan Lee,Riley Carter,Google Ads,0,,
book_32ed3eeeb0eb,lead_734d02f345a7,2026-05-07T04:49:05,2026-05-09T10:49:05,Strategic Consultation,Initial Consultation,Rescheduled,Taylor Brooks,Morgan Reed,Meta Ads,1,,
book_d41d85e65db9,lead_1ea392297439,2026-04-22T14:53:07,2026-04-28T22:53:07,Investment Consultation,Initial Consultation,Showed,Jordan Lee,Morgan Reed,Organic,0,,
book_fdac4add9459,lead_4fa18a841285,2026-02-04T02:30:20,2026-02-05T02:30:20,Follow Up Call,Initial Consultation,Cancelled,Jordan Lee,Morgan Reed,Webinar,0,Scheduling conflict,
book_73ad5727a1ce,lead_b2b9fa7af0bd,2026-05-12T06:11:56,2026-05-18T08:11:56,Strategic Consultation,Follow Up,Showed,Jordan Lee,Casey Bennett,Webinar,0,,
book_3c865ea93665,lead_c8954b6706bd,2026-04-25T10:54:04,2026-04-26T18:54:04,Follow Up Call,Follow Up,Showed,Taylor Brooks,Casey Bennett,Referral,0,,
book_1e10021c4cb1,lead_ba4fe0176364,2026-02-19T12:30:59,2026-02-23T13:30:59,Strategic Consultation,Follow Up,Showed,Taylor Brooks,Casey Bennett,Meta Ads,0,,
book_5e6e1e14722e,lead_2a323ecf0900,2026-05-11T02:34:40,2026-05-21T08:34:40,Follow Up Call,Initial Consultation,Cancelled,Alex Morgan,Riley Carter,Webinar,0,Not ready,
book_b9d5fae9c973,lead_7d2046291f89,2026-01-31T13:59:01,2026-02-11T15:59:01,Investment Consultation,Initial Consultation,Showed,Jordan Lee,Casey Bennett,Email Campaign,0,,
book_346b39cae358,lead_95f3c1ac3d79,2026-04-08T09:32:11,2026-04-20T13:32:11,Investment Consultation,Follow Up,Showed,Alex Morgan,Casey Bennett,Google Ads,0,,
book_8fd971992b69,lead_198bab487ca3,2026-03-13T19:24:38,2026-03-17T20:24:38,Investment Consultation,Follow Up,Showed,Alex Morgan,Casey Bennett,Meta Ads,0,,
book_4c68f6ff6316,lead_7bbb2d8a02da,2026-04-27T08:52:31,2026-04-30T10:52:31,Investment Consultation,Initial Consultation,Showed,Alex Morgan,Morgan Reed,Meta Ads,0,,
book_5b5d83a90059,lead_96836efc3da1,2026-02-11T11:30:14,2026-02-18T18:30:14,Investment Consultation,Initial Consultation,Showed,Alex Morgan,Morgan Reed,Webinar,0,,
book_9d61e1661d5e,lead_d3122749cf36,2026-04-30T07:55:58,2026-05-12T13:55:58,Follow Up Call,Initial Consultation,Showed,Jordan Lee,Morgan Reed,Google Ads,0,,
book_b735d763d803,lead_5ddcb1efc7d8,2026-07-03T13:33:16,2026-07-04T20:33:16,Follow Up Call,Initial Consultation,Showed,Alex Morgan,Morgan Reed,Meta Ads,0,,
book_af197357caeb,lead_5f46313c9068,2026-04-01T00:39:53,2026-04-13T00:39:53,Strategic Consultation,Follow Up,Showed,Taylor Brooks,Morgan Reed,Google Ads,0,,
book_7b7fad92900e,lead_3d0227f62f21,2026-02-11T03:48:04,2026-02-17T09:48:04,Investment Consultation,Initial Consultation,Showed,Alex Morgan,Riley Carter,Meta Ads,0,,
book_e07892e37f25,lead_49d350fb2b8f,2026-03-25T07:59:11,2026-04-05T13:59:11,Investment Consultation,Initial Consultation,Showed,Jordan Lee,Riley Carter,Organic,0,,
book_b3447677a72b,lead_37e271f263fc,2026-03-30T16:06:07,2026-04-11T17:06:07,Investment Consultation,Follow Up,Showed,Taylor Brooks,Riley Carter,Webinar,0,,
book_809f643fc71f,lead_8d31d61a86b3,2026-05-10T23:15:12,2026-05-20T04:15:12,Follow Up Call,Initial Consultation,Showed,Jordan Lee,Riley Carter,Meta Ads,0,,
book_65fed7da1882,lead_5efe9268ca43,2026-04-19T22:15:58,2026-04-21T06:15:58,Strategic Consultation,Initial Consultation,Showed,Jordan Lee,Casey Bennett,Webinar,0,,
book_e863f7705131,lead_2ea25bfc1101,2026-03-26T11:13:06,2026-03-29T17:13:06,Investment Consultation,Initial Consultation,Showed,Jordan Lee,Riley Carter,Meta Ads,0,,
book_e3110b55c093,lead_5c3dab5847d5,2026-04-20T18:19:10,2026-04-30T19:19:10,Strategic Consultation,Initial Consultation,Showed,Taylor Brooks,Morgan Reed,Meta Ads,0,,
book_33609ca4a34d,lead_630a27d2379c,2026-06-20T14:35:26,2026-06-23T14:35:26,Strategic Consultation,Follow Up,Rescheduled,Taylor Brooks,Morgan Reed,Direct,1,,
book_f86d538ccd31,lead_ee69c7b06a06,2026-04-05T06:43:55,2026-04-10T07:43:55,Investment Consultation,Initial Consultation,Showed,Jordan Lee,Riley Carter,Webinar,0,,
book_f1b131a833d5,lead_4037d1c8467f,2026-06-14T13:07:15,2026-06-22T17:07:15,Strategic Consultation,Initial Consultation,No Show,Jordan Lee,Casey Bennett,Webinar,0,,Forgot appointment
book_6b0a077134f1,lead_e7b395061fb5,2026-03-01T19:07:13,2026-03-06T20:07:13,Follow Up Call,Initial Consultation,Showed,Alex Morgan,Morgan Reed,Webinar,0,,
book_5640c98f26c4,lead_8cd455748257,2026-03-12T20:32:42,2026-03-15T22:32:42,Strategic Consultation,Initial Consultation,Showed,Taylor Brooks,Morgan Reed,Google Ads,0,,
book_0d52ca2de6c8,lead_23e638839f6d,2026-03-23T11:47:04,2026-03-25T19:47:04,Strategic Consultation,Initial Consultation,Showed,Jordan Lee,Casey Bennett,Webinar,0,,
book_b82b73684e2d,lead_22b8480ccfa9,2026-02-01T22:12:34,2026-02-11T00:12:34,Follow Up Call,Initial Consultation,Showed,Alex Morgan,Morgan Reed,Referral,0,,
book_2ef3511a3d7a,lead_f59ff5739ea2,2026-03-23T17:08:15,2026-03-25T23:08:15,Follow Up Call,Follow Up,Showed,Taylor Brooks,Riley Carter,Direct,0,,
book_ea08120f6fd1,lead_1c74e755eddd,2026-01-18T03:35:39,2026-01-23T10:35:39,Follow Up Call,Initial Consultation,Cancelled,Jordan Lee,Riley Carter,Webinar,0,Not ready,
book_8023a0d960c8,lead_900f8156e5f5,2026-02-23T05:05:10,2026-03-04T13:05:10,Follow Up Call,Initial Consultation,Showed,Alex Morgan,Morgan Reed,Webinar,0,,
book_647d9df09d45,lead_d2b2043c7608,2026-06-08T18:55:41,2026-06-11T00:55:41,Investment Consultation,Initial Consultation,Cancelled,Taylor Brooks,Riley Carter,Meta Ads,0,Financial concern,
book_9da86a523fee,lead_ad3ba9ab9345,2026-03-12T00:54:21,2026-03-21T00:54:21,Follow Up Call,Initial Consultation,Showed,Taylor Brooks,Riley Carter,Organic,0,,
book_e9996759596e,lead_00d55fab8e77,2026-04-12T22:22:19,2026-04-20T23:22:19,Strategic Consultation,Initial Consultation,Cancelled,Taylor Brooks,Riley Carter,Referral,0,Scheduling conflict,
book_f23753025ac1,lead_b8331b427ef4,2026-03-30T11:26:10,2026-04-11T16:26:10,Strategic Consultation,Initial Consultation,Showed,Jordan Lee,Casey Bennett,Meta Ads,0,,
book_ff370dd42a3a,lead_4e6ed54bbdc7,2026-04-25T10:06:40,2026-05-03T11:06:40,Follow Up Call,Initial Consultation,No Show,Jordan Lee,Casey Bennett,Google Ads,0,,Work conflict
book_5532ef10e84e,lead_46e39b1a1302,2026-03-01T02:40:23,2026-03-11T06:40:23,Strategic Consultation,Initial Consultation,Showed,Alex Morgan,Casey Bennett,Meta Ads,0,,
book_1de2bd6b01d5,lead_a20bf01c4c63,2026-05-30T04:19:00,2026-06-06T09:19:00,Strategic Consultation,Initial Consultation,Showed,Jordan Lee,Casey Bennett,Webinar,0,,
book_69b5eb7e42df,lead_cac834e03564,2026-02-15T17:17:49,2026-02-26T01:17:49,Investment Consultation,Initial Consultation,No Show,Alex Morgan,Riley Carter,Referral,0,,Unknown
book_29c8c00c1089,lead_2885fdbbb2d0,2026-04-20T08:33:22,2026-04-21T12:33:22,Investment Consultation,Initial Consultation,Showed,Taylor Brooks,Morgan Reed,Organic,0,,
book_740467a19411,lead_39047a2a70bb,2026-06-03T19:48:12,2026-06-06T02:48:12,Follow Up Call,Initial Consultation,Rescheduled,Taylor Brooks,Riley Carter,Direct,1,,
book_54ef0a589eae,lead_e899a8a8cd1b,2026-03-02T10:40:52,2026-03-09T18:40:52,Strategic Consultation,Follow Up,Showed,Alex Morgan,Riley Carter,Webinar,0,,
book_684c9e8a1519,lead_5f81e22c0005,2026-01-19T00:11:28,2026-01-28T08:11:28,Strategic Consultation,Follow Up,Showed,Alex Morgan,Casey Bennett,Organic,0,,
book_9bbd2112ec62,lead_16d27db6bbf6,2026-06-09T12:06:39,2026-06-16T14:06:39,Strategic Consultation,Initial Consultation,Showed,Taylor Brooks,Casey Bennett,Google Ads,0,,
book_37dd2ddf1043,lead_cb3f5c96516f,2026-05-23T20:29:19,2026-06-01T01:29:19,Strategic Consultation,Follow Up,Showed,Jordan Lee,Morgan Reed,Referral,0,,
book_1014a156e879,lead_106973ec60b5,2026-06-22T16:37:11,2026-07-04T16:37:11,Follow Up Call,Follow Up,Showed,Taylor Brooks,Casey Bennett,Organic,0,,
book_d05542760a57,lead_ae2437ae039c,2026-01-03T14:26:33,2026-01-15T14:26:33,Follow Up Call,Initial Consultation,Showed,Jordan Lee,Riley Carter,Email Campaign,0,,
book_7e267465e28c,lead_55cb944b8487,2026-05-29T12:57:44,2026-05-31T19:57:44,Investment Consultation,Initial Consultation,No Show,Taylor Brooks,Riley Carter,Webinar,0,,Unknown
book_caea48eb4647,lead_61f7950d9e58,2026-06-12T08:47:29,2026-06-24T15:47:29,Follow Up Call,Initial Consultation,No Show,Alex Morgan,Riley Carter,Direct,0,,No response
book_7349485dabe2,lead_8fd42c9006a4,2026-03-31T23:47:12,2026-04-08T04:47:12,Strategic Consultation,Initial Consultation,Rescheduled,Jordan Lee,Morgan Reed,Direct,1,,
book_73a4bb2ccdc8,lead_3c6544d206a7,2026-05-29T06:55:52,2026-05-30T07:55:52,Strategic Consultation,Follow Up,No Show,Taylor Brooks,Casey Bennett,Meta Ads,0,,Forgot appointment
book_4b2f73f55bfd,lead_180d9873dee9,2026-01-16T01:52:09,2026-01-28T01:52:09,Investment Consultation,Initial Consultation,Showed,Alex Morgan,Morgan Reed,Referral,0,,
book_1a8b66f2ef2b,lead_cf20f2bba814,2026-06-01T04:25:26,2026-06-03T11:25:26,Investment Consultation,Initial Consultation,Showed,Taylor Brooks,Morgan Reed,Webinar,0,,
book_085d05779838,lead_004d83a0678b,2026-06-03T08:26:51,2026-06-14T09:26:51,Strategic Consultation,Initial Consultation,Showed,Jordan Lee,Riley Carter,Meta Ads,0,,
book_3a712189b316,lead_286b3aa001fd,2026-05-06T12:04:49,2026-05-18T12:04:49,Follow Up Call,Initial Consultation,Showed,Jordan Lee,Casey Bennett,Webinar,0,,
book_bb68d55654eb,lead_62cf1130d095,2026-03-26T19:43:58,2026-03-31T01:43:58,Follow Up Call,Initial Consultation,Showed,Jordan Lee,Casey Bennett,Meta Ads,0,,
book_f030600b9a8d,lead_960230a4b8fa,2026-04-13T05:44:59,2026-04-24T06:44:59,Follow Up Call,Initial Consultation,Rescheduled,Alex Morgan,Morgan Reed,Google Ads,1,,
book_1de708576f7b,lead_75f61b222c1c,2026-06-18T19:07:32,2026-06-24T22:07:32,Investment Consultation,Initial Consultation,Cancelled,Alex Morgan,Morgan Reed,Meta Ads,0,Financial concern,
book_8f7509cd85b3,lead_20cd8ced2842,2026-04-29T18:58:41,2026-05-07T18:58:41,Strategic Consultation,Initial Consultation,Showed,Taylor Brooks,Casey Bennett,Referral,0,,
book_010e77181e84,lead_95e2a756a022,2026-03-14T15:55:01,2026-03-26T22:55:01,Investment Consultation,Initial Consultation,Showed,Alex Morgan,Riley Carter,Google Ads,0,,
book_654f33faacba,lead_27f98b729244,2026-03-02T11:43:25,2026-03-13T14:43:25,Strategic Consultation,Initial Consultation,Showed,Jordan Lee,Riley Carter,Meta Ads,0,,
book_aaa500b70288,lead_d32596aaab16,2026-03-01T08:50:27,2026-03-09T15:50:27,Investment Consultation,Initial Consultation,Showed,Alex Morgan,Riley Carter,Meta Ads,0,,
book_5ddde24f56e5,lead_cb165c197c90,2026-06-16T06:28:23,2026-06-27T11:28:23,Strategic Consultation,Initial Consultation,No Show,Jordan Lee,Morgan Reed,Webinar,0,,No response
book_d3ab6a44e7ba,lead_25d8e4400877,2026-06-05T01:22:51,2026-06-08T07:22:51,Investment Consultation,Initial Consultation,Showed,Alex Morgan,Riley Carter,Webinar,0,,
book_dba954f260ce,lead_a017814c3401,2026-04-08T04:10:14,2026-04-19T06:10:14,Investment Consultation,Initial Consultation,No Show,Jordan Lee,Riley Carter,Google Ads,0,,Forgot appointment
book_1e9b8c56aa8a,lead_a73dc25c80c6,2026-05-20T12:25:12,2026-05-22T12:25:12,Follow Up Call,Initial Consultation,No Show,Taylor Brooks,Casey Bennett,Google Ads,0,,No response
book_bedcb7cc8879,lead_81795674d79b,2026-03-15T17:29:47,2026-03-24T21:29:47,Investment Consultation,Follow Up,Showed,Jordan Lee,Morgan Reed,Organic,0,,
book_5ce0dc8f83a3,lead_da840433f32a,2026-02-23T18:34:05,2026-03-03T01:34:05,Investment Consultation,Initial Consultation,Showed,Alex Morgan,Casey Bennett,Meta Ads,0,,
book_3f8714c6a902,lead_5f1e40d2d757,2026-06-04T12:21:06,2026-06-12T17:21:06,Strategic Consultation,Follow Up,No Show,Alex Morgan,Morgan Reed,Webinar,0,,Unknown
book_3fffa7c78ea4,lead_99129fb838c0,2026-06-10T18:52:26,2026-06-15T20:52:26,Investment Consultation,Follow Up,Showed,Alex Morgan,Riley Carter,Meta Ads,0,,
book_eb10a14983eb,lead_0f9eba8a1d5f,2026-02-12T19:30:08,2026-02-19T03:30:08,Strategic Consultation,Initial Consultation,Showed,Taylor Brooks,Morgan Reed,Webinar,0,,
book_99faf87707cd,lead_b0adb686896c,2026-03-25T09:26:45,2026-03-26T16:26:45,Strategic Consultation,Initial Consultation,Showed,Taylor Brooks,Riley Carter,Meta Ads,0,,
book_b7f644e689ef,lead_c29af2ef0476,2026-01-05T13:23:19,2026-01-08T16:23:19,Investment Consultation,Initial Consultation,Showed,Alex Morgan,Morgan Reed,Meta Ads,0,,
book_c76abdb22556,lead_96d4305ede7c,2026-04-23T14:30:56,2026-05-02T15:30:56,Strategic Consultation,Initial Consultation,Showed,Jordan Lee,Morgan Reed,Organic,0,,
book_a121022cfb2d,lead_966a839086ac,2026-03-28T01:09:04,2026-04-03T09:09:04,Follow Up Call,Initial Consultation,Showed,Taylor Brooks,Riley Carter,Webinar,0,,
book_7c23afaa1caa,lead_3d51abe77c18,2026-06-29T19:35:23,2026-06-30T19:35:23,Investment Consultation,Initial Consultation,No Show,Taylor Brooks,Morgan Reed,Google Ads,0,,Work conflict
book_deee0069c482,lead_afcd90a346b1,2026-02-12T09:55:26,2026-02-22T11:55:26,Follow Up Call,Initial Consultation,Showed,Alex Morgan,Morgan Reed,Google Ads,0,,
book_a4d3ce6e4693,lead_b0f7ee6c193f,2026-03-18T22:03:49,2026-03-24T03:03:49,Investment Consultation,Initial Consultation,Rescheduled,Alex Morgan,Casey Bennett,Referral,1,,
book_5aa3724adc23,lead_65cf38dd4340,2026-01-19T18:02:16,2026-01-22T18:02:16,Follow Up Call,Initial Consultation,Showed,Taylor Brooks,Casey Bennett,Organic,0,,
book_16691fa8d8a6,lead_ac133278f6cc,2026-06-14T03:36:56,2026-06-25T06:36:56,Investment Consultation,Initial Consultation,Showed,Alex Morgan,Riley Carter,Meta Ads,0,,
book_f5d25ef02923,lead_34b6dbbe915c,2026-01-26T16:53:14,2026-02-03T20:53:14,Follow Up Call,Follow Up,No Show,Alex Morgan,Morgan Reed,Meta Ads,0,,Forgot appointment
book_251536d164ba,lead_00d1a7492b22,2026-06-25T09:36:34,2026-07-05T12:36:34,Follow Up Call,Initial Consultation,No Show,Jordan Lee,Riley Carter,Meta Ads,0,,Forgot appointment
book_805a52f3a5cf,lead_d75d7d99682c,2026-06-07T19:05:09,2026-06-18T22:05:09,Follow Up Call,Initial Consultation,Rescheduled,Taylor Brooks,Riley Carter,Meta Ads,1,,
book_31f379e662c2,lead_4887dd416295,2026-05-15T19:23:55,2026-05-19T02:23:55,Investment Consultation,Initial Consultation,Showed,Taylor Brooks,Morgan Reed,Webinar,0,,
book_ee53bbb330c7,lead_234378d29df2,2026-06-01T02:10:41,2026-06-13T05:10:41,Investment Consultation,Initial Consultation,Showed,Jordan Lee,Morgan Reed,Meta Ads,0,,
book_baf922a2b904,lead_f0a3c3c9ffa6,2026-01-21T21:32:40,2026-01-28T00:32:40,Strategic Consultation,Initial Consultation,Rescheduled,Alex Morgan,Casey Bennett,Meta Ads,2,,
book_f2e59ca28f82,lead_4bc18fb898cf,2026-03-15T03:45:23,2026-03-23T07:45:23,Follow Up Call,Initial Consultation,Showed,Alex Morgan,Casey Bennett,Meta Ads,0,,
book_7bc703004490,lead_7fbaa16682de,2026-06-20T07:58:22,2026-07-02T15:58:22,Follow Up Call,Initial Consultation,No Show,Alex Morgan,Morgan Reed,Referral,0,,No response
book_bebf81fe06d2,lead_82a17a0198b6,2026-02-10T03:03:03,2026-02-14T04:03:03,Investment Consultation,Initial Consultation,Showed,Taylor Brooks,Riley Carter,Referral,0,,
book_5e480117cf50,lead_6486df5fdfec,2026-05-07T05:23:12,2026-05-14T10:23:12,Strategic Consultation,Initial Consultation,Showed,Taylor Brooks,Casey Bennett,Organic,0,,
book_0bf438143bda,lead_3f94ef7ff303,2026-05-08T14:15:34,2026-05-15T17:15:34,Follow Up Call,Initial Consultation,No Show,Taylor Brooks,Morgan Reed,Meta Ads,0,,Forgot appointment
book_0d20d09e3b15,lead_cfea0fd44b8f,2026-04-26T23:01:46,2026-04-30T06:01:46,Investment Consultation,Initial Consultation,Showed,Taylor Brooks,Morgan Reed,Referral,0,,
book_58f7397df829,lead_4b4a607f4d6b,2026-06-01T02:12:24,2026-06-06T05:12:24,Follow Up Call,Initial Consultation,Cancelled,Taylor Brooks,Casey Bennett,Meta Ads,0,Not ready,
book_5f9d8e37a218,lead_7f18d240876d,2026-06-07T23:56:44,2026-06-10T07:56:44,Follow Up Call,Initial Consultation,Cancelled,Jordan Lee,Casey Bennett,Meta Ads,0,Scheduling conflict,
book_6bc5f223746f,lead_0b0e6b63caea,2026-01-22T03:11:56,2026-01-25T06:11:56,Follow Up Call,Initial Consultation,No Show,Alex Morgan,Casey Bennett,Organic,0,,No response
book_c77ce45b0ed1,lead_28a508ced341,2026-05-01T13:04:35,2026-05-05T15:04:35,Strategic Consultation,Follow Up,Showed,Jordan Lee,Morgan Reed,Referral,0,,
book_6e17fb6243e5,lead_ae131f80a30b,2026-01-05T13:57:10,2026-01-09T16:57:10,Investment Consultation,Follow Up,Showed,Alex Morgan,Riley Carter,Email Campaign,0,,
book_7a4592737cbc,lead_bc61dc732d87,2026-02-16T17:35:43,2026-02-18T18:35:43,Follow Up Call,Initial Consultation,No Show,Taylor Brooks,Riley Carter,Meta Ads,0,,Work conflict
book_e6deee52283f,lead_14d54432384b,2026-03-27T05:31:03,2026-04-08T09:31:03,Strategic Consultation,Initial Consultation,Showed,Taylor Brooks,Morgan Reed,Webinar,0,,
book_198c2f0da6a0,lead_ff3df0e0afae,2026-01-22T20:11:35,2026-01-28T23:11:35,Follow Up Call,Initial Consultation,Showed,Jordan Lee,Casey Bennett,Referral,0,,
book_25a7630643c4,lead_aee2a30ae778,2026-01-06T09:14:14,2026-01-11T11:14:14,Strategic Consultation,Initial Consultation,Showed,Jordan Lee,Riley Carter,Email Campaign,0,,
book_03bd37486e69,lead_b2e01c5aa928,2026-05-28T04:31:14,2026-06-07T09:31:14,Follow Up Call,Initial Consultation,Rescheduled,Taylor Brooks,Riley Carter,Organic,1,,
book_dae069d34f10,lead_71acb7f11558,2026-05-15T23:11:17,2026-05-17T06:11:17,Investment Consultation,Initial Consultation,Cancelled,Taylor Brooks,Riley Carter,Google Ads,0,Financial concern,
book_fa1777e5b040,lead_3aaeb20bc8d0,2026-05-11T21:49:51,2026-05-18T22:49:51,Investment Consultation,Follow Up,Rescheduled,Taylor Brooks,Riley Carter,Meta Ads,1,,
book_0df57d5691b6,lead_e05e3ea5f9e4,2026-05-28T05:20:10,2026-06-04T06:20:10,Strategic Consultation,Follow Up,Showed,Alex Morgan,Morgan Reed,Organic,0,,
book_0d797f35de9f,lead_ae55edb72dd5,2026-01-02T08:40:41,2026-01-10T14:40:41,Strategic Consultation,Initial Consultation,Showed,Jordan Lee,Morgan Reed,Webinar,0,,
book_401c2508a852,lead_00af8fc57744,2026-01-01T17:17:55,2026-01-10T01:17:55,Investment Consultation,Follow Up,Cancelled,Taylor Brooks,Casey Bennett,Meta Ads,0,Not ready,
book_428e2b3dcf96,lead_0332ea12865f,2026-01-30T16:59:18,2026-02-02T00:59:18,Investment Consultation,Initial Consultation,Showed,Jordan Lee,Riley Carter,Referral,0,,
book_b64f2ea1ec6b,lead_4c7c8394ed3a,2026-02-23T12:04:51,2026-03-03T16:04:51,Follow Up Call,Initial Consultation,Showed,Alex Morgan,Casey Bennett,Google Ads,0,,
book_1ca3da1ae33e,lead_29c47ebc7c3a,2026-05-26T02:38:45,2026-05-30T04:38:45,Follow Up Call,Initial Consultation,Rescheduled,Taylor Brooks,Riley Carter,Meta Ads,1,,
book_e67095e3c2eb,lead_6e3c48e77616,2026-05-11T08:36:55,2026-05-12T09:36:55,Investment Consultation,Initial Consultation,Showed,Taylor Brooks,Riley Carter,Organic,0,,
book_9c83d13e1676,lead_56e33003ec5a,2026-05-07T03:51:27,2026-05-10T10:51:27,Investment Consultation,Follow Up,Cancelled,Alex Morgan,Riley Carter,Meta Ads,0,Scheduling conflict,
book_696267030560,lead_e9fba1ce5e16,2026-02-08T12:26:44,2026-02-19T12:26:44,Investment Consultation,Initial Consultation,Showed,Jordan Lee,Riley Carter,Organic,0,,
book_7c736156430b,lead_f779bd50348b,2026-02-03T03:09:58,2026-02-09T10:09:58,Investment Consultation,Initial Consultation,No Show,Taylor Brooks,Casey Bennett,Meta Ads,0,,Forgot appointment
book_b18c2b8e4083,lead_eb53dc6d217b,2026-04-04T20:27:31,2026-04-09T02:27:31,Follow Up Call,Initial Consultation,Showed,Taylor Brooks,Riley Carter,Organic,0,,
book_1bcad5a4c06e,lead_95ee6c30a224,2026-02-17T15:12:36,2026-02-21T16:12:36,Follow Up Call,Initial Consultation,Showed,Taylor Brooks,Riley Carter,Webinar,0,,
book_99621d9b53ff,lead_be6e9fd1c78b,2026-04-22T12:41:44,2026-05-02T19:41:44,Investment Consultation,Initial Consultation,No Show,Jordan Lee,Riley Carter,Meta Ads,0,,Work conflict
book_19b0b94e9ad2,lead_2c76f533e0c0,2026-04-16T03:14:58,2026-04-19T10:14:58,Follow Up Call,Initial Consultation,Showed,Jordan Lee,Riley Carter,Google Ads,0,,
book_07bf299e7e48,lead_551cab30be38,2026-06-27T00:50:14,2026-07-05T03:50:14,Investment Consultation,Initial Consultation,Cancelled,Alex Morgan,Casey Bennett,Google Ads,0,Not ready,
book_0a123cf755ea,lead_474e34048798,2026-03-26T15:03:03,2026-04-04T22:03:03,Investment Consultation,Initial Consultation,Showed,Jordan Lee,Morgan Reed,Direct,0,,
book_84590e48522a,lead_0f935930238e,2026-03-16T02:05:18,2026-03-18T02:05:18,Investment Consultation,Initial Consultation,Showed,Taylor Brooks,Riley Carter,Meta Ads,0,,
book_539a8d180d59,lead_3be0577aedb9,2026-02-08T01:00:40,2026-02-16T04:00:40,Strategic Consultation,Initial Consultation,Showed,Alex Morgan,Riley Carter,Organic,0,,
book_3baf11152cc6,lead_5b62882441f0,2026-04-10T01:47:39,2026-04-22T03:47:39,Investment Consultation,Follow Up,Showed,Alex Morgan,Casey Bennett,Referral,0,,
book_b90dd6941d30,lead_8a004ef0f8a1,2026-02-13T11:13:01,2026-02-25T13:13:01,Strategic Consultation,Initial Consultation,Showed,Alex Morgan,Riley Carter,Webinar,0,,
book_1bee41b909db,lead_a7d54ca8b533,2026-05-23T05:54:13,2026-05-27T10:54:13,Strategic Consultation,Initial Consultation,Showed,Jordan Lee,Riley Carter,Referral,0,,
book_ad1e507fbaa9,lead_38bc0bf70867,2026-06-09T09:43:20,2026-06-18T09:43:20,Follow Up Call,Initial Consultation,Showed,Alex Morgan,Morgan Reed,Meta Ads,0,,
book_2becc4e5c0a2,lead_65adbc6346c7,2026-05-31T01:11:54,2026-06-04T09:11:54,Follow Up Call,Initial Consultation,Rescheduled,Alex Morgan,Morgan Reed,Meta Ads,1,,
book_80f1f78b57a0,lead_3bb2200498d8,2026-01-29T02:45:48,2026-02-02T08:45:48,Follow Up Call,Initial Consultation,Showed,Alex Morgan,Morgan Reed,Webinar,0,,
book_d4542a57bc69,lead_398004616a34,2026-05-05T13:11:45,2026-05-16T18:11:45,Strategic Consultation,Initial Consultation,Showed,Alex Morgan,Morgan Reed,Organic,0,,
book_bf3ed5847245,lead_5da5f480bcd4,2026-01-31T10:32:27,2026-02-05T11:32:27,Strategic Consultation,Initial Consultation,Cancelled,Alex Morgan,Riley Carter,Meta Ads,0,Scheduling conflict,
book_1fbced3abdfb,lead_1fdc0e4847de,2026-06-25T20:42:08,2026-07-02T02:42:08,Follow Up Call,Follow Up,Showed,Alex Morgan,Casey Bennett,Email Campaign,0,,
book_f505151af029,lead_d506d84d2034,2026-05-15T01:57:19,2026-05-25T04:57:19,Follow Up Call,Initial Consultation,No Show,Taylor Brooks,Riley Carter,Organic,0,,Unknown
book_84d95a5e964d,lead_53cf969aefca,2026-06-07T10:32:34,2026-06-10T10:32:34,Strategic Consultation,Follow Up,Showed,Alex Morgan,Riley Carter,Google Ads,0,,
book_b312fa695072,lead_73397e076176,2026-05-24T22:41:12,2026-05-27T00:41:12,Investment Consultation,Initial Consultation,No Show,Jordan Lee,Morgan Reed,Meta Ads,0,,No response
book_9ea169c1205d,lead_731dab7db667,2026-05-26T07:59:52,2026-06-02T14:59:52,Investment Consultation,Initial Consultation,Cancelled,Taylor Brooks,Casey Bennett,Webinar,0,Not ready,
book_38500007485b,lead_d1b35b87b774,2026-01-09T17:42:09,2026-01-20T23:42:09,Strategic Consultation,Follow Up,No Show,Taylor Brooks,Morgan Reed,Meta Ads,0,,No response
book_72c821cac248,lead_83f3df686b9f,2026-04-01T10:59:53,2026-04-12T16:59:53,Investment Consultation,Initial Consultation,Showed,Alex Morgan,Riley Carter,Meta Ads,0,,
book_b2a6517e0d18,lead_3a624c61e0e6,2026-04-18T01:50:19,2026-04-19T03:50:19,Investment Consultation,Initial Consultation,Showed,Jordan Lee,Casey Bennett,Meta Ads,0,,
book_dbea7b6df33d,lead_f926b216424d,2026-02-03T08:24:58,2026-02-11T14:24:58,Strategic Consultation,Initial Consultation,Showed,Jordan Lee,Casey Bennett,Meta Ads,0,,
book_9bee1e0445e0,lead_ada8f14699b1,2026-01-11T16:34:57,2026-01-20T23:34:57,Strategic Consultation,Initial Consultation,Showed,Alex Morgan,Riley Carter,Meta Ads,0,,
book_dd43237f86f7,lead_4df86cedf521,2026-05-30T07:06:31,2026-06-06T07:06:31,Strategic Consultation,Initial Consultation,Showed,Jordan Lee,Riley Carter,Meta Ads,0,,
book_4f917bc414a9,lead_9db3c28352f2,2026-06-12T00:29:52,2026-06-17T06:29:52,Strategic Consultation,Initial Consultation,Showed,Taylor Brooks,Morgan Reed,Google Ads,0,,
book_5027dfa08b79,lead_cf97e084e10d,2026-04-25T09:05:20,2026-04-28T15:05:20,Investment Consultation,Initial Consultation,Showed,Taylor Brooks,Riley Carter,Meta Ads,0,,
book_e20897d09f69,lead_95646c567e77,2026-01-06T09:58:54,2026-01-18T09:58:54,Strategic Consultation,Initial Consultation,Showed,Alex Morgan,Casey Bennett,Webinar,0,,
book_73b494b61233,lead_948d8c5c7e4f,2026-05-18T14:10:14,2026-05-28T18:10:14,Follow Up Call,Initial Consultation,Cancelled,Jordan Lee,Casey Bennett,Webinar,0,Financial concern,
book_f2a45c9271f9,lead_b9a57984c581,2026-01-22T15:08:42,2026-01-27T18:08:42,Strategic Consultation,Initial Consultation,Showed,Taylor Brooks,Riley Carter,Referral,0,,
book_cd8685cc1129,lead_0fcf27da836e,2026-02-13T23:29:35,2026-02-21T02:29:35,Follow Up Call,Follow Up,No Show,Alex Morgan,Morgan Reed,Webinar,0,,Forgot appointment
book_e93caa0e82e3,lead_3589ada42aa1,2026-03-12T15:46:41,2026-03-17T18:46:41,Strategic Consultation,Follow Up,Showed,Taylor Brooks,Riley Carter,Webinar,0,,
book_7fc10c1464f8,lead_811ac865585e,2026-01-03T11:04:32,2026-01-06T14:04:32,Strategic Consultation,Initial Consultation,Showed,Taylor Brooks,Casey Bennett,Webinar,0,,
book_12d92638007a,lead_783357670b66,2026-02-24T02:01:18,2026-03-08T05:01:18,Investment Consultation,Initial Consultation,Rescheduled,Jordan Lee,Riley Carter,Meta Ads,1,,
book_bc5eaa0b6771,lead_07541e12fcff,2026-01-07T09:36:29,2026-01-17T16:36:29,Follow Up Call,Initial Consultation,Showed,Jordan Lee,Riley Carter,Meta Ads,0,,
book_c9c09fad691e,lead_23e11d9b31ec,2026-05-31T08:32:06,2026-06-03T08:32:06,Investment Consultation,Initial Consultation,Showed,Jordan Lee,Morgan Reed,Webinar,0,,
book_5eea01905ae9,lead_837659c92cbc,2026-05-03T18:38:34,2026-05-13T18:38:34,Follow Up Call,Follow Up,Rescheduled,Jordan Lee,Casey Bennett,Google Ads,1,,
book_ade7b3174438,lead_21f877421a13,2026-06-07T16:01:42,2026-06-11T23:01:42,Strategic Consultation,Follow Up,Showed,Alex Morgan,Morgan Reed,Webinar,0,,
book_e3b1c897ab2b,lead_f5b39f62e268,2026-02-10T11:51:39,2026-02-14T12:51:39,Follow Up Call,Initial Consultation,Showed,Jordan Lee,Morgan Reed,Webinar,0,,
book_9c91cc1df8ea,lead_ce7b47edd6e3,2026-01-25T07:58:14,2026-01-30T09:58:14,Strategic Consultation,Initial Consultation,Showed,Taylor Brooks,Casey Bennett,Direct,0,,
book_a986b3becf0d,lead_c146e6edecfd,2026-02-26T15:26:26,2026-03-02T19:26:26,Investment Consultation,Initial Consultation,Showed,Jordan Lee,Morgan Reed,Direct,0,,
book_f57afee88033,lead_dac910c06f15,2026-03-08T03:18:02,2026-03-09T07:18:02,Strategic Consultation,Initial Consultation,Showed,Jordan Lee,Morgan Reed,Webinar,0,,
book_798af201b31a,lead_533a40716760,2026-01-24T07:27:55,2026-02-05T09:27:55,Strategic Consultation,Initial Consultation,No Show,Alex Morgan,Casey Bennett,Meta Ads,0,,Work conflict
book_bd7497436216,lead_cdfcd1574e52,2026-01-26T01:01:52,2026-02-06T08:01:52,Strategic Consultation,Initial Consultation,Showed,Taylor Brooks,Casey Bennett,Organic,0,,
book_e36181b2885c,lead_0a4117655344,2026-04-12T12:57:42,2026-04-17T15:57:42,Investment Consultation,Initial Consultation,No Show,Jordan Lee,Riley Carter,Referral,0,,No response
book_ee0e877644bd,lead_ba4918172d95,2026-02-08T02:16:31,2026-02-15T08:16:31,Strategic Consultation,Initial Consultation,Showed,Alex Morgan,Riley Carter,Organic,0,,
book_8be5126fa84b,lead_a6353f8bba38,2026-06-19T16:10:28,2026-06-28T18:10:28,Investment Consultation,Initial Consultation,Showed,Alex Morgan,Casey Bennett,Meta Ads,0,,
book_d9b7c9b73d7e,lead_f053a77a624b,2026-02-18T14:25:08,2026-02-25T15:25:08,Investment Consultation,Initial Consultation,Showed,Alex Morgan,Casey Bennett,Webinar,0,,
book_e37c55f5719b,lead_013c040daebc,2026-02-08T08:48:12,2026-02-19T14:48:12,Investment Consultation,Initial Consultation,No Show,Alex Morgan,Riley Carter,Webinar,0,,Work conflict
book_28cbc8b938a4,lead_8063c442e788,2026-04-26T19:10:52,2026-04-29T22:10:52,Follow Up Call,Initial Consultation,Showed,Taylor Brooks,Morgan Reed,Referral,0,,
book_30ae7b358546,lead_fc92646c9601,2026-06-12T09:15:18,2026-06-16T13:15:18,Investment Consultation,Initial Consultation,No Show,Alex Morgan,Morgan Reed,Referral,0,,Forgot appointment
book_f4c59387340a,lead_30e51f5cb1b2,2026-03-01T13:04:58,2026-03-11T13:04:58,Follow Up Call,Initial Consultation,Showed,Taylor Brooks,Casey Bennett,Webinar,0,,
book_ab67fe027d66,lead_431eecb2e59f,2026-05-10T14:01:28,2026-05-15T14:01:28,Strategic Consultation,Initial Consultation,Rescheduled,Jordan Lee,Morgan Reed,Direct,1,,
book_19af7725fe64,lead_0c5f02ee98b4,2026-05-11T16:16:21,2026-05-23T17:16:21,Follow Up Call,Initial Consultation,No Show,Alex Morgan,Morgan Reed,Direct,0,,Unknown
book_83694552dc52,lead_59ce845e92b1,2026-03-02T11:20:27,2026-03-03T17:20:27,Follow Up Call,Initial Consultation,Showed,Jordan Lee,Morgan Reed,Organic,0,,
book_491d56030da8,lead_2c03c3d479f5,2026-03-26T22:35:15,2026-03-29T00:35:15,Follow Up Call,Initial Consultation,Showed,Alex Morgan,Casey Bennett,Webinar,0,,
book_e6b03ad3e5c3,lead_45c8164cdfd0,2026-01-21T06:18:22,2026-02-02T10:18:22,Investment Consultation,Initial Consultation,No Show,Taylor Brooks,Casey Bennett,Webinar,0,,Forgot appointment
book_bd9bb095b2a5,lead_7437a2e3b118,2026-01-12T11:10:45,2026-01-14T13:10:45,Investment Consultation,Initial Consultation,Showed,Taylor Brooks,Morgan Reed,Webinar,0,,
book_715434969e9d,lead_bcb35825d1d5,2026-05-26T18:25:14,2026-06-08T02:25:14,Follow Up Call,Initial Consultation,Showed,Taylor Brooks,Riley Carter,Webinar,0,,
book_ca62257a0775,lead_ba6ecfe52d97,2026-06-14T11:12:11,2026-06-19T11:12:11,Follow Up Call,Initial Consultation,Cancelled,Alex Morgan,Morgan Reed,Meta Ads,0,Not ready,
book_085e35f2cb78,lead_348743753683,2026-02-07T04:19:24,2026-02-19T09:19:24,Strategic Consultation,Initial Consultation,Showed,Taylor Brooks,Casey Bennett,Meta Ads,0,,
book_a94df28aae41,lead_ccca02537c37,2026-01-29T02:28:19,2026-02-01T04:28:19,Strategic Consultation,Follow Up,Showed,Taylor Brooks,Riley Carter,Referral,0,,
book_dc7caf89762a,lead_17b1abd09a69,2026-03-15T22:12:32,2026-03-19T00:12:32,Strategic Consultation,Initial Consultation,Showed,Jordan Lee,Riley Carter,Email Campaign,0,,
book_00f17b663400,lead_e0507f251e3d,2026-03-23T23:10:42,2026-03-31T04:10:42,Strategic Consultation,Initial Consultation,Showed,Jordan Lee,Casey Bennett,Webinar,0,,
book_aa10d0d7b90b,lead_d44a32c7e111,2026-02-01T20:41:57,2026-02-13T20:41:57,Investment Consultation,Follow Up,No Show,Taylor Brooks,Morgan Reed,Google Ads,0,,Forgot appointment
book_5bd8f571ee7a,lead_ed828e7cb15e,2026-04-13T03:39:49,2026-04-14T07:39:49,Follow Up Call,Initial Consultation,Showed,Alex Morgan,Casey Bennett,Google Ads,0,,
book_9d827187dcfa,lead_9505b1d61d8e,2026-01-28T18:50:00,2026-01-29T20:50:00,Strategic Consultation,Initial Consultation,Showed,Taylor Brooks,Casey Bennett,Referral,0,,
book_b0f5504994da,lead_717563dd9ae1,2026-01-23T06:20:52,2026-01-27T13:20:52,Follow Up Call,Initial Consultation,Showed,Jordan Lee,Casey Bennett,Webinar,0,,
book_31ad68a7dcdc,lead_6c4abcd8a772,2026-05-02T06:14:39,2026-05-13T09:14:39,Follow Up Call,Initial Consultation,Showed,Taylor Brooks,Morgan Reed,Email Campaign,0,,
book_6105e97fc702,lead_6b787268179a,2026-03-10T05:02:47,2026-03-20T07:02:47,Investment Consultation,Follow Up,Showed,Taylor Brooks,Riley Carter,Webinar,0,,
book_f89e5b227ae6,lead_68a7302938c5,2026-06-06T10:13:27,2026-06-07T15:13:27,Investment Consultation,Initial Consultation,Showed,Taylor Brooks,Casey Bennett,Google Ads,0,,
book_065ca6fef775,lead_858a8e9986fc,2026-01-26T02:44:34,2026-02-01T08:44:34,Investment Consultation,Initial Consultation,Showed,Alex Morgan,Casey Bennett,Webinar,0,,
book_7df0bfd75ec9,lead_aa466cace769,2026-05-09T05:52:54,2026-05-17T07:52:54,Follow Up Call,Initial Consultation,No Show,Jordan Lee,Casey Bennett,Organic,0,,Forgot appointment
book_bf76df3a9b57,lead_eaababed38ea,2026-03-11T07:28:25,2026-03-13T12:28:25,Follow Up Call,Initial Consultation,Showed,Taylor Brooks,Riley Carter,Referral,0,,
book_18d8ae117339,lead_b0d981d5ea84,2026-06-02T22:26:56,2026-06-14T23:26:56,Follow Up Call,Initial Consultation,Showed,Alex Morgan,Morgan Reed,Google Ads,0,,
book_cb03d953c042,lead_4f1b17aac3ef,2026-04-16T06:57:11,2026-04-26T14:57:11,Follow Up Call,Follow Up,No Show,Taylor Brooks,Riley Carter,Webinar,0,,Forgot appointment
book_6cdba18a7f14,lead_2fadd6e20373,2026-01-11T14:39:31,2026-01-14T16:39:31,Investment Consultation,Initial Consultation,Showed,Taylor Brooks,Morgan Reed,Webinar,0,,
book_54f9096752bd,lead_881e174a7743,2026-03-10T23:04:21,2026-03-23T04:04:21,Strategic Consultation,Initial Consultation,Showed,Alex Morgan,Morgan Reed,Direct,0,,
book_cbaec3f91123,lead_6a77bd67645f,2026-01-26T19:44:17,2026-02-05T00:44:17,Follow Up Call,Initial Consultation,Showed,Taylor Brooks,Morgan Reed,Webinar,0,,
book_1ba2f612bc31,lead_f503e711b63a,2026-02-20T07:58:40,2026-02-23T07:58:40,Strategic Consultation,Initial Consultation,Showed,Taylor Brooks,Riley Carter,Referral,0,,
book_a8e567f0220a,lead_9855852fa669,2026-07-01T10:51:15,2026-07-13T14:51:15,Follow Up Call,Initial Consultation,No Show,Taylor Brooks,Morgan Reed,Webinar,0,,No response
book_90edf10ac339,lead_b41b5f1707dc,2026-05-23T15:05:33,2026-06-03T17:05:33,Investment Consultation,Initial Consultation,Showed,Jordan Lee,Riley Carter,Webinar,0,,
book_9cf04bebd2a0,lead_48656c61b7e4,2026-04-01T10:34:42,2026-04-05T12:34:42,Follow Up Call,Initial Consultation,Showed,Taylor Brooks,Riley Carter,Meta Ads,0,,
book_289535e83075,lead_c1495a432a69,2026-04-03T04:42:37,2026-04-12T07:42:37,Strategic Consultation,Initial Consultation,No Show,Alex Morgan,Casey Bennett,Meta Ads,0,,No response
book_d76dade9bb52,lead_cee0f01032dd,2026-06-26T17:43:45,2026-06-29T23:43:45,Follow Up Call,Follow Up,Showed,Alex Morgan,Casey Bennett,Email Campaign,0,,
book_1dfec1715a6e,lead_9377d78e32f2,2026-02-20T22:57:52,2026-03-04T00:57:52,Investment Consultation,Initial Consultation,Showed,Taylor Brooks,Morgan Reed,Meta Ads,0,,
book_2a27b518aca8,lead_ef0d5486f3cf,2026-06-19T13:45:53,2026-06-26T19:45:53,Follow Up Call,Initial Consultation,Showed,Alex Morgan,Riley Carter,Meta Ads,0,,
book_265748fde589,lead_2089c0749e4f,2026-04-17T22:22:21,2026-04-22T00:22:21,Investment Consultation,Initial Consultation,Showed,Jordan Lee,Morgan Reed,Webinar,0,,
book_b048d7c2fc1f,lead_a98f69a99629,2026-01-16T16:52:58,2026-01-27T16:52:58,Investment Consultation,Initial Consultation,Showed,Jordan Lee,Morgan Reed,Organic,0,,
book_c00739b15387,lead_d080a73684f5,2026-02-13T18:06:38,2026-02-22T20:06:38,Follow Up Call,Initial Consultation,Cancelled,Alex Morgan,Riley Carter,Webinar,0,Not ready,
book_d3dd5606ff55,lead_163c196f6039,2026-04-18T05:36:12,2026-04-25T13:36:12,Strategic Consultation,Initial Consultation,No Show,Taylor Brooks,Morgan Reed,Organic,0,,Forgot appointment
book_6b92866544c6,lead_54a407499ec3,2026-03-29T14:22:06,2026-04-07T20:22:06,Investment Consultation,Initial Consultation,No Show,Jordan Lee,Riley Carter,Direct,0,,Forgot appointment
book_bc77bbfeeae4,lead_fd4c00a522f1,2026-05-23T19:57:02,2026-05-25T22:57:02,Strategic Consultation,Follow Up,Showed,Jordan Lee,Casey Bennett,Organic,0,,
book_a9202b9284f9,lead_d26fa12915d6,2026-05-25T06:18:01,2026-05-29T08:18:01,Investment Consultation,Follow Up,No Show,Jordan Lee,Riley Carter,Email Campaign,0,,Forgot appointment
book_8689de45bc42,lead_2d76625992d8,2026-05-12T00:11:38,2026-05-19T05:11:38,Investment Consultation,Initial Consultation,Cancelled,Alex Morgan,Casey Bennett,Google Ads,0,Not ready,
book_43fced3bdaab,lead_4af1703f3ed4,2026-06-20T08:27:39,2026-06-30T10:27:39,Strategic Consultation,Follow Up,Showed,Jordan Lee,Riley Carter,Webinar,0,,
book_5904c44ab7d5,lead_96c3a9001ab4,2026-04-19T09:25:22,2026-05-01T10:25:22,Follow Up Call,Initial Consultation,Showed,Alex Morgan,Morgan Reed,Google Ads,0,,
book_8c075babffa7,lead_a36cf8dbc4cc,2026-06-27T06:27:47,2026-07-09T08:27:47,Strategic Consultation,Initial Consultation,No Show,Taylor Brooks,Morgan Reed,Google Ads,0,,Unknown
book_f0704b7d8e0e,lead_037c95a34b6d,2026-01-10T13:33:17,2026-01-14T17:33:17,Follow Up Call,Initial Consultation,Showed,Taylor Brooks,Morgan Reed,Webinar,0,,
book_9533e2a7533c,lead_6b114b883e36,2026-06-18T22:38:06,2026-06-30T04:38:06,Strategic Consultation,Initial Consultation,No Show,Taylor Brooks,Riley Carter,Google Ads,0,,No response
book_57f0a7fc360e,lead_a57be4c8a11e,2026-03-18T14:39:07,2026-03-25T18:39:07,Strategic Consultation,Initial Consultation,Showed,Taylor Brooks,Casey Bennett,Organic,0,,
book_54a27aff19b2,lead_bc0c491c1aec,2026-03-13T20:15:37,2026-03-23T03:15:37,Follow Up Call,Initial Consultation,Showed,Taylor Brooks,Casey Bennett,Webinar,0,,
book_cfb0306a14b8,lead_2c5ed673b61a,2026-05-17T23:14:05,2026-05-22T07:14:05,Strategic Consultation,Initial Consultation,No Show,Jordan Lee,Riley Carter,Webinar,0,,No response
book_36a9e74d214e,lead_907c4793c1c8,2026-04-04T20:25:32,2026-04-10T04:25:32,Strategic Consultation,Initial Consultation,Showed,Jordan Lee,Riley Carter,Google Ads,0,,
book_f155482e2d93,lead_2007e7576615,2026-02-02T03:11:38,2026-02-09T03:11:38,Investment Consultation,Initial Consultation,Showed,Alex Morgan,Casey Bennett,Meta Ads,0,,
book_011f2340cfec,lead_68b508190773,2026-04-28T17:00:30,2026-05-02T00:00:30,Strategic Consultation,Initial Consultation,Showed,Taylor Brooks,Riley Carter,Meta Ads,0,,
book_2dda5de6edda,lead_ff6b96e575bc,2026-04-25T12:31:12,2026-04-30T20:31:12,Follow Up Call,Initial Consultation,No Show,Jordan Lee,Casey Bennett,Webinar,0,,Work conflict
book_0625541e1185,lead_efc20eb1d0c1,2026-01-17T03:14:53,2026-01-28T03:14:53,Strategic Consultation,Initial Consultation,Showed,Taylor Brooks,Morgan Reed,Organic,0,,
book_440beb000973,lead_a578e721860d,2026-03-08T19:34:28,2026-03-13T20:34:28,Strategic Consultation,Follow Up,Showed,Taylor Brooks,Riley Carter,Referral,0,,
book_1949863a52cb,lead_1c6e2259a599,2026-06-20T01:21:22,2026-06-28T06:21:22,Investment Consultation,Initial Consultation,Rescheduled,Jordan Lee,Morgan Reed,Meta Ads,1,,
book_5e7bf0aacdb8,lead_c18fc5953956,2026-05-02T20:21:29,2026-05-10T00:21:29,Strategic Consultation,Initial Consultation,Showed,Alex Morgan,Casey Bennett,Webinar,0,,
book_c3eea10bca38,lead_eee26d33e8bb,2026-01-14T07:06:42,2026-01-23T14:06:42,Follow Up Call,Initial Consultation,Showed,Taylor Brooks,Morgan Reed,Google Ads,0,,
book_75778688f27e,lead_cde6aacdb643,2026-02-04T16:24:19,2026-02-11T21:24:19,Investment Consultation,Initial Consultation,No Show,Taylor Brooks,Morgan Reed,Webinar,0,,No response
book_a9c1d9305ae4,lead_78e3eab56953,2026-05-28T21:29:32,2026-06-03T02:29:32,Strategic Consultation,Initial Consultation,Rescheduled,Jordan Lee,Riley Carter,Webinar,2,,
book_2415297c6a6b,lead_64616840746a,2026-01-09T23:35:45,2026-01-16T05:35:45,Strategic Consultation,Follow Up,Rescheduled,Taylor Brooks,Riley Carter,Google Ads,1,,
book_6388792e5019,lead_97bb55ef54c2,2026-04-03T07:57:17,2026-04-09T10:57:17,Follow Up Call,Initial Consultation,Showed,Jordan Lee,Casey Bennett,Organic,0,,
book_eee6903de76b,lead_803b31409305,2026-04-18T22:22:14,2026-04-27T04:22:14,Strategic Consultation,Initial Consultation,Showed,Jordan Lee,Riley Carter,Meta Ads,0,,
book_946255ebca29,lead_993636fd967f,2026-04-22T14:54:01,2026-05-01T17:54:01,Strategic Consultation,Initial Consultation,Showed,Jordan Lee,Morgan Reed,Email Campaign,0,,
book_ed60ccfa598f,lead_4cb92ed105e3,2026-05-14T16:35:24,2026-05-15T19:35:24,Follow Up Call,Initial Consultation,Showed,Jordan Lee,Riley Carter,Meta Ads,0,,
book_bce145b12f5a,lead_f660cbecb536,2026-05-18T12:45:34,2026-05-30T19:45:34,Follow Up Call,Initial Consultation,Showed,Alex Morgan,Casey Bennett,Google Ads,0,,
book_dace6fa3b63b,lead_caba826f5868,2026-04-30T23:19:46,2026-05-11T04:19:46,Follow Up Call,Initial Consultation,Showed,Alex Morgan,Riley Carter,Google Ads,0,,
book_d2c2f16d1e65,lead_78be3b0a9db5,2026-02-06T16:11:52,2026-02-09T21:11:52,Strategic Consultation,Initial Consultation,Showed,Jordan Lee,Casey Bennett,Meta Ads,0,,
book_657ffbd958fd,lead_ef3b7ae68303,2026-01-10T15:08:14,2026-01-16T22:08:14,Investment Consultation,Initial Consultation,Showed,Jordan Lee,Morgan Reed,Referral,0,,
book_d22d94f82d8f,lead_b5f47febf47f,2026-04-11T18:23:08,2026-04-20T18:23:08,Follow Up Call,Initial Consultation,Showed,Alex Morgan,Casey Bennett,Meta Ads,0,,
book_f1e75c5f52bc,lead_4046ed7f6bc2,2026-01-31T00:22:18,2026-02-05T07:22:18,Investment Consultation,Initial Consultation,No Show,Taylor Brooks,Riley Carter,Webinar,0,,Work conflict
book_c56763992285,lead_5b6ff5e87fc5,2026-01-10T10:55:18,2026-01-22T17:55:18,Strategic Consultation,Initial Consultation,Showed,Jordan Lee,Casey Bennett,Meta Ads,0,,
book_b503c869478f,lead_9f54263311ab,2026-04-17T17:13:28,2026-04-26T01:13:28,Investment Consultation,Initial Consultation,Showed,Jordan Lee,Casey Bennett,Meta Ads,0,,
book_5b644e20a819,lead_0eb92642d5ff,2026-01-10T01:05:02,2026-01-14T09:05:02,Strategic Consultation,Follow Up,Rescheduled,Alex Morgan,Morgan Reed,Organic,1,,
book_5a047a8d655d,lead_2b85bc24bc30,2026-02-25T15:53:41,2026-03-01T15:53:41,Follow Up Call,Initial Consultation,Showed,Alex Morgan,Casey Bennett,Webinar,0,,
book_00d543b6bdd6,lead_66996a776d66,2026-02-22T05:20:30,2026-02-28T07:20:30,Follow Up Call,Initial Consultation,Showed,Taylor Brooks,Casey Bennett,Referral,0,,
book_fc5213375052,lead_9d8f1943a976,2026-04-21T07:29:22,2026-04-27T13:29:22,Investment Consultation,Initial Consultation,Showed,Alex Morgan,Casey Bennett,Organic,0,,
book_3d9798aef2f7,lead_362505e8503d,2026-02-27T20:41:38,2026-03-09T21:41:38,Investment Consultation,Initial Consultation,Rescheduled,Alex Morgan,Casey Bennett,Organic,1,,
book_abf4c8367384,lead_d4404e06ca6b,2026-06-12T14:46:26,2026-06-19T20:46:26,Strategic Consultation,Initial Consultation,Showed,Taylor Brooks,Morgan Reed,Meta Ads,0,,
book_444a4ae38fd6,lead_016ad7dd9a8c,2026-01-05T15:41:44,2026-01-07T15:41:44,Follow Up Call,Initial Consultation,Showed,Alex Morgan,Riley Carter,Direct,0,,
book_ce9a2366c074,lead_cc7aa5a4848f,2026-03-14T00:15:14,2026-03-23T03:15:14,Investment Consultation,Initial Consultation,Cancelled,Taylor Brooks,Casey Bennett,Referral,0,Financial concern,
book_719fff1cc210,lead_a8270dcc80fb,2026-06-17T10:53:37,2026-06-28T18:53:37,Strategic Consultation,Initial Consultation,Showed,Taylor Brooks,Morgan Reed,Organic,0,,
book_1b7f74aa0781,lead_877914941eeb,2026-04-26T02:19:17,2026-05-05T06:19:17,Follow Up Call,Initial Consultation,Showed,Taylor Brooks,Riley Carter,Webinar,0,,
book_1476ed2af591,lead_d9f5ca80df3f,2026-01-04T10:57:42,2026-01-12T15:57:42,Follow Up Call,Initial Consultation,No Show,Jordan Lee,Riley Carter,Organic,0,,Work conflict
book_f48b6977c997,lead_eb449396f4f4,2026-05-06T22:54:17,2026-05-10T00:54:17,Follow Up Call,Initial Consultation,Showed,Jordan Lee,Casey Bennett,Meta Ads,0,,
book_60c44d07f7e5,lead_a86d870f12ba,2026-03-08T22:21:04,2026-03-15T06:21:04,Strategic Consultation,Follow Up,Showed,Taylor Brooks,Casey Bennett,Organic,0,,
book_ed585f48e8c5,lead_ada01a62dbd1,2026-04-10T16:32:51,2026-04-14T00:32:51,Investment Consultation,Initial Consultation,Cancelled,Taylor Brooks,Morgan Reed,Referral,0,Scheduling conflict,
book_ff20cb29a468,lead_aa3d7bc503de,2026-05-25T03:22:16,2026-05-29T11:22:16,Strategic Consultation,Initial Consultation,Showed,Alex Morgan,Casey Bennett,Webinar,0,,
book_c2b88eb61634,lead_c25772c46617,2026-04-10T00:09:56,2026-04-20T03:09:56,Strategic Consultation,Initial Consultation,Showed,Taylor Brooks,Riley Carter,Referral,0,,
book_768dc2c70522,lead_28da1a071d64,2026-06-06T20:45:59,2026-06-16T20:45:59,Follow Up Call,Initial Consultation,Rescheduled,Taylor Brooks,Morgan Reed,Organic,1,,
book_8f1db2bc8650,lead_671b8986326f,2026-05-08T17:31:15,2026-05-15T20:31:15,Strategic Consultation,Initial Consultation,Showed,Taylor Brooks,Morgan Reed,Organic,0,,
book_7354bb596104,lead_c6d76d5926fe,2026-06-09T15:28:26,2026-06-11T18:28:26,Investment Consultation,Initial Consultation,No Show,Taylor Brooks,Casey Bennett,Webinar,0,,No response
book_1fe8ac9d8ea7,lead_1d406a91f111,2026-06-07T13:30:03,2026-06-12T15:30:03,Strategic Consultation,Initial Consultation,Showed,Jordan Lee,Casey Bennett,Organic,0,,
book_bb93c6646a07,lead_fb8a5d5843a3,2026-06-11T13:45:26,2026-06-23T14:45:26,Strategic Consultation,Initial Consultation,Showed,Alex Morgan,Morgan Reed,Meta Ads,0,,
book_f7f26b89f3e8,lead_b0357be90645,2026-06-16T22:30:15,2026-06-29T05:30:15,Investment Consultation,Follow Up,Showed,Jordan Lee,Riley Carter,Webinar,0,,
book_b8c8525b59cc,lead_d5d5a6b09dd3,2026-03-16T19:39:00,2026-03-20T02:39:00,Follow Up Call,Initial Consultation,Showed,Alex Morgan,Riley Carter,Meta Ads,0,,
book_1655380df964,lead_568472f51de2,2026-04-22T04:15:14,2026-04-26T09:15:14,Follow Up Call,Initial Consultation,Showed,Alex Morgan,Riley Carter,Referral,0,,
book_5a601421daf2,lead_3182d03cf8ff,2026-06-16T05:52:26,2026-06-25T10:52:26,Investment Consultation,Initial Consultation,Rescheduled,Jordan Lee,Riley Carter,Meta Ads,2,,
book_8844a6400cb8,lead_b6de77256b17,2026-05-10T18:51:50,2026-05-12T19:51:50,Investment Consultation,Initial Consultation,Showed,Alex Morgan,Casey Bennett,Webinar,0,,
book_d507b3151a7f,lead_d19db4192922,2026-01-25T16:16:04,2026-02-03T19:16:04,Investment Consultation,Initial Consultation,Showed,Taylor Brooks,Riley Carter,Webinar,0,,
book_f7be838cbf3e,lead_9f210cfe1231,2026-03-21T03:51:19,2026-03-26T05:51:19,Strategic Consultation,Initial Consultation,Showed,Jordan Lee,Morgan Reed,Google Ads,0,,
book_9928a8b7fb6c,lead_edfc73151aed,2026-01-13T11:40:34,2026-01-23T18:40:34,Follow Up Call,Follow Up,Cancelled,Taylor Brooks,Riley Carter,Referral,0,Financial concern,
book_16102e44619e,lead_19103a2206f0,2026-01-22T13:47:15,2026-01-24T13:47:15,Follow Up Call,Initial Consultation,Showed,Alex Morgan,Morgan Reed,Organic,0,,
book_cbe3a7f51099,lead_10559ad515f0,2026-01-24T01:20:16,2026-01-25T05:20:16,Strategic Consultation,Initial Consultation,Showed,Jordan Lee,Riley Carter,Google Ads,0,,
book_8dbefbb03e85,lead_3e1f8156614b,2026-03-05T09:07:23,2026-03-07T13:07:23,Follow Up Call,Initial Consultation,Showed,Jordan Lee,Morgan Reed,Google Ads,0,,
book_62bc008123ac,lead_d7b6d3f5f1a8,2026-03-14T07:22:20,2026-03-24T12:22:20,Follow Up Call,Initial Consultation,Cancelled,Alex Morgan,Casey Bennett,Meta Ads,0,Scheduling conflict,
book_8ed51f115a32,lead_4799f0061af7,2026-01-14T20:23:00,2026-01-25T04:23:00,Strategic Consultation,Follow Up,Showed,Alex Morgan,Riley Carter,Webinar,0,,
book_07036244773a,lead_ffdfc7e9aa9b,2026-04-20T10:34:01,2026-04-24T10:34:01,Follow Up Call,Follow Up,No Show,Taylor Brooks,Riley Carter,Meta Ads,0,,Unknown
book_4649dab12f32,lead_076e668a9dcf,2026-01-10T16:50:29,2026-01-15T00:50:29,Follow Up Call,Initial Consultation,No Show,Jordan Lee,Morgan Reed,Google Ads,0,,No response
book_6c78d2e9c211,lead_c23476ec24ee,2026-03-24T19:53:20,2026-03-29T01:53:20,Strategic Consultation,Initial Consultation,Showed,Jordan Lee,Morgan Reed,Webinar,0,,
book_edad5dcd7a03,lead_4150851e4ed2,2026-01-21T05:54:50,2026-01-31T05:54:50,Investment Consultation,Follow Up,Showed,Taylor Brooks,Casey Bennett,Organic,0,,
book_d798f648e670,lead_55aba01070ee,2026-05-11T15:46:04,2026-05-18T17:46:04,Investment Consultation,Follow Up,Showed,Alex Morgan,Morgan Reed,Email Campaign,0,,
book_62b3f9ee40e6,lead_8db3833d5211,2026-03-12T14:38:43,2026-03-16T15:38:43,Follow Up Call,Initial Consultation,Showed,Alex Morgan,Casey Bennett,Google Ads,0,,
book_7db503cded5e,lead_f1b23633c3dc,2026-02-12T04:41:10,2026-02-17T05:41:10,Follow Up Call,Initial Consultation,Showed,Taylor Brooks,Riley Carter,Webinar,0,,
book_3396c1567729,lead_e4fea1a40682,2026-06-28T17:57:49,2026-07-01T21:57:49,Investment Consultation,Initial Consultation,Showed,Jordan Lee,Riley Carter,Webinar,0,,
book_c5b6d9354045,lead_d1df4ce22a92,2026-06-26T16:47:18,2026-07-08T20:47:18,Follow Up Call,Follow Up,Showed,Alex Morgan,Casey Bennett,Google Ads,0,,
book_696068e7c3c8,lead_674a991b0058,2026-04-25T13:40:10,2026-05-04T20:40:10,Follow Up Call,Initial Consultation,Showed,Taylor Brooks,Riley Carter,Meta Ads,0,,
book_ff69b53b3556,lead_bfcaf1f45201,2026-03-24T21:32:01,2026-03-29T23:32:01,Investment Consultation,Initial Consultation,Showed,Taylor Brooks,Casey Bennett,Organic,0,,
book_b6e8ddc77b94,lead_b69454804e03,2026-05-20T15:22:35,2026-05-21T18:22:35,Follow Up Call,Initial Consultation,Showed,Alex Morgan,Casey Bennett,Meta Ads,0,,
book_8795cd7af749,lead_6c6398150193,2026-04-23T22:00:39,2026-05-02T00:00:39,Investment Consultation,Initial Consultation,Showed,Taylor Brooks,Morgan Reed,Email Campaign,0,,
book_8167f5476506,lead_34cfa19b6ff9,2026-03-27T13:49:48,2026-03-31T19:49:48,Follow Up Call,Initial Consultation,No Show,Alex Morgan,Riley Carter,Webinar,0,,Unknown
book_55f3565354fe,lead_0d5105a3d9a8,2026-05-13T11:41:21,2026-05-14T16:41:21,Follow Up Call,Initial Consultation,Showed,Alex Morgan,Riley Carter,Meta Ads,0,,
book_879e90320d65,lead_93444f4fc7be,2026-04-27T21:31:16,2026-05-01T23:31:16,Follow Up Call,Follow Up,Showed,Alex Morgan,Riley Carter,Meta Ads,0,,
book_a98dfd27d17d,lead_a911ced9875c,2026-05-25T11:03:08,2026-05-29T18:03:08,Investment Consultation,Initial Consultation,Showed,Alex Morgan,Riley Carter,Meta Ads,0,,
book_46cb7ce56f9e,lead_8c666920507a,2026-06-12T19:50:40,2026-06-14T22:50:40,Strategic Consultation,Initial Consultation,Showed,Jordan Lee,Riley Carter,Webinar,0,,
book_a559853ae776,lead_d98c8b72cb1a,2026-02-06T16:15:41,2026-02-14T18:15:41,Investment Consultation,Initial Consultation,Showed,Jordan Lee,Morgan Reed,Meta Ads,0,,
book_17aa8fae8738,lead_254abea4a01d,2026-02-10T13:16:51,2026-02-22T19:16:51,Investment Consultation,Initial Consultation,No Show,Taylor Brooks,Riley Carter,Meta Ads,0,,Unknown
book_12c336fc3a73,lead_8c0ba0beb4fb,2026-01-01T22:49:19,2026-01-10T02:49:19,Strategic Consultation,Initial Consultation,Showed,Alex Morgan,Riley Carter,Direct,0,,
book_68855799f314,lead_318aec0aacc8,2026-06-07T12:04:49,2026-06-10T17:04:49,Follow Up Call,Initial Consultation,Showed,Alex Morgan,Casey Bennett,Referral,0,,
book_36835b395363,lead_55c86ea673bb,2026-06-25T20:20:43,2026-06-30T00:20:43,Investment Consultation,Follow Up,Showed,Taylor Brooks,Morgan Reed,Referral,0,,
book_9d063ac1dc94,lead_3cd3fe668d82,2026-01-10T15:08:30,2026-01-15T22:08:30,Investment Consultation,Initial Consultation,No Show,Jordan Lee,Riley Carter,Meta Ads,0,,Unknown
book_46e26e136e07,lead_553303664a32,2026-06-15T16:05:50,2026-06-22T21:05:50,Investment Consultation,Follow Up,Showed,Taylor Brooks,Casey Bennett,Referral,0,,
book_52dbd17bfd22,lead_21f1db7bee60,2026-03-01T13:06:18,2026-03-11T17:06:18,Follow Up Call,Initial Consultation,No Show,Jordan Lee,Casey Bennett,Meta Ads,0,,No response
book_c8d13b3b538f,lead_726935a6943c,2026-03-16T23:04:13,2026-03-20T00:04:13,Follow Up Call,Initial Consultation,Showed,Taylor Brooks,Morgan Reed,Meta Ads,0,,
book_22b79b318f48,lead_b746f373441f,2026-07-01T12:10:01,2026-07-10T18:10:01,Follow Up Call,Initial Consultation,Rescheduled,Taylor Brooks,Morgan Reed,Organic,1,,
book_cc26235e824b,lead_e02e6f6b9e55,2026-02-05T03:31:07,2026-02-12T03:31:07,Strategic Consultation,Initial Consultation,Cancelled,Taylor Brooks,Riley Carter,Meta Ads,0,Financial concern,
book_21e80fc01dae,lead_f8682304a864,2026-02-26T14:34:14,2026-03-06T22:34:14,Follow Up Call,Initial Consultation,Rescheduled,Alex Morgan,Casey Bennett,Google Ads,1,,
book_f0bc16699684,lead_182ecef74eea,2026-01-18T13:13:00,2026-01-20T19:13:00,Investment Consultation,Initial Consultation,Showed,Alex Morgan,Morgan Reed,Webinar,0,,
book_6beaeaa862ac,lead_b26cefaa302b,2026-01-12T16:40:27,2026-01-16T21:40:27,Follow Up Call,Initial Consultation,Rescheduled,Jordan Lee,Riley Carter,Meta Ads,1,,
book_41ee36b24e54,lead_950b6cb53ea0,2026-05-16T05:23:47,2026-05-22T09:23:47,Investment Consultation,Initial Consultation,Showed,Alex Morgan,Riley Carter,Meta Ads,0,,
book_22365c8934dd,lead_581b67ddb090,2026-05-30T15:37:49,2026-06-02T18:37:49,Follow Up Call,Follow Up,No Show,Alex Morgan,Riley Carter,Meta Ads,0,,Unknown
book_831524c906bf,lead_eb4bb1e46e78,2026-01-15T10:44:39,2026-01-21T15:44:39,Investment Consultation,Initial Consultation,Showed,Jordan Lee,Riley Carter,Meta Ads,0,,
book_039fd6611b17,lead_be0489ab2dc3,2026-05-14T06:13:26,2026-05-15T14:13:26,Investment Consultation,Initial Consultation,Showed,Taylor Brooks,Morgan Reed,Referral,0,,
book_241d5b6ec502,lead_5358decd7e97,2026-05-26T09:30:17,2026-06-05T10:30:17,Investment Consultation,Initial Consultation,Showed,Jordan Lee,Casey Bennett,Webinar,0,,
book_c78b8983a3e8,lead_e95ce5e91bc3,2026-05-10T17:42:53,2026-05-17T19:42:53,Follow Up Call,Initial Consultation,Cancelled,Taylor Brooks,Morgan Reed,Google Ads,0,Not ready,
book_023c79fbde46,lead_8716339a3c92,2026-05-14T05:30:15,2026-05-19T13:30:15,Follow Up Call,Initial Consultation,Cancelled,Alex Morgan,Morgan Reed,Webinar,0,Scheduling conflict,
book_70b19e0b01d8,lead_fc57ad12992e,2026-04-03T09:27:02,2026-04-13T17:27:02,Investment Consultation,Initial Consultation,Showed,Jordan Lee,Casey Bennett,Webinar,0,,
book_3b57e558a451,lead_02b056cf6afd,2026-02-01T14:13:47,2026-02-13T17:13:47,Investment Consultation,Initial Consultation,Rescheduled,Alex Morgan,Riley Carter,Meta Ads,1,,
book_021ba706eaac,lead_80ea6dcf124f,2026-02-01T06:30:24,2026-02-12T14:30:24,Follow Up Call,Initial Consultation,Showed,Jordan Lee,Riley Carter,Email Campaign,0,,
book_80bd85879721,lead_b360fd47c3c2,2026-05-11T13:21:11,2026-05-15T17:21:11,Investment Consultation,Initial Consultation,No Show,Jordan Lee,Morgan Reed,Webinar,0,,No response
book_9d702f998c98,lead_b6593b392a33,2026-02-05T18:52:37,2026-02-11T00:52:37,Strategic Consultation,Initial Consultation,Showed,Taylor Brooks,Casey Bennett,Webinar,0,,
book_c21d365e5acf,lead_60e2824ba150,2026-02-04T09:26:38,2026-02-11T15:26:38,Follow Up Call,Initial Consultation,Showed,Alex Morgan,Riley Carter,Referral,0,,
book_de7842df94e9,lead_f979c60d4634,2026-06-26T09:19:58,2026-07-01T09:19:58,Follow Up Call,Initial Consultation,Cancelled,Alex Morgan,Morgan Reed,Meta Ads,0,Scheduling conflict,
book_811463d6aba7,lead_8b6d794cc7db,2026-06-30T15:26:25,2026-07-03T15:26:25,Follow Up Call,Follow Up,Showed,Taylor Brooks,Casey Bennett,Meta Ads,0,,
book_5d54875c22a3,lead_ec290a821954,2026-04-27T04:37:38,2026-05-03T11:37:38,Strategic Consultation,Initial Consultation,Showed,Taylor Brooks,Morgan Reed,Meta Ads,0,,
book_2d124bd54e65,lead_07d6adb5d1aa,2026-05-25T16:58:48,2026-05-28T00:58:48,Strategic Consultation,Follow Up,Showed,Taylor Brooks,Riley Carter,Google Ads,0,,
book_70c18d6119f1,lead_6254a937ceb6,2026-04-21T15:21:10,2026-04-26T21:21:10,Investment Consultation,Initial Consultation,Showed,Jordan Lee,Casey Bennett,Referral,0,,
book_4ea3df2f3386,lead_5170b3d545a5,2026-02-15T19:25:38,2026-02-23T01:25:38,Investment Consultation,Initial Consultation,Showed,Taylor Brooks,Casey Bennett,Organic,0,,
book_0cca0a86a8f1,lead_3567d401ac94,2026-03-05T19:28:48,2026-03-13T20:28:48,Follow Up Call,Follow Up,Showed,Jordan Lee,Casey Bennett,Google Ads,0,,
book_d4500b597f40,lead_30ee2a66850f,2026-06-19T17:15:40,2026-06-29T23:15:40,Investment Consultation,Initial Consultation,Showed,Jordan Lee,Morgan Reed,Webinar,0,,
book_c3c46cb937ab,lead_c0c7b2aeeca1,2026-02-01T05:55:01,2026-02-02T12:55:01,Strategic Consultation,Initial Consultation,No Show,Alex Morgan,Casey Bennett,Meta Ads,0,,Unknown
book_6e233f705cbf,lead_c7c84e12bde3,2026-05-04T22:00:17,2026-05-13T04:00:17,Strategic Consultation,Initial Consultation,Rescheduled,Taylor Brooks,Casey Bennett,Meta Ads,1,,
book_0d32dc5b3001,lead_cf80e7b537f4,2026-05-17T02:43:05,2026-05-23T05:43:05,Strategic Consultation,Initial Consultation,Showed,Jordan Lee,Riley Carter,Organic,0,,
book_1fc54bcae8ab,lead_a20c2a7d434f,2026-04-22T02:31:26,2026-05-01T08:31:26,Strategic Consultation,Initial Consultation,Showed,Jordan Lee,Casey Bennett,Google Ads,0,,
book_2ab5930ef740,lead_5ebaf9430747,2026-06-11T20:23:15,2026-06-13T22:23:15,Strategic Consultation,Initial Consultation,Cancelled,Taylor Brooks,Riley Carter,Direct,0,Not ready,
book_f4a796167828,lead_0bfe4a20c3ef,2026-01-15T00:00:37,2026-01-22T06:00:37,Investment Consultation,Follow Up,Rescheduled,Taylor Brooks,Casey Bennett,Meta Ads,2,,
book_2df367135368,lead_99205129de58,2026-05-10T01:25:20,2026-05-17T09:25:20,Strategic Consultation,Initial Consultation,Showed,Alex Morgan,Casey Bennett,Meta Ads,0,,
book_d19645d96635,lead_474356622fd0,2026-02-02T13:12:26,2026-02-12T13:12:26,Investment Consultation,Initial Consultation,No Show,Alex Morgan,Morgan Reed,Organic,0,,Work conflict
book_c2cbd9244fd2,lead_723eaef18640,2026-05-06T00:45:29,2026-05-11T08:45:29,Strategic Consultation,Follow Up,Showed,Jordan Lee,Morgan Reed,Google Ads,0,,
book_2b3273611f14,lead_1b735704542d,2026-05-07T18:29:28,2026-05-12T21:29:28,Strategic Consultation,Initial Consultation,Showed,Taylor Brooks,Morgan Reed,Meta Ads,0,,
book_6d6a09a81ea9,lead_69458a337235,2026-05-31T00:53:17,2026-06-11T06:53:17,Investment Consultation,Initial Consultation,Cancelled,Alex Morgan,Riley Carter,Google Ads,0,Financial concern,
book_7061a2a1527a,lead_e5a52807b658,2026-05-30T13:48:43,2026-06-10T17:48:43,Investment Consultation,Initial Consultation,No Show,Alex Morgan,Riley Carter,Meta Ads,0,,No response
book_b217df545af1,lead_69fda0677443,2026-04-25T23:15:18,2026-05-05T01:15:18,Investment Consultation,Follow Up,Showed,Taylor Brooks,Casey Bennett,Meta Ads,0,,
book_5d6a2eec3ac7,lead_5867d73ae34b,2026-05-01T00:46:52,2026-05-04T01:46:52,Strategic Consultation,Initial Consultation,Showed,Jordan Lee,Morgan Reed,Google Ads,0,,
book_d8b2df94c867,lead_8234a3133fdb,2026-06-14T01:18:01,2026-06-21T05:18:01,Strategic Consultation,Initial Consultation,No Show,Taylor Brooks,Casey Bennett,Webinar,0,,No response
book_422359e0c99d,lead_ae383636ddd5,2026-05-21T17:31:00,2026-05-27T21:31:00,Follow Up Call,Initial Consultation,Showed,Jordan Lee,Riley Carter,Organic,0,,
book_0b4afda46310,lead_c648099f8e72,2026-06-21T21:54:37,2026-06-24T03:54:37,Follow Up Call,Initial Consultation,Showed,Taylor Brooks,Morgan Reed,Meta Ads,0,,
book_48f91c1f946e,lead_b3eff4f9c748,2026-01-21T06:06:13,2026-01-29T08:06:13,Follow Up Call,Initial Consultation,Showed,Taylor Brooks,Morgan Reed,Organic,0,,
book_7a92eea44d82,lead_03c9c4d5d7fa,2026-02-28T23:52:20,2026-03-05T01:52:20,Follow Up Call,Initial Consultation,Showed,Alex Morgan,Morgan Reed,Webinar,0,,
book_38ac4021296d,lead_af4ef0f91847,2026-02-10T22:34:38,2026-02-11T22:34:38,Strategic Consultation,Initial Consultation,Showed,Jordan Lee,Morgan Reed,Meta Ads,0,,
book_2410f91f898c,lead_3c14de75cd09,2026-06-27T18:44:23,2026-07-09T02:44:23,Follow Up Call,Initial Consultation,Showed,Taylor Brooks,Morgan Reed,Meta Ads,0,,
book_24af440c145e,lead_8bdffbc278f1,2026-06-05T20:34:39,2026-06-10T21:34:39,Strategic Consultation,Initial Consultation,Showed,Jordan Lee,Riley Carter,Meta Ads,0,,
book_c4d96f27cc01,lead_f10baa7e8acf,2026-06-08T20:30:07,2026-06-10T23:30:07,Investment Consultation,Initial Consultation,Rescheduled,Alex Morgan,Casey Bennett,Webinar,1,,
book_80ddbd87af17,lead_f59fbc8bcbb1,2026-03-14T02:54:14,2026-03-17T10:54:14,Strategic Consultation,Initial Consultation,Showed,Taylor Brooks,Riley Carter,Email Campaign,0,,
book_0f2c8bb4f3da,lead_c4d489b6e5e0,2026-03-15T14:16:05,2026-03-23T14:16:05,Investment Consultation,Follow Up,No Show,Taylor Brooks,Riley Carter,Meta Ads,0,,Unknown
book_58f0a25896e1,lead_70e8c1279ab8,2026-05-13T00:54:59,2026-05-22T08:54:59,Follow Up Call,Initial Consultation,Showed,Jordan Lee,Casey Bennett,Email Campaign,0,,
book_b530691057b3,lead_fe2ee18d0188,2026-05-15T21:00:02,2026-05-27T03:00:02,Strategic Consultation,Initial Consultation,Showed,Jordan Lee,Riley Carter,Webinar,0,,
book_5b6edfb4476e,lead_afdcbc38a5d1,2026-06-03T07:19:44,2026-06-12T08:19:44,Investment Consultation,Initial Consultation,Rescheduled,Jordan Lee,Morgan Reed,Meta Ads,1,,
book_225614952c9f,lead_29f93db57795,2026-01-22T04:31:00,2026-02-02T08:31:00,Investment Consultation,Initial Consultation,Showed,Taylor Brooks,Riley Carter,Webinar,0,,
book_cfedb9d455d1,lead_6ec63eb63c0e,2026-05-04T23:21:53,2026-05-11T23:21:53,Follow Up Call,Initial Consultation,No Show,Jordan Lee,Morgan Reed,Referral,0,,Unknown
book_3921f616483e,lead_7292fb02c368,2026-04-05T18:23:54,2026-04-11T00:23:54,Investment Consultation,Initial Consultation,Showed,Alex Morgan,Morgan Reed,Webinar,0,,
book_bde7c92112e7,lead_d4e901ae4d22,2026-04-20T08:38:07,2026-04-24T13:38:07,Investment Consultation,Initial Consultation,No Show,Alex Morgan,Casey Bennett,Organic,0,,Forgot appointment
book_4746e9e9a503,lead_50a9cb1bfeac,2026-01-29T09:46:59,2026-02-06T09:46:59,Strategic Consultation,Initial Consultation,Showed,Taylor Brooks,Morgan Reed,Referral,0,,
book_a3ddc311f892,lead_4e8e227f60ce,2026-02-18T01:53:43,2026-03-02T02:53:43,Investment Consultation,Initial Consultation,Showed,Jordan Lee,Morgan Reed,Referral,0,,
book_76f9912a7912,lead_9a97d985e12a,2026-04-02T18:05:38,2026-04-15T00:05:38,Investment Consultation,Initial Consultation,Showed,Jordan Lee,Casey Bennett,Organic,0,,
book_24fbd30bca8d,lead_00bb32a6a9c4,2026-03-03T15:17:34,2026-03-05T20:17:34,Strategic Consultation,Initial Consultation,Rescheduled,Taylor Brooks,Morgan Reed,Organic,2,,
book_26a467c64b86,lead_05e761e3ee83,2026-04-17T05:48:20,2026-04-21T09:48:20,Investment Consultation,Initial Consultation,Showed,Taylor Brooks,Morgan Reed,Webinar,0,,
book_78e6217e0726,lead_e0694f00db25,2026-06-08T13:48:18,2026-06-13T20:48:18,Investment Consultation,Initial Consultation,Showed,Alex Morgan,Morgan Reed,Meta Ads,0,,
book_c8acaf910fd5,lead_dcf3f8310ad3,2026-01-04T19:56:44,2026-01-13T02:56:44,Investment Consultation,Initial Consultation,Showed,Taylor Brooks,Riley Carter,Meta Ads,0,,
book_905ae795fe78,lead_9151d93a69a0,2026-01-22T13:26:32,2026-01-27T15:26:32,Follow Up Call,Initial Consultation,Showed,Jordan Lee,Casey Bennett,Google Ads,0,,
book_f58b30a47b8f,lead_6a8372404e43,2026-04-11T17:58:52,2026-04-12T19:58:52,Strategic Consultation,Initial Consultation,Showed,Jordan Lee,Riley Carter,Meta Ads,0,,
book_d7aafde80019,lead_238fc39275cd,2026-03-28T23:23:22,2026-03-31T06:23:22,Strategic Consultation,Initial Consultation,Showed,Jordan Lee,Casey Bennett,Webinar,0,,
book_88c892602d18,lead_d17079c2776a,2026-04-13T10:34:57,2026-04-19T14:34:57,Investment Consultation,Follow Up,Rescheduled,Alex Morgan,Casey Bennett,Webinar,1,,
