lead_id,created_at,first_name,last_name,email,phone,country,source,campaign,funnel_type,landing_page,utm_source,utm_medium,utm_campaign,assigned_setter,assigned_closer,current_stage,lead_score,contacted_at,first_response_at,booking_id,sale_id
lead_623cef702c74,2026-04-09T03:07:34,Danielle,Johnson,john21@example.net,(419) 600-1338 x908,Canada,Meta Ads,Evergreen Wealth,Evergreen,/evergreen-wealth,meta_ads,paid_social,evergreen_wealth,Alex Morgan,Riley Carter,Cancelled,55,2026-04-09T05:46:34,2026-04-09T03:56:34,book_6a2e535d69b1,
lead_019ea8e4de1b,2026-02-12T19:19:39,Jennifer,Miles,lrobinson@example.com,726-542-3511,Canada,Referral,Client Referral,Referral,/client-referral,referral,organic,client_referral,Alex Morgan,Morgan Reed,New Lead,91,2026-02-12T21:18:39,2026-02-12T20:14:39,,
lead_0455c845a5bc,2026-02-23T22:58:27,Colin,Abbott,lindsay78@example.org,+1 (418) 495-9310,Canada,Referral,Client Referral,Referral,/client-referral,referral,organic,client_referral,Jordan Lee,Morgan Reed,Consultation Showed,63,2026-02-23T23:42:27,2026-02-23T23:25:27,book_97799f004db3,
lead_92f5b79455e5,2026-03-11T16:57:54,Kendra,Galloway,michellejames@example.com,1 (425) 534-1928,United States,Meta Ads,Evergreen Wealth,Evergreen,/evergreen-wealth,meta_ads,paid_social,evergreen_wealth,Alex Morgan,Riley Carter,New Lead,68,2026-03-11T18:30:54,2026-03-11T18:54:54,,
lead_8b61b1f7bfaf,2026-06-29T02:12:28,Frank,Gray,gabriellecameron@example.org,(805) 641-3953,Canada,Google Ads,High Intent Search,Evergreen,/high-intent-search,google_ads,cpc,high_intent_search,Jordan Lee,Riley Carter,New Lead,66,2026-06-29T03:53:28,2026-06-29T02:34:28,,
lead_8c3f43f8dc7c,2026-04-23T02:39:21,Randall,Rocha,ithomas@example.org,(184) 969-6532 x871,United States,Organic,Organic Content,Organic,/organic-content,organic,organic,organic_content,Alex Morgan,Riley Carter,Consultation Showed,50,2026-04-23T03:33:21,2026-04-23T03:01:21,book_31701c064fe4,
lead_110d49db02b3,2026-01-16T11:51:27,Michelle,Hernandez,laurahenderson@example.org,+1 (569) 784-8018,Mexico,Meta Ads,Investor Calculator,Evergreen,/investor-calculator,meta_ads,paid_social,investor_calculator,Jordan Lee,Casey Bennett,New Lead,26,2026-01-16T12:55:27,2026-01-16T12:31:27,,
lead_58040971da5b,2026-02-01T14:01:22,Kayla,Peterson,ryan70@example.net,1-682-814-8932,Canada,Google Ads,Real Estate Mentorship,Evergreen,/real-estate-mentorship,google_ads,cpc,real_estate_mentorship,Taylor Brooks,Casey Bennett,New Lead,48,2026-02-01T15:40:22,2026-02-01T14:09:22,,
lead_58d0d132cc31,2026-04-29T06:45:22,Kathryn,Ryan,georgetracy@example.org,1 (943) 039-1171,Canada,Referral,Partner Referral,Referral,/partner-referral,referral,organic,partner_referral,Taylor Brooks,Morgan Reed,New Lead,72,2026-04-29T09:32:22,2026-04-29T06:59:22,,
lead_0134da8e98c1,2026-02-22T10:02:52,Katie,Anderson,karroyo@example.com,(496) 383-4657 x871,United States,Meta Ads,Investor Calculator,Evergreen,/investor-calculator,meta_ads,paid_social,investor_calculator,Alex Morgan,Riley Carter,New Lead,35,2026-02-22T12:50:52,2026-02-22T10:18:52,,
lead_5c8ba2b8982e,2026-02-14T11:26:28,Jeffrey,Morgan,briannasmith@example.net,431-051-8347,Mexico,Meta Ads,Evergreen Wealth,Evergreen,/evergreen-wealth,meta_ads,paid_social,evergreen_wealth,Jordan Lee,Casey Bennett,New Lead,52,2026-02-14T11:39:28,2026-02-14T13:12:28,,
lead_44d59478cda7,2026-06-20T04:10:08,Amber,Cummings,esanchez@example.com,(111) 656-6701,Canada,Meta Ads,Mentorship VSL,Evergreen,/mentorship-vsl,meta_ads,paid_social,mentorship_vsl,Jordan Lee,Casey Bennett,New Lead,34,2026-06-20T05:35:08,2026-06-20T04:44:08,,
lead_eac77b3e59db,2026-01-28T17:49:47,Richard,Morgan,wrightjames@example.com,162 473 1781,Canada,Webinar,VIP Webinar,Webinar,/vip-webinar,webinar,organic,vip_webinar,Taylor Brooks,Riley Carter,New Lead,69,2026-01-28T19:01:47,2026-01-28T18:10:47,,
lead_17e72ebe4593,2026-06-24T08:09:28,Denise,Fernandez,novaksara@example.org,767 736 0260,Canada,Organic,Organic Content,Organic,/organic-content,organic,organic,organic_content,Alex Morgan,Morgan Reed,New Lead,63,2026-06-24T10:43:28,2026-06-24T08:22:28,,
lead_be647e1f44dc,2026-05-27T18:12:00,Joseph,Bowers,smitchell@example.net,(872) 343-0980 x500,Mexico,Organic,Organic Content,Organic,/organic-content,organic,organic,organic_content,Alex Morgan,Riley Carter,New Lead,53,2026-05-27T18:29:00,2026-05-27T18:32:00,,
lead_4d1d9411f109,2026-03-23T23:24:28,Wesley,Farrell,brianromero@example.org,191.361.9399,Canada,Meta Ads,Mentorship VSL,Evergreen,/mentorship-vsl,meta_ads,paid_social,mentorship_vsl,Jordan Lee,Riley Carter,New Lead,87,2026-03-24T02:01:28,2026-03-23T23:44:28,,
lead_03ca6f08be2a,2026-04-18T10:13:10,Christine,Barnes,sarah35@example.org,1-262-475-1079,United States,Direct,Direct Traffic,Evergreen,/direct-traffic,direct,organic,direct_traffic,Alex Morgan,Riley Carter,New Lead,40,2026-04-18T10:20:10,2026-04-18T10:45:10,,
lead_0fefed595838,2026-05-30T05:55:46,Charles,Lewis,david51@example.org,1 (542) 784-9808,Canada,Webinar,VIP Webinar,Webinar,/vip-webinar,webinar,organic,vip_webinar,Jordan Lee,Casey Bennett,New Lead,47,2026-05-30T08:44:46,2026-05-30T06:58:46,,
lead_5d7274877f82,2026-05-21T05:11:34,Sarah,Garcia,josephpreston@example.net,(224) 493-5348 x740,France,Meta Ads,Evergreen Wealth,Evergreen,/evergreen-wealth,meta_ads,paid_social,evergreen_wealth,Alex Morgan,Riley Carter,New Lead,26,2026-05-21T06:23:34,2026-05-21T05:50:34,,
lead_d1e48e561d6d,2026-06-13T10:27:48,Cynthia,Calderon,smithkellie@example.net,1-927-868-0112,Canada,Email Campaign,Database Reactivation,Evergreen,/database-reactivation,email_campaign,organic,database_reactivation,Alex Morgan,Morgan Reed,New Lead,61,2026-06-13T13:15:48,2026-06-13T10:38:48,,
lead_2577d7af64d0,2026-04-15T17:41:18,Barry,Wood,russellwilliams@example.com,453-315-8692,Mexico,Google Ads,High Intent Search,Evergreen,/high-intent-search,google_ads,cpc,high_intent_search,Taylor Brooks,Casey Bennett,New Lead,59,2026-04-15T20:01:18,2026-04-15T18:40:18,,
lead_def7547a3845,2026-06-30T09:54:48,Michelle,Cherry,nicolejohnson@example.net,1 (463) 421-6073,Mexico,Organic,Organic Content,Organic,/organic-content,organic,organic,organic_content,Jordan Lee,Morgan Reed,New Lead,52,2026-06-30T11:31:48,2026-06-30T10:24:48,,
lead_98bd5cb75c78,2026-01-16T07:02:04,Lisa,Stevens,lori33@example.org,(665) 414-5868,United States,Meta Ads,Mentorship VSL,Evergreen,/mentorship-vsl,meta_ads,paid_social,mentorship_vsl,Alex Morgan,Riley Carter,New Lead,46,2026-01-16T07:28:04,2026-01-16T07:12:04,,
lead_5747afc23e92,2026-05-09T02:39:42,Sheila,Wilson,gregory40@example.org,+1 (555) 698-1693,Mexico,Webinar,5-Day Investor Challenge,Webinar,/5-day-investor-challenge,webinar,organic,5-day_investor_challenge,Alex Morgan,Casey Bennett,Consultation Showed,84,2026-05-09T04:45:42,2026-05-09T03:01:42,book_95721a7ceef1,
lead_99a1a3465e61,2026-02-11T03:03:04,Bradley,Graham,michaeljones@example.net,1 (595) 148-4656,United States,Organic,Organic Content,Organic,/organic-content,organic,organic,organic_content,Taylor Brooks,Morgan Reed,New Lead,29,2026-02-11T05:26:04,2026-02-11T03:46:04,,
lead_ab8f2312006c,2026-05-11T10:17:17,Angela,Lee,lbyrd@example.net,1-668-044-3699,Canada,Webinar,VIP Webinar,Webinar,/vip-webinar,webinar,organic,vip_webinar,Taylor Brooks,Casey Bennett,Consultation Showed,61,2026-05-11T13:08:17,2026-05-11T10:59:17,book_ab7d487c89e3,
lead_e945474cf026,2026-01-13T10:22:56,Steven,Ramos,williamleon@example.net,414 895 1343,Canada,Meta Ads,Evergreen Wealth,Evergreen,/evergreen-wealth,meta_ads,paid_social,evergreen_wealth,Taylor Brooks,Morgan Reed,New Lead,67,2026-01-13T11:53:56,2026-01-13T10:41:56,,
lead_72b20de03093,2026-01-14T18:51:06,Dylan,Williams,xcarr@example.org,369-367-6320 x163,Canada,Organic,Organic Content,Organic,/organic-content,organic,organic,organic_content,Alex Morgan,Morgan Reed,New Lead,71,2026-01-14T21:37:06,2026-01-14T20:06:06,,
lead_9a72c11446fa,2026-04-10T20:08:28,Linda,Dominguez,pwilliams@example.org,327-889-5798 x687,Canada,Webinar,5-Day Investor Challenge,Webinar,/5-day-investor-challenge,webinar,organic,5-day_investor_challenge,Jordan Lee,Morgan Reed,New Lead,62,2026-04-10T21:13:28,2026-04-10T20:24:28,,
lead_f0a4024c7764,2026-02-17T04:26:57,Julia,Wells,karen48@example.com,(247) 143-4558,Mexico,Organic,Organic Content,Organic,/organic-content,organic,organic,organic_content,Alex Morgan,Morgan Reed,Consultation Showed,73,2026-02-17T06:32:57,2026-02-17T05:09:57,book_3a0264e5f07d,
lead_af70de6b0474,2026-03-10T19:08:46,Devon,Hall,jasminebrown@example.com,1 (787) 603-6690,Canada,Meta Ads,Investor Calculator,Evergreen,/investor-calculator,meta_ads,paid_social,investor_calculator,Taylor Brooks,Morgan Reed,New Lead,54,2026-03-10T21:01:46,2026-03-10T19:30:46,,
lead_1faee6246acf,2026-01-12T18:28:31,Thomas,Bender,karen68@example.net,(893) 734-6706 x562,United States,Referral,Partner Referral,Referral,/partner-referral,referral,organic,partner_referral,Alex Morgan,Morgan Reed,New Lead,48,2026-01-12T20:16:31,2026-01-12T18:41:31,,
lead_096409016474,2026-03-29T02:41:26,Samantha,Hooper,meadowsbrittany@example.net,416-272-0465,Canada,Meta Ads,Mentorship VSL,Evergreen,/mentorship-vsl,meta_ads,paid_social,mentorship_vsl,Jordan Lee,Casey Bennett,New Lead,78,2026-03-29T03:21:26,2026-03-29T03:44:26,,
lead_84c243dcc66a,2026-03-28T01:08:20,Shawn,Rogers,aramirez@example.com,470.805.3100,Canada,Meta Ads,Evergreen Wealth,Evergreen,/evergreen-wealth,meta_ads,paid_social,evergreen_wealth,Taylor Brooks,Riley Carter,New Lead,73,2026-03-28T03:33:20,2026-03-28T01:39:20,,
lead_a129bab29f61,2026-06-29T21:10:58,James,Smith,johnwells@example.org,(274) 529-9124,Canada,Webinar,5-Day Investor Challenge,Webinar,/5-day-investor-challenge,webinar,organic,5-day_investor_challenge,Jordan Lee,Casey Bennett,Consultation Showed,57,2026-06-29T22:15:58,2026-06-29T21:54:58,book_b5e0845e5b78,
lead_7e73b55a10b7,2026-06-25T05:41:18,Beth,Hickman,tsanders@example.org,993.149.1905,Canada,Meta Ads,Investor Calculator,Evergreen,/investor-calculator,meta_ads,paid_social,investor_calculator,Alex Morgan,Casey Bennett,New Lead,82,2026-06-25T06:01:18,2026-06-25T06:25:18,,
lead_6b6f5ccf3fcf,2026-02-25T09:21:27,Ross,Wood,alexander67@example.org,+1 (857) 262-8498,United States,Meta Ads,Investor Calculator,Evergreen,/investor-calculator,meta_ads,paid_social,investor_calculator,Taylor Brooks,Riley Carter,Cancelled,82,2026-02-25T11:14:27,2026-02-25T09:53:27,book_00661e2a0c92,
lead_6d1f1b621913,2026-01-31T01:24:19,Steven,Petersen,marcus31@example.com,637-996-5075 x273,Canada,Referral,Client Referral,Referral,/client-referral,referral,organic,client_referral,Alex Morgan,Riley Carter,Consultation Showed,81,2026-01-31T02:17:19,2026-01-31T01:28:19,book_0be7bf1e9d10,
lead_907b98025125,2026-05-26T05:49:07,Lauren,Peterson,angela83@example.org,(567) 837-7701,Canada,Webinar,5-Day Investor Challenge,Webinar,/5-day-investor-challenge,webinar,organic,5-day_investor_challenge,Taylor Brooks,Casey Bennett,Consultation Showed,62,2026-05-26T07:14:07,2026-05-26T06:24:07,book_5affe776618f,
lead_32d3121b7086,2026-01-12T01:04:40,Jeffrey,Holt,elizabeth57@example.net,(656) 855-7444 x313,Canada,Organic,Organic Content,Organic,/organic-content,organic,organic,organic_content,Alex Morgan,Morgan Reed,New Lead,25,2026-01-12T03:19:40,2026-01-12T01:39:40,,
lead_f8ed9007075a,2026-03-20T09:43:49,David,Herrera,jamesrodgers@example.com,(594) 134-3524 x082,Mexico,Organic,Organic Content,Organic,/organic-content,organic,organic,organic_content,Taylor Brooks,Morgan Reed,Consultation Showed,63,2026-03-20T10:18:49,2026-03-20T10:10:49,book_94be909f0ca6,
lead_895809daed78,2026-05-01T06:31:37,Brandon,Brown,heidi27@example.org,894-777-5204,Canada,Organic,Organic Content,Organic,/organic-content,organic,organic,organic_content,Taylor Brooks,Riley Carter,New Lead,48,2026-05-01T06:56:37,2026-05-01T08:19:37,,
lead_c54854f15fd5,2026-02-09T15:55:00,Danny,Jones,ojones@example.net,422-941-3186,United States,Organic,Organic Content,Organic,/organic-content,organic,organic,organic_content,Alex Morgan,Casey Bennett,New Lead,49,2026-02-09T18:51:00,2026-02-09T16:12:00,,
lead_4f4b7107e451,2026-03-30T18:49:15,Kimberly,James,levans@example.com,1-399-091-3341,Mexico,Google Ads,Real Estate Mentorship,Evergreen,/real-estate-mentorship,google_ads,cpc,real_estate_mentorship,Alex Morgan,Morgan Reed,New Lead,62,2026-03-30T20:14:15,2026-03-30T19:57:15,,
lead_2e8d8c687330,2026-01-15T05:25:10,John,Arnold,aaronhayes@example.net,240-344-7134 x936,Canada,Google Ads,High Intent Search,Evergreen,/high-intent-search,google_ads,cpc,high_intent_search,Jordan Lee,Morgan Reed,New Lead,65,2026-01-15T07:47:10,2026-01-15T05:46:10,,
lead_cdef0273842d,2026-06-20T17:41:46,Amy,Holland,margaret10@example.org,1-999-471-7464,Canada,Email Campaign,Database Reactivation,Evergreen,/database-reactivation,email_campaign,organic,database_reactivation,Alex Morgan,Casey Bennett,New Lead,73,2026-06-20T18:48:46,2026-06-20T18:16:46,,
lead_eff881a7d854,2026-04-29T18:37:29,Amber,Kim,prestonjessica@example.net,1-301-399-0490,Canada,Webinar,VIP Webinar,Webinar,/vip-webinar,webinar,organic,vip_webinar,Taylor Brooks,Riley Carter,Cancelled,62,2026-04-29T21:29:29,2026-04-29T18:55:29,book_2d98210d7a37,
lead_147db98837bb,2026-01-21T02:44:53,Thomas,Pearson,howard96@example.net,717-565-5125 x674,Canada,Meta Ads,Mentorship VSL,Evergreen,/mentorship-vsl,meta_ads,paid_social,mentorship_vsl,Alex Morgan,Riley Carter,Call Booked,34,2026-01-21T03:23:53,2026-01-21T03:08:53,book_f0941ab63213,
lead_33578f0f1a8e,2026-02-24T17:04:45,Lisa,Pierce,qmiller@example.com,668.087.6038,Canada,Organic,Organic Content,Organic,/organic-content,organic,organic,organic_content,Jordan Lee,Morgan Reed,New Lead,61,2026-02-24T19:43:45,2026-02-24T17:45:45,,
lead_731a9ac9352c,2026-04-09T03:22:36,Cindy,Jimenez,nwolf@example.com,(924) 771-0932 x480,Canada,Referral,Client Referral,Referral,/client-referral,referral,organic,client_referral,Alex Morgan,Morgan Reed,New Lead,63,2026-04-09T05:32:36,2026-04-09T03:55:36,,
lead_44a6819d0e33,2026-01-09T13:27:33,Ricky,Walker,murraydavid@example.org,948-467-7378 x263,Canada,Referral,Client Referral,Referral,/client-referral,referral,organic,client_referral,Alex Morgan,Riley Carter,Consultation Showed,61,2026-01-09T13:32:33,2026-01-09T13:37:33,book_c4345aa9c63a,
lead_cbef8a895f8f,2026-05-24T22:23:11,Julie,Taylor,hillkristy@example.com,1 (884) 044-9972,Canada,Direct,Direct Traffic,Evergreen,/direct-traffic,direct,organic,direct_traffic,Jordan Lee,Riley Carter,Consultation Showed,44,2026-05-25T00:21:11,2026-05-24T22:48:11,book_e188165a1359,
lead_dc54db5f06f5,2026-06-21T11:34:26,Amanda,Reed,ugibson@example.org,(396) 360-5766,Canada,Meta Ads,Evergreen Wealth,Evergreen,/evergreen-wealth,meta_ads,paid_social,evergreen_wealth,Jordan Lee,Riley Carter,New Lead,64,2026-06-21T12:17:26,2026-06-21T12:03:26,,
lead_e40ab7b3d387,2026-01-25T17:56:21,Tyler,Johnson,molly71@example.net,902-621-7459 x615,Canada,Organic,Organic Content,Organic,/organic-content,organic,organic,organic_content,Alex Morgan,Casey Bennett,New Lead,58,2026-01-25T18:11:21,2026-01-25T20:25:21,,
lead_cf3d43502aae,2026-05-10T12:08:05,Norman,Stewart,cbrennan@example.net,534.316.1172,Canada,Meta Ads,Evergreen Wealth,Evergreen,/evergreen-wealth,meta_ads,paid_social,evergreen_wealth,Taylor Brooks,Casey Bennett,New Lead,56,2026-05-10T12:39:05,2026-05-10T12:48:05,,
lead_6ab88219fc45,2026-06-29T18:22:19,Rebecca,Williams,carternicholas@example.org,(486) 922-2196,Mexico,Direct,Direct Traffic,Evergreen,/direct-traffic,direct,organic,direct_traffic,Alex Morgan,Casey Bennett,New Lead,57,2026-06-29T19:27:19,2026-06-29T18:29:19,,
lead_cf867fdd6e88,2026-06-29T12:25:23,Tyler,Aguilar,stevenking@example.com,774-821-7594,United States,Meta Ads,Mentorship VSL,Evergreen,/mentorship-vsl,meta_ads,paid_social,mentorship_vsl,Jordan Lee,Riley Carter,New Lead,96,2026-06-29T13:55:23,2026-06-29T12:59:23,,
lead_3b4f1d492049,2026-02-21T19:24:17,Hannah,Bryant,james67@example.org,(169) 594-4064,United States,Webinar,5-Day Investor Challenge,Webinar,/5-day-investor-challenge,webinar,organic,5-day_investor_challenge,Alex Morgan,Casey Bennett,Consultation Showed,72,2026-02-21T20:09:17,2026-02-21T19:52:17,book_c03dfff2cb21,
lead_a996de0764f8,2026-02-13T04:36:58,Ashlee,Jennings,lozanojulie@example.com,(595) 339-4210,Mexico,Webinar,VIP Webinar,Webinar,/vip-webinar,webinar,organic,vip_webinar,Jordan Lee,Casey Bennett,Consultation Showed,48,2026-02-13T05:32:58,2026-02-13T05:08:58,book_92eaa17acbab,
lead_ff59f9334c61,2026-02-13T06:53:56,Kristina,Johnson,jessica14@example.com,+1 (523) 285-8842,United States,Meta Ads,Evergreen Wealth,Evergreen,/evergreen-wealth,meta_ads,paid_social,evergreen_wealth,Jordan Lee,Casey Bennett,New Lead,68,2026-02-13T07:04:56,2026-02-13T08:15:56,,
lead_efdb1b86509e,2026-05-31T03:57:48,Robin,Raymond,julie51@example.com,923.685.1604,Canada,Meta Ads,Evergreen Wealth,Evergreen,/evergreen-wealth,meta_ads,paid_social,evergreen_wealth,Taylor Brooks,Casey Bennett,New Lead,42,2026-05-31T05:13:48,2026-05-31T04:59:48,,
lead_2b32093e7f0c,2026-01-06T08:37:40,David,Richardson,brenda51@example.net,(570) 985-9317,Mexico,Referral,Client Referral,Referral,/client-referral,referral,organic,client_referral,Jordan Lee,Morgan Reed,New Lead,44,2026-01-06T09:11:40,2026-01-06T10:18:40,,
lead_24e21632acc2,2026-01-08T10:17:29,Debra,Wilson,shahkevin@example.com,313.826.7586,Canada,Organic,Organic Content,Organic,/organic-content,organic,organic,organic_content,Jordan Lee,Riley Carter,New Lead,92,2026-01-08T10:49:29,2026-01-08T11:09:29,,
lead_397e4fe031af,2026-04-28T17:08:16,Nicole,Pena,rgilbert@example.org,1 (137) 735-1585,Canada,Webinar,VIP Webinar,Webinar,/vip-webinar,webinar,organic,vip_webinar,Taylor Brooks,Morgan Reed,New Lead,58,2026-04-28T19:23:16,2026-04-28T17:22:16,,
lead_0d882c67e9a2,2026-03-26T16:10:31,Raymond,Lopez,rushmadison@example.org,(990) 053-2931,Canada,Meta Ads,Mentorship VSL,Evergreen,/mentorship-vsl,meta_ads,paid_social,mentorship_vsl,Taylor Brooks,Riley Carter,New Lead,49,2026-03-26T16:15:31,2026-03-26T16:45:31,,
lead_212f339079fc,2026-03-12T17:23:42,Jamie,Robinson,markhernandez@example.net,142-284-2102,Canada,Webinar,5-Day Investor Challenge,Webinar,/5-day-investor-challenge,webinar,organic,5-day_investor_challenge,Taylor Brooks,Casey Bennett,New Lead,68,2026-03-12T19:18:42,2026-03-12T17:32:42,,
lead_a8ab9ce9dff6,2026-05-20T18:17:52,Michael,Kramer,alfred40@example.org,+1 (881) 177-5891,Canada,Referral,Partner Referral,Referral,/partner-referral,referral,organic,partner_referral,Taylor Brooks,Casey Bennett,New Lead,75,2026-05-20T19:38:52,2026-05-20T18:31:52,,
lead_7c99cc59aa4a,2026-02-27T09:51:11,William,Dougherty,acostaregina@example.net,(647) 007-6617 x711,Canada,Meta Ads,Mentorship VSL,Evergreen,/mentorship-vsl,meta_ads,paid_social,mentorship_vsl,Jordan Lee,Riley Carter,New Lead,82,2026-02-27T12:17:11,2026-02-27T10:06:11,,
lead_40d03d6cd009,2026-04-30T12:30:26,Charlene,Jones,claudia98@example.net,1 (269) 847-8961,Canada,Email Campaign,Database Reactivation,Evergreen,/database-reactivation,email_campaign,organic,database_reactivation,Taylor Brooks,Morgan Reed,New Lead,52,2026-04-30T15:00:26,2026-04-30T12:47:26,,
lead_4a6dfb2ee4c4,2026-03-25T11:25:26,Melissa,Curtis,russellbeasley@example.com,1 (376) 615-6545,United States,Meta Ads,Evergreen Wealth,Evergreen,/evergreen-wealth,meta_ads,paid_social,evergreen_wealth,Jordan Lee,Casey Bennett,New Lead,37,2026-03-25T13:58:26,2026-03-25T12:28:26,,
lead_5e3fc61c7c0a,2026-04-10T06:14:36,Gloria,Wells,deckerchristopher@example.org,1 (628) 098-8516,United States,Google Ads,High Intent Search,Evergreen,/high-intent-search,google_ads,cpc,high_intent_search,Taylor Brooks,Morgan Reed,New Lead,78,2026-04-10T08:20:36,2026-04-10T06:53:36,,
lead_df97e6b1f955,2026-04-11T02:10:49,Morgan,Pugh,uparrish@example.org,1-494-519-8327,United States,Referral,Client Referral,Referral,/client-referral,referral,organic,client_referral,Jordan Lee,Morgan Reed,New Lead,70,2026-04-11T05:04:49,2026-04-11T02:19:49,,
lead_75f638096952,2026-05-11T15:27:18,Melanie,Bell,danny49@example.org,+1 (589) 980-9402,Canada,Webinar,5-Day Investor Challenge,Webinar,/5-day-investor-challenge,webinar,organic,5-day_investor_challenge,Alex Morgan,Morgan Reed,New Lead,79,2026-05-11T16:51:18,2026-05-11T16:07:18,,
lead_5356a0e0393d,2026-04-03T06:17:45,Jacqueline,Parker,michael22@example.net,+1 (612) 018-3667,Mexico,Meta Ads,Evergreen Wealth,Evergreen,/evergreen-wealth,meta_ads,paid_social,evergreen_wealth,Alex Morgan,Casey Bennett,New Lead,36,2026-04-03T08:58:45,2026-04-03T06:29:45,,
lead_f704ef909c90,2026-05-20T11:44:04,Eric,Collins,kimberly99@example.org,822-901-4767,Canada,Google Ads,High Intent Search,Evergreen,/high-intent-search,google_ads,cpc,high_intent_search,Alex Morgan,Morgan Reed,New Lead,62,2026-05-20T13:27:04,2026-05-20T12:34:04,,
lead_ab3d548bb378,2026-06-23T08:05:46,Robert,Lewis,reeddaniel@example.net,584-036-9003 x432,United States,Referral,Partner Referral,Referral,/partner-referral,referral,organic,partner_referral,Alex Morgan,Morgan Reed,New Lead,73,2026-06-23T08:37:46,2026-06-23T08:45:46,,
lead_fe3f00fa32bb,2026-01-10T18:02:04,Keith,Wilson,lburgess@example.org,+1 (183) 885-1606,Canada,Webinar,VIP Webinar,Webinar,/vip-webinar,webinar,organic,vip_webinar,Alex Morgan,Casey Bennett,New Lead,71,2026-01-10T20:29:04,2026-01-10T18:21:04,,
lead_d2eb33e2d667,2026-05-10T15:08:15,Steve,Miller,barbara96@example.net,+1 (241) 605-2975,France,Meta Ads,Investor Calculator,Evergreen,/investor-calculator,meta_ads,paid_social,investor_calculator,Taylor Brooks,Casey Bennett,New Lead,46,2026-05-10T17:28:15,2026-05-10T15:49:15,,
lead_e78194497c3a,2026-04-29T23:10:00,Samuel,Rodriguez,hchapman@example.org,+1 (945) 352-1818,Canada,Email Campaign,Database Reactivation,Evergreen,/database-reactivation,email_campaign,organic,database_reactivation,Taylor Brooks,Casey Bennett,New Lead,63,2026-04-30T01:24:00,2026-04-30T01:37:00,,
lead_8b81d3a73b57,2026-03-29T09:28:37,James,Parsons,jessica23@example.org,843 292 1277,United States,Webinar,VIP Webinar,Webinar,/vip-webinar,webinar,organic,vip_webinar,Taylor Brooks,Casey Bennett,New Lead,78,2026-03-29T10:39:37,2026-03-29T09:40:37,,
lead_1100bbc95cf4,2026-05-02T16:51:33,Erin,Macias,michelle52@example.com,577.449.0581,Canada,Webinar,VIP Webinar,Webinar,/vip-webinar,webinar,organic,vip_webinar,Alex Morgan,Riley Carter,Cancelled,80,2026-05-02T17:57:33,2026-05-02T17:06:33,book_3f6d5e5fc9cc,
lead_5a1438391211,2026-03-07T05:09:46,Steven,Johnson,marie11@example.net,(367) 980-7935 x978,Mexico,Meta Ads,Investor Calculator,Evergreen,/investor-calculator,meta_ads,paid_social,investor_calculator,Alex Morgan,Morgan Reed,New Lead,43,2026-03-07T06:35:46,2026-03-07T06:32:46,,
lead_2be4d1da3a6b,2026-05-15T18:02:25,Susan,Hayes,toni18@example.net,603 778 8925,United States,Meta Ads,Investor Calculator,Evergreen,/investor-calculator,meta_ads,paid_social,investor_calculator,Alex Morgan,Casey Bennett,New Lead,63,2026-05-15T18:46:25,2026-05-15T19:13:25,,
lead_ca7b9ecda0fc,2026-03-22T17:38:54,Samantha,Hughes,erika05@example.org,1 (318) 644-9251,Canada,Google Ads,Real Estate Mentorship,Evergreen,/real-estate-mentorship,google_ads,cpc,real_estate_mentorship,Jordan Lee,Casey Bennett,No Show,87,2026-03-22T17:58:54,2026-03-22T18:41:54,book_c33f195a29d7,
lead_28eb18a493e7,2026-06-16T08:39:38,Sabrina,Collins,tanderson@example.org,1-186-528-1685,Canada,Webinar,5-Day Investor Challenge,Webinar,/5-day-investor-challenge,webinar,organic,5-day_investor_challenge,Alex Morgan,Casey Bennett,Consultation Showed,55,2026-06-16T11:11:38,2026-06-16T09:06:38,book_53ef7ed5925f,
lead_81fbd9d50835,2026-06-15T17:21:20,Michael,White,matthewmiranda@example.org,(622) 141-8880,Canada,Meta Ads,Investor Calculator,Evergreen,/investor-calculator,meta_ads,paid_social,investor_calculator,Taylor Brooks,Riley Carter,New Lead,44,2026-06-15T19:13:20,2026-06-15T17:37:20,,
lead_bde61e7b3c38,2026-04-05T19:18:51,Nancy,Williamson,lmoore@example.net,470 653 7947,Canada,Webinar,5-Day Investor Challenge,Webinar,/5-day-investor-challenge,webinar,organic,5-day_investor_challenge,Jordan Lee,Morgan Reed,Consultation Showed,73,2026-04-05T20:19:51,2026-04-05T19:49:51,book_3c83b4eada5b,
lead_b17da8fcbe3d,2026-05-21T14:55:47,Amanda,Collins,mmckee@example.com,874-688-6239 x240,Mexico,Google Ads,Real Estate Mentorship,Evergreen,/real-estate-mentorship,google_ads,cpc,real_estate_mentorship,Alex Morgan,Riley Carter,No Show,70,2026-05-21T15:42:47,2026-05-21T15:36:47,book_64ea122b4c8f,
lead_b240d488d9c3,2026-04-25T22:25:12,Morgan,Spencer,dawsonzachary@example.org,1-812-478-2613,United States,Organic,Organic Content,Organic,/organic-content,organic,organic,organic_content,Alex Morgan,Riley Carter,Consultation Showed,80,2026-04-26T00:54:12,2026-04-25T22:58:12,book_1332f4d05d25,
lead_011aaa5a6630,2026-02-05T06:55:07,Nicole,Arias,gbrown@example.com,(361) 530-5152,Canada,Google Ads,Real Estate Mentorship,Evergreen,/real-estate-mentorship,google_ads,cpc,real_estate_mentorship,Jordan Lee,Morgan Reed,No Show,100,2026-02-05T07:12:07,2026-02-05T07:21:07,book_674531c01db9,
lead_5ec95d9a8c0d,2026-05-28T19:35:15,Benjamin,Lowery,ihorton@example.net,279-010-4328 x986,Canada,Google Ads,Real Estate Mentorship,Evergreen,/real-estate-mentorship,google_ads,cpc,real_estate_mentorship,Jordan Lee,Casey Bennett,No Show,43,2026-05-28T21:17:15,2026-05-28T20:29:15,book_50131abb7a39,
lead_92278ea0ec6a,2026-01-04T18:19:57,Kimberly,Young,williamsrobert@example.net,111-798-0893 x246,Canada,Webinar,VIP Webinar,Webinar,/vip-webinar,webinar,organic,vip_webinar,Jordan Lee,Morgan Reed,New Lead,75,2026-01-04T20:42:57,2026-01-04T18:33:57,,
lead_be0308e171bd,2026-05-27T10:58:53,Christina,Allen,qlopez@example.org,(651) 888-8806 x706,Mexico,Referral,Partner Referral,Referral,/partner-referral,referral,organic,partner_referral,Alex Morgan,Morgan Reed,Cancelled,79,2026-05-27T11:10:53,2026-05-27T11:25:53,book_84877b6eea8b,
lead_1b8b4dbb623a,2026-01-25T12:13:56,Jon,Smith,cooperjessica@example.net,895.205.8527,United States,Referral,Partner Referral,Referral,/partner-referral,referral,organic,partner_referral,Taylor Brooks,Morgan Reed,Consultation Showed,66,2026-01-25T14:19:56,2026-01-25T13:01:56,book_a48ed1f1c95f,
lead_e0453e24d48e,2026-05-29T22:00:15,Crystal,Cain,baldwinsherry@example.org,1-830-305-4868,Canada,Organic,Organic Content,Organic,/organic-content,organic,organic,organic_content,Taylor Brooks,Riley Carter,New Lead,33,2026-05-29T23:39:15,2026-05-29T22:16:15,,
lead_7cc71426a300,2026-03-02T09:32:47,Jon,Mullins,justinatkins@example.org,1 (841) 566-7652,Canada,Webinar,5-Day Investor Challenge,Webinar,/5-day-investor-challenge,webinar,organic,5-day_investor_challenge,Jordan Lee,Riley Carter,Consultation Showed,81,2026-03-02T10:04:47,2026-03-02T09:55:47,book_2912c275e53f,
lead_73d0d5630df3,2026-03-19T00:32:37,Heather,Richardson,laurie61@example.com,784 511 5447,Canada,Referral,Client Referral,Referral,/client-referral,referral,organic,client_referral,Taylor Brooks,Riley Carter,Cancelled,47,2026-03-19T01:27:37,2026-03-19T01:11:37,book_51ab21129bd2,
lead_f0f94ec9dffe,2026-05-31T00:01:18,Garrett,Wallace,wwilliams@example.net,+1 (840) 165-8202,Mexico,Meta Ads,Mentorship VSL,Evergreen,/mentorship-vsl,meta_ads,paid_social,mentorship_vsl,Taylor Brooks,Morgan Reed,New Lead,63,2026-05-31T01:23:18,2026-05-31T00:39:18,,
lead_a38719277417,2026-03-09T10:05:12,Austin,Jones,michael90@example.net,775 571 9285,Canada,Webinar,5-Day Investor Challenge,Webinar,/5-day-investor-challenge,webinar,organic,5-day_investor_challenge,Jordan Lee,Morgan Reed,New Lead,70,2026-03-09T12:26:12,2026-03-09T10:21:12,,
lead_75d7cdf93d6f,2026-01-03T10:57:47,Leonard,Ramirez,johnsonjacob@example.net,+1 (481) 447-3947,Mexico,Organic,Organic Content,Organic,/organic-content,organic,organic,organic_content,Alex Morgan,Casey Bennett,Consultation Showed,39,2026-01-03T12:49:47,2026-01-03T11:31:47,book_eb8ab3e8678c,
lead_272ab2b6ecb5,2026-05-18T08:17:49,David,Farrell,tthompson@example.com,655.188.4422,Canada,Direct,Direct Traffic,Evergreen,/direct-traffic,direct,organic,direct_traffic,Taylor Brooks,Riley Carter,New Lead,66,2026-05-18T09:01:49,2026-05-18T09:01:49,,
lead_08ecabbb408c,2026-04-30T14:21:34,William,Martinez,laurayoung@example.com,258-957-8291,United States,Direct,Direct Traffic,Evergreen,/direct-traffic,direct,organic,direct_traffic,Jordan Lee,Casey Bennett,New Lead,73,2026-04-30T16:43:34,2026-04-30T15:39:34,,
lead_3d728b48e8e0,2026-03-04T14:02:53,Kyle,Key,xfox@example.com,325.177.8528,Mexico,Webinar,VIP Webinar,Webinar,/vip-webinar,webinar,organic,vip_webinar,Alex Morgan,Casey Bennett,New Lead,52,2026-03-04T15:09:53,2026-03-04T14:12:53,,
lead_6d67c2236aac,2026-05-26T17:28:22,Katrina,Anderson,guerraapril@example.com,925 358 4143,Canada,Webinar,5-Day Investor Challenge,Webinar,/5-day-investor-challenge,webinar,organic,5-day_investor_challenge,Taylor Brooks,Casey Bennett,No Show,75,2026-05-26T19:31:22,2026-05-26T18:18:22,book_a97f7605b495,
lead_d419e1273e64,2026-06-15T05:43:39,Joshua,Weber,shawgary@example.net,529 959 0010,Canada,Meta Ads,Investor Calculator,Evergreen,/investor-calculator,meta_ads,paid_social,investor_calculator,Alex Morgan,Casey Bennett,New Lead,100,2026-06-15T07:11:39,2026-06-15T06:33:39,,
lead_d2322290e8f4,2026-02-24T07:18:10,Debra,Wang,bmontgomery@example.com,(844) 736-4710 x276,United States,Webinar,VIP Webinar,Webinar,/vip-webinar,webinar,organic,vip_webinar,Jordan Lee,Riley Carter,New Lead,85,2026-02-24T09:55:10,2026-02-24T08:10:10,,
lead_fc27450696aa,2026-01-17T14:59:07,Steven,Peterson,larryhiggins@example.net,1 (262) 588-1537,United States,Meta Ads,Evergreen Wealth,Evergreen,/evergreen-wealth,meta_ads,paid_social,evergreen_wealth,Jordan Lee,Riley Carter,New Lead,67,2026-01-17T16:05:07,2026-01-17T16:10:07,,
lead_9262550a6fa1,2026-05-06T10:07:32,Joseph,Wright,williamssonia@example.net,+1 (832) 595-3278,Canada,Webinar,VIP Webinar,Webinar,/vip-webinar,webinar,organic,vip_webinar,Alex Morgan,Morgan Reed,New Lead,79,2026-05-06T12:17:32,2026-05-06T10:32:32,,
lead_e1c358bc48d6,2026-05-15T07:57:42,Victor,Parker,davisphillip@example.com,(539) 500-4797,Canada,Meta Ads,Investor Calculator,Evergreen,/investor-calculator,meta_ads,paid_social,investor_calculator,Taylor Brooks,Casey Bennett,New Lead,53,2026-05-15T09:04:42,2026-05-15T08:14:42,,
lead_7140f4f9320a,2026-03-24T14:59:29,Amanda,Boone,qanderson@example.net,1 (965) 060-9835,Canada,Organic,Organic Content,Organic,/organic-content,organic,organic,organic_content,Taylor Brooks,Casey Bennett,New Lead,59,2026-03-24T17:24:29,2026-03-24T15:21:29,,
lead_58f267b09106,2026-02-14T18:23:06,Keith,Hughes,rduran@example.net,921.655.8523,United States,Meta Ads,Investor Calculator,Evergreen,/investor-calculator,meta_ads,paid_social,investor_calculator,Jordan Lee,Morgan Reed,New Lead,25,2026-02-14T18:58:06,2026-02-14T21:53:06,,
lead_fcb7289b92d2,2026-02-07T04:38:44,Richard,Williams,taylormason@example.com,(672) 982-5952 x694,United States,Webinar,5-Day Investor Challenge,Webinar,/5-day-investor-challenge,webinar,organic,5-day_investor_challenge,Jordan Lee,Riley Carter,New Lead,41,2026-02-07T05:38:44,2026-02-07T05:35:44,,
lead_67e22e8b221f,2026-01-20T12:29:08,William,Hicks,terickson@example.com,555-169-4097,Canada,Organic,Organic Content,Organic,/organic-content,organic,organic,organic_content,Jordan Lee,Morgan Reed,New Lead,75,2026-01-20T13:23:08,2026-01-20T12:51:08,,
lead_bc6cfe5afaa7,2026-04-14T17:14:59,Tammy,Patton,jennifersilva@example.org,(396) 230-9130 x756,Canada,Meta Ads,Mentorship VSL,Evergreen,/mentorship-vsl,meta_ads,paid_social,mentorship_vsl,Alex Morgan,Riley Carter,New Lead,40,2026-04-14T17:51:59,2026-04-14T17:48:59,,
lead_93121ba5e282,2026-05-04T20:41:16,Robert,Harris,vsalas@example.net,328-385-7865,Canada,Meta Ads,Evergreen Wealth,Evergreen,/evergreen-wealth,meta_ads,paid_social,evergreen_wealth,Alex Morgan,Riley Carter,Consultation Showed,68,2026-05-04T22:51:16,2026-05-04T20:59:16,book_e9aa8cbc07e6,
lead_c3c61e815660,2026-03-27T12:44:00,Steve,Patel,erica49@example.com,(634) 843-4437,Canada,Meta Ads,Investor Calculator,Evergreen,/investor-calculator,meta_ads,paid_social,investor_calculator,Alex Morgan,Casey Bennett,Consultation Showed,61,2026-03-27T14:16:00,2026-03-27T13:02:00,book_374b82f05ffa,
lead_9f9e428f0f0e,2026-01-23T03:41:04,Timothy,Castro,keith98@example.com,+1 (852) 404-1574,Canada,Email Campaign,Database Reactivation,Evergreen,/database-reactivation,email_campaign,organic,database_reactivation,Alex Morgan,Riley Carter,New Lead,47,2026-01-23T04:02:04,2026-01-23T04:15:04,,
lead_6a7ec4d117ca,2026-01-30T11:05:56,Jason,Clayton,sarah42@example.org,(830) 833-0165,Mexico,Referral,Partner Referral,Referral,/partner-referral,referral,organic,partner_referral,Jordan Lee,Morgan Reed,Consultation Showed,75,2026-01-30T11:48:56,2026-01-30T14:09:56,book_9bbad6d7aacd,
lead_f4fe143bef5f,2026-04-19T08:48:31,Craig,Townsend,oconnelltiffany@example.org,+1 (477) 345-4019,United States,Direct,Direct Traffic,Evergreen,/direct-traffic,direct,organic,direct_traffic,Taylor Brooks,Morgan Reed,New Lead,60,2026-04-19T10:39:31,2026-04-19T08:54:31,,
lead_14a094f6da77,2026-03-29T11:32:58,Amanda,Sharp,gentrygregory@example.org,267-240-0499,Canada,Webinar,VIP Webinar,Webinar,/vip-webinar,webinar,organic,vip_webinar,Taylor Brooks,Casey Bennett,New Lead,81,2026-03-29T13:30:58,2026-03-29T11:51:58,,
lead_c78195af1976,2026-01-12T16:41:36,Sarah,Rogers,ihays@example.net,628-743-1527 x420,France,Meta Ads,Mentorship VSL,Evergreen,/mentorship-vsl,meta_ads,paid_social,mentorship_vsl,Alex Morgan,Morgan Reed,New Lead,55,2026-01-12T19:22:36,2026-01-12T16:58:36,,
lead_dc871f8fe8d8,2026-05-09T05:49:05,Krystal,Bradley,gregorychase@example.com,+1 (485) 161-2275,Canada,Referral,Client Referral,Referral,/client-referral,referral,organic,client_referral,Alex Morgan,Riley Carter,Consultation Showed,81,2026-05-09T06:14:05,2026-05-09T06:38:05,book_b5e917fd2204,
lead_ab6479e2586c,2026-03-21T07:49:47,Adam,Reyes,vmolina@example.com,945-301-7426,United States,Meta Ads,Evergreen Wealth,Evergreen,/evergreen-wealth,meta_ads,paid_social,evergreen_wealth,Jordan Lee,Casey Bennett,Consultation Showed,52,2026-03-21T09:49:47,2026-03-21T08:01:47,book_204317e6d461,
lead_a50cb1a5a059,2026-05-18T06:39:10,Sandra,Barron,hannah45@example.net,(832) 727-9568,United States,Meta Ads,Investor Calculator,Evergreen,/investor-calculator,meta_ads,paid_social,investor_calculator,Jordan Lee,Morgan Reed,New Lead,47,2026-05-18T07:56:10,2026-05-18T07:01:10,,
lead_b77cbc91299b,2026-06-02T23:32:40,Katherine,Pham,kathleenbecker@example.net,987.851.9108,Canada,Referral,Client Referral,Referral,/client-referral,referral,organic,client_referral,Alex Morgan,Casey Bennett,New Lead,72,2026-06-03T02:17:40,2026-06-03T01:47:40,,
lead_b85dc16ba71f,2026-05-06T18:11:47,James,Herrera,markmeyer@example.org,(797) 187-0728,Mexico,Meta Ads,Evergreen Wealth,Evergreen,/evergreen-wealth,meta_ads,paid_social,evergreen_wealth,Alex Morgan,Morgan Reed,New Lead,72,2026-05-06T18:54:47,2026-05-06T18:23:47,,
lead_e76ec2a4e5d5,2026-04-26T13:06:22,Stephen,Brown,tchambers@example.net,264-039-1065,Mexico,Meta Ads,Investor Calculator,Evergreen,/investor-calculator,meta_ads,paid_social,investor_calculator,Jordan Lee,Morgan Reed,New Lead,72,2026-04-26T15:36:22,2026-04-26T16:06:22,,
lead_f553ebecd8e0,2026-05-16T20:59:43,Amber,Brown,andersenthomas@example.com,+1 (922) 656-7661,Mexico,Organic,Organic Content,Organic,/organic-content,organic,organic,organic_content,Taylor Brooks,Riley Carter,New Lead,50,2026-05-16T22:47:43,2026-05-16T21:08:43,,
lead_da00071c0cfa,2026-04-27T03:03:10,Dean,Dalton,whiteamanda@example.net,430 047 8686,Mexico,Organic,Organic Content,Organic,/organic-content,organic,organic,organic_content,Taylor Brooks,Casey Bennett,New Lead,45,2026-04-27T03:18:10,2026-04-27T04:34:10,,
lead_d309f1a1716b,2026-01-18T17:36:50,John,Reed,jacob10@example.net,+1 (190) 331-1907,France,Organic,Organic Content,Organic,/organic-content,organic,organic,organic_content,Taylor Brooks,Riley Carter,New Lead,69,2026-01-18T18:39:50,2026-01-18T18:23:50,,
lead_cd64620694c8,2026-04-22T21:30:20,John,Williams,nyoung@example.org,584 395 9953,United States,Email Campaign,Database Reactivation,Evergreen,/database-reactivation,email_campaign,organic,database_reactivation,Alex Morgan,Casey Bennett,New Lead,56,2026-04-22T21:45:20,2026-04-22T21:45:20,,
lead_bf7bf7d7ce63,2026-06-27T21:12:31,Nancy,Odom,roberthill@example.net,768 705 6856,Canada,Organic,Organic Content,Organic,/organic-content,organic,organic,organic_content,Taylor Brooks,Casey Bennett,New Lead,41,2026-06-27T22:28:31,2026-06-27T21:14:31,,
lead_37180ae4db10,2026-01-18T17:13:13,Edward,Bennett,oallen@example.com,470 866 8826,Canada,Referral,Client Referral,Referral,/client-referral,referral,organic,client_referral,Jordan Lee,Casey Bennett,New Lead,47,2026-01-18T19:18:13,2026-01-18T17:40:13,,
lead_9fe9935d65bb,2026-03-06T00:59:47,Jonathan,Rivera,nielsenmelanie@example.org,(830) 469-9013 x983,United States,Referral,Partner Referral,Referral,/partner-referral,referral,organic,partner_referral,Jordan Lee,Riley Carter,New Lead,43,2026-03-06T02:49:47,2026-03-06T03:01:47,,
lead_18542e07fc9b,2026-03-30T07:38:32,Jason,Meadows,susan03@example.org,773.936.3854,Canada,Email Campaign,Database Reactivation,Evergreen,/database-reactivation,email_campaign,organic,database_reactivation,Jordan Lee,Morgan Reed,Consultation Showed,59,2026-03-30T08:05:32,2026-03-30T08:01:32,book_1a204ac01105,
lead_d9f10b16f6b0,2026-06-17T22:46:31,Steven,Wong,jose87@example.com,375.355.6093,Mexico,Direct,Direct Traffic,Evergreen,/direct-traffic,direct,organic,direct_traffic,Alex Morgan,Riley Carter,New Lead,33,2026-06-18T01:02:31,2026-06-18T00:30:31,,
lead_a98aaa4590ed,2026-03-22T05:52:23,Allen,Tran,mphillips@example.com,(869) 378-5477,Canada,Webinar,VIP Webinar,Webinar,/vip-webinar,webinar,organic,vip_webinar,Jordan Lee,Riley Carter,Consultation Showed,67,2026-03-22T06:10:23,2026-03-22T07:15:23,book_e2feabaca96c,
lead_f246ca0b5d0e,2026-05-28T13:48:45,Gary,Norton,donaldpayne@example.org,(408) 010-0623 x120,Canada,Webinar,VIP Webinar,Webinar,/vip-webinar,webinar,organic,vip_webinar,Taylor Brooks,Morgan Reed,No Show,75,2026-05-28T14:06:45,2026-05-28T14:03:45,book_15e183afc6cd,
lead_291a5c8f3e4c,2026-06-21T01:02:33,William,Brooks,bhopkins@example.org,(286) 008-4840 x862,Canada,Email Campaign,Database Reactivation,Evergreen,/database-reactivation,email_campaign,organic,database_reactivation,Taylor Brooks,Riley Carter,New Lead,47,2026-06-21T03:11:33,2026-06-21T01:40:33,,
lead_c1ac70fd2d04,2026-03-02T08:12:02,Samantha,Warren,jamesfox@example.com,1-261-567-9334,Canada,Webinar,5-Day Investor Challenge,Webinar,/5-day-investor-challenge,webinar,organic,5-day_investor_challenge,Jordan Lee,Morgan Reed,New Lead,61,2026-03-02T10:38:02,2026-03-02T08:47:02,,
lead_9108e5032be3,2026-03-31T14:30:10,Desiree,Garrison,davisnicholas@example.net,400-217-6591 x803,United States,Meta Ads,Evergreen Wealth,Evergreen,/evergreen-wealth,meta_ads,paid_social,evergreen_wealth,Alex Morgan,Casey Bennett,New Lead,68,2026-03-31T15:05:10,2026-03-31T15:06:10,,
lead_26ca4b2da1e6,2026-04-09T19:30:55,Rachel,Schwartz,enelson@example.net,1-789-025-0392,Canada,Email Campaign,Database Reactivation,Evergreen,/database-reactivation,email_campaign,organic,database_reactivation,Jordan Lee,Casey Bennett,New Lead,36,2026-04-09T20:44:55,2026-04-09T21:27:55,,
lead_59ebbc9dbbe3,2026-01-29T02:04:49,Sarah,Evans,ashleyatkinson@example.net,(756) 218-5016 x315,Canada,Meta Ads,Mentorship VSL,Evergreen,/mentorship-vsl,meta_ads,paid_social,mentorship_vsl,Taylor Brooks,Riley Carter,New Lead,24,2026-01-29T03:47:49,2026-01-29T05:06:49,,
lead_af757e6d5f75,2026-06-17T18:39:26,Tanya,Nguyen,kristen77@example.org,1 (486) 629-6194,Canada,Webinar,5-Day Investor Challenge,Webinar,/5-day-investor-challenge,webinar,organic,5-day_investor_challenge,Jordan Lee,Casey Bennett,New Lead,77,2026-06-17T19:01:26,2026-06-17T19:08:26,,
lead_c1bbadb3f79e,2026-06-09T08:02:15,Jennifer,Miller,normanbowers@example.org,+1 (255) 110-4754,Canada,Email Campaign,Database Reactivation,Evergreen,/database-reactivation,email_campaign,organic,database_reactivation,Jordan Lee,Riley Carter,New Lead,47,2026-06-09T08:07:15,2026-06-09T08:43:15,,
lead_79506d7af2ba,2026-06-18T00:24:23,David,Lopez,ghawkins@example.com,101.581.9956,Canada,Organic,Organic Content,Organic,/organic-content,organic,organic,organic_content,Jordan Lee,Casey Bennett,New Lead,49,2026-06-18T01:07:23,2026-06-18T00:52:23,,
lead_34aeae1c1da1,2026-03-15T05:55:34,Kelly,Hughes,hardyanita@example.org,(526) 224-4472 x126,Mexico,Meta Ads,Mentorship VSL,Evergreen,/mentorship-vsl,meta_ads,paid_social,mentorship_vsl,Alex Morgan,Riley Carter,New Lead,71,2026-03-15T07:56:34,2026-03-15T06:15:34,,
lead_060bef831eb1,2026-02-15T08:28:47,Robert,Washington,wardsheryl@example.net,699-371-2406 x596,Canada,Meta Ads,Investor Calculator,Evergreen,/investor-calculator,meta_ads,paid_social,investor_calculator,Taylor Brooks,Casey Bennett,New Lead,46,2026-02-15T10:18:47,2026-02-15T09:12:47,,
lead_2b38b65be14a,2026-03-16T23:15:26,Scott,Jordan,kevinmorrison@example.net,(675) 265-4793,United States,Referral,Client Referral,Referral,/client-referral,referral,organic,client_referral,Taylor Brooks,Morgan Reed,New Lead,72,2026-03-17T02:09:26,2026-03-17T00:23:26,,
lead_993d79978906,2026-01-25T12:21:00,Nicholas,Velasquez,kdiaz@example.org,(428) 073-7416 x724,France,Organic,Organic Content,Organic,/organic-content,organic,organic,organic_content,Jordan Lee,Morgan Reed,New Lead,67,2026-01-25T14:34:00,2026-01-25T13:24:00,,
lead_9228ff5b029a,2026-01-20T08:41:24,Johnny,Moore,emccormick@example.com,496-886-8058 x911,Mexico,Webinar,VIP Webinar,Webinar,/vip-webinar,webinar,organic,vip_webinar,Alex Morgan,Riley Carter,New Lead,58,2026-01-20T11:00:24,2026-01-20T08:58:24,,
lead_a515f4ad1880,2026-01-30T23:22:31,Diane,Kelly,hartdeanna@example.net,+1 (956) 101-4388,Canada,Meta Ads,Mentorship VSL,Evergreen,/mentorship-vsl,meta_ads,paid_social,mentorship_vsl,Jordan Lee,Casey Bennett,New Lead,66,2026-01-30T23:46:31,2026-01-31T00:22:31,,
lead_586ee8d85eba,2026-05-07T04:27:29,Beverly,Johnston,dbrooks@example.net,(625) 071-4611 x254,Mexico,Referral,Client Referral,Referral,/client-referral,referral,organic,client_referral,Taylor Brooks,Riley Carter,New Lead,69,2026-05-07T04:52:29,2026-05-07T04:59:29,,
lead_ed534cb7a2fa,2026-05-02T17:05:45,Stanley,Clark,gbailey@example.com,951-401-0512 x382,Mexico,Google Ads,Real Estate Mentorship,Evergreen,/real-estate-mentorship,google_ads,cpc,real_estate_mentorship,Alex Morgan,Riley Carter,New Lead,47,2026-05-02T19:14:45,2026-05-02T18:37:45,,
lead_1f349b4be449,2026-05-13T21:31:59,Ethan,Castro,zhall@example.net,726 609 3796,France,Meta Ads,Mentorship VSL,Evergreen,/mentorship-vsl,meta_ads,paid_social,mentorship_vsl,Taylor Brooks,Morgan Reed,New Lead,54,2026-05-13T22:49:59,2026-05-13T22:22:59,,
lead_8d701c8370c0,2026-05-28T15:34:46,Adam,Lewis,karen19@example.org,(725) 537-1478 x596,United States,Google Ads,High Intent Search,Evergreen,/high-intent-search,google_ads,cpc,high_intent_search,Alex Morgan,Casey Bennett,New Lead,75,2026-05-28T18:21:46,2026-05-28T16:01:46,,
lead_e7d73a5d0f5d,2026-06-25T10:15:40,Brenda,Bailey,rwilliamson@example.net,1-399-125-1341,Canada,Meta Ads,Investor Calculator,Evergreen,/investor-calculator,meta_ads,paid_social,investor_calculator,Alex Morgan,Casey Bennett,New Lead,70,2026-06-25T10:27:40,2026-06-25T11:19:40,,
lead_2a8aea2bd902,2026-01-29T06:24:15,Nathaniel,Thomas,ibarnes@example.net,+1 (362) 782-8274,Canada,Google Ads,Real Estate Mentorship,Evergreen,/real-estate-mentorship,google_ads,cpc,real_estate_mentorship,Taylor Brooks,Riley Carter,New Lead,57,2026-01-29T07:31:15,2026-01-29T07:58:15,,
lead_6ea5b89650e3,2026-02-03T23:52:56,Jacob,Wilkinson,glennstephanie@example.com,836 887 6767,United States,Webinar,5-Day Investor Challenge,Webinar,/5-day-investor-challenge,webinar,organic,5-day_investor_challenge,Jordan Lee,Riley Carter,New Lead,62,2026-02-04T00:17:56,2026-02-04T00:49:56,,
lead_ad6d33d736db,2026-06-27T06:05:29,Gary,Cunningham,kellyhill@example.net,1-527-978-8191,Canada,Referral,Client Referral,Referral,/client-referral,referral,organic,client_referral,Jordan Lee,Riley Carter,Consultation Showed,65,2026-06-27T08:39:29,2026-06-27T06:47:29,book_7d3c0eb59314,
lead_c06f026f2be9,2026-05-10T11:42:10,Kimberly,Morrow,amber07@example.net,(861) 340-7451,Mexico,Meta Ads,Investor Calculator,Evergreen,/investor-calculator,meta_ads,paid_social,investor_calculator,Jordan Lee,Casey Bennett,New Lead,67,2026-05-10T11:49:10,2026-05-10T12:17:10,,
lead_9eea93e4d5ac,2026-01-15T08:13:17,Michelle,Wilson,jasonrojas@example.net,1 (696) 292-3309,Mexico,Referral,Partner Referral,Referral,/partner-referral,referral,organic,partner_referral,Taylor Brooks,Casey Bennett,New Lead,100,2026-01-15T10:11:17,2026-01-15T08:30:17,,
lead_81774e68f8a7,2026-05-15T01:05:38,Amanda,Carlson,mariopadilla@example.com,1-381-260-4223,Canada,Referral,Client Referral,Referral,/client-referral,referral,organic,client_referral,Jordan Lee,Morgan Reed,New Lead,48,2026-05-15T02:14:38,2026-05-15T01:19:38,,
lead_a4d7e30d03b5,2026-01-21T17:02:24,Jennifer,Poole,kburns@example.net,1-866-711-6845,Canada,Direct,Direct Traffic,Evergreen,/direct-traffic,direct,organic,direct_traffic,Jordan Lee,Riley Carter,New Lead,69,2026-01-21T18:07:24,2026-01-21T18:25:24,,
lead_a1f5756095b7,2026-02-27T07:52:30,Stephanie,Murphy,meltonmelanie@example.org,951-863-6374 x545,France,Meta Ads,Mentorship VSL,Evergreen,/mentorship-vsl,meta_ads,paid_social,mentorship_vsl,Taylor Brooks,Casey Bennett,Consultation Showed,67,2026-02-27T08:02:30,2026-02-27T08:46:30,book_00ba271aa31d,
lead_b382f8af588d,2026-06-17T23:30:22,Becky,Knight,rkramer@example.org,417-012-7706,United States,Meta Ads,Mentorship VSL,Evergreen,/mentorship-vsl,meta_ads,paid_social,mentorship_vsl,Alex Morgan,Riley Carter,New Lead,43,2026-06-18T02:30:22,2026-06-18T00:02:22,,
lead_de78fc327b8a,2026-05-31T15:12:53,Wendy,Blankenship,erik41@example.net,1 (241) 520-6436,United States,Webinar,VIP Webinar,Webinar,/vip-webinar,webinar,organic,vip_webinar,Jordan Lee,Morgan Reed,New Lead,56,2026-05-31T16:15:53,2026-05-31T15:47:53,,
lead_cbc3fa4cd5a7,2026-05-12T14:36:40,Jane,Smith,lmiller@example.org,(270) 051-6271 x361,United States,Referral,Client Referral,Referral,/client-referral,referral,organic,client_referral,Alex Morgan,Riley Carter,New Lead,64,2026-05-12T17:29:40,2026-05-12T15:48:40,,
lead_7b1273a47cf7,2026-05-06T12:09:56,Dakota,Richardson,derrick22@example.org,(290) 927-5326 x973,Canada,Meta Ads,Mentorship VSL,Evergreen,/mentorship-vsl,meta_ads,paid_social,mentorship_vsl,Jordan Lee,Morgan Reed,New Lead,52,2026-05-06T12:24:56,2026-05-06T12:26:56,,
lead_b8b9cdfbc297,2026-01-18T12:03:07,Peggy,Taylor,lawrencepatrick@example.com,1 (523) 413-8999,Canada,Organic,Organic Content,Organic,/organic-content,organic,organic,organic_content,Jordan Lee,Morgan Reed,New Lead,48,2026-01-18T13:23:07,2026-01-18T12:49:07,,
lead_c2cd2db1ce23,2026-06-20T04:36:08,Kimberly,Vaughn,jamie98@example.org,+1 (240) 376-1379,Canada,Meta Ads,Mentorship VSL,Evergreen,/mentorship-vsl,meta_ads,paid_social,mentorship_vsl,Jordan Lee,Morgan Reed,Call Booked,61,2026-06-20T06:14:08,2026-06-20T04:53:08,book_123198a402f4,
lead_6e023cb24a51,2026-06-06T14:30:31,Allison,Levine,sarah26@example.net,+1 (558) 271-0910,United States,Meta Ads,Investor Calculator,Evergreen,/investor-calculator,meta_ads,paid_social,investor_calculator,Jordan Lee,Morgan Reed,New Lead,49,2026-06-06T15:50:31,2026-06-06T15:10:31,,
lead_5d67f24877e7,2026-01-28T07:58:30,Jason,Livingston,ohunter@example.net,(966) 618-8924 x141,Mexico,Organic,Organic Content,Organic,/organic-content,organic,organic,organic_content,Taylor Brooks,Riley Carter,New Lead,61,2026-01-28T09:00:30,2026-01-28T08:20:30,,
lead_835c2ef4e750,2026-01-18T12:50:30,Samantha,Mccann,amandamyers@example.net,146.303.1617,Canada,Direct,Direct Traffic,Evergreen,/direct-traffic,direct,organic,direct_traffic,Taylor Brooks,Morgan Reed,New Lead,35,2026-01-18T14:36:30,2026-01-18T13:00:30,,
lead_5f5f0130d754,2026-04-24T12:14:50,Kyle,Harmon,davidzimmerman@example.net,527-588-4252,Mexico,Google Ads,Real Estate Mentorship,Evergreen,/real-estate-mentorship,google_ads,cpc,real_estate_mentorship,Jordan Lee,Morgan Reed,New Lead,54,2026-04-24T13:56:50,2026-04-24T12:32:50,,
lead_aee899e2eefa,2026-01-05T20:37:23,Jessica,Wilson,rogersruben@example.net,349.177.8507,Mexico,Referral,Client Referral,Referral,/client-referral,referral,organic,client_referral,Taylor Brooks,Casey Bennett,New Lead,91,2026-01-05T23:20:23,2026-01-05T21:19:23,,
lead_a7612d449c39,2026-05-06T18:16:43,Michael,Scott,shannonemily@example.org,(380) 003-0756,United States,Email Campaign,Database Reactivation,Evergreen,/database-reactivation,email_campaign,organic,database_reactivation,Jordan Lee,Riley Carter,New Lead,54,2026-05-06T18:37:43,2026-05-06T19:21:43,,
lead_d937f87df4ea,2026-01-23T15:44:57,Harold,Horne,tranrobin@example.net,+1 (235) 365-4195,Canada,Meta Ads,Investor Calculator,Evergreen,/investor-calculator,meta_ads,paid_social,investor_calculator,Alex Morgan,Casey Bennett,New Lead,41,2026-01-23T16:24:57,2026-01-23T16:16:57,,
lead_c4f13cec5b27,2026-01-19T20:56:51,Wayne,Winters,jeffreyblack@example.org,+1 (617) 445-1870,Mexico,Direct,Direct Traffic,Evergreen,/direct-traffic,direct,organic,direct_traffic,Alex Morgan,Casey Bennett,New Lead,52,2026-01-19T22:01:51,2026-01-19T21:28:51,,
lead_5d3bf422bd48,2026-04-25T01:12:15,James,Elliott,jodi37@example.com,138-320-6038 x505,Mexico,Google Ads,Real Estate Mentorship,Evergreen,/real-estate-mentorship,google_ads,cpc,real_estate_mentorship,Taylor Brooks,Morgan Reed,New Lead,44,2026-04-25T01:56:15,2026-04-25T01:54:15,,
lead_a38ca6b34a6b,2026-02-24T07:41:00,Katherine,Bennett,dalton83@example.com,202-410-3865 x719,United States,Webinar,VIP Webinar,Webinar,/vip-webinar,webinar,organic,vip_webinar,Alex Morgan,Casey Bennett,New Lead,91,2026-02-24T07:54:00,2026-02-24T08:31:00,,
lead_1751e077123b,2026-06-16T02:41:12,William,Walsh,kjones@example.org,+1 (523) 445-6557,Canada,Google Ads,High Intent Search,Evergreen,/high-intent-search,google_ads,cpc,high_intent_search,Taylor Brooks,Casey Bennett,New Lead,64,2026-06-16T04:18:12,2026-06-16T03:11:12,,
lead_941ae04b55cf,2026-01-12T18:11:01,Jesus,Harding,kimberlyrichards@example.org,827.756.1853,Canada,Organic,Organic Content,Organic,/organic-content,organic,organic,organic_content,Alex Morgan,Casey Bennett,New Lead,50,2026-01-12T19:57:01,2026-01-12T19:08:01,,
lead_cc0a7b7b98be,2026-05-05T14:33:34,Kyle,Baker,davislindsey@example.com,535-213-5680,Canada,Meta Ads,Evergreen Wealth,Evergreen,/evergreen-wealth,meta_ads,paid_social,evergreen_wealth,Alex Morgan,Morgan Reed,New Lead,57,2026-05-05T17:21:34,2026-05-05T15:12:34,,
lead_ad1e07116159,2026-01-25T10:50:52,Jorge,Ewing,cranemelissa@example.net,(631) 712-1003 x236,Canada,Webinar,5-Day Investor Challenge,Webinar,/5-day-investor-challenge,webinar,organic,5-day_investor_challenge,Taylor Brooks,Morgan Reed,Consultation Showed,55,2026-01-25T13:19:52,2026-01-25T11:25:52,book_041f97e9fd49,
lead_a642ec2f5784,2026-03-05T19:11:54,Gina,Pace,aguilarjonathan@example.org,113-721-5107,United States,Organic,Organic Content,Organic,/organic-content,organic,organic,organic_content,Taylor Brooks,Morgan Reed,New Lead,65,2026-03-05T19:53:54,2026-03-05T19:44:54,,
lead_a16cc65e07a8,2026-01-26T05:48:26,Gary,Berry,ycrawford@example.net,+1 (425) 324-4720,Canada,Meta Ads,Evergreen Wealth,Evergreen,/evergreen-wealth,meta_ads,paid_social,evergreen_wealth,Alex Morgan,Morgan Reed,New Lead,71,2026-01-26T08:11:26,2026-01-26T07:33:26,,
lead_2cc04ee8528e,2026-01-26T14:14:51,Deborah,Porter,rbrown@example.com,963 838 0657,Canada,Referral,Partner Referral,Referral,/partner-referral,referral,organic,partner_referral,Alex Morgan,Riley Carter,New Lead,53,2026-01-26T14:22:51,2026-01-26T17:19:51,,
lead_365a344c650a,2026-02-21T12:42:08,Kimberly,Cooper,paul20@example.com,(204) 078-5932,Canada,Meta Ads,Evergreen Wealth,Evergreen,/evergreen-wealth,meta_ads,paid_social,evergreen_wealth,Jordan Lee,Riley Carter,Consultation Showed,60,2026-02-21T13:00:08,2026-02-21T13:48:08,book_d5f99502cdca,
lead_07a7d3e15d23,2026-04-03T11:28:01,John,Allen,gallagherstacie@example.net,+1 (652) 239-5590,United States,Meta Ads,Evergreen Wealth,Evergreen,/evergreen-wealth,meta_ads,paid_social,evergreen_wealth,Taylor Brooks,Riley Carter,New Lead,42,2026-04-03T13:27:01,2026-04-03T14:38:01,,
lead_117b53545af7,2026-02-13T00:29:48,Stacey,Elliott,marycochran@example.com,(142) 701-0393 x087,Canada,Meta Ads,Mentorship VSL,Evergreen,/mentorship-vsl,meta_ads,paid_social,mentorship_vsl,Taylor Brooks,Riley Carter,No Show,48,2026-02-13T03:11:48,2026-02-13T00:45:48,book_98f2c9d3fac3,
lead_91d16e4c7f2c,2026-01-07T01:10:21,Martin,Mendez,matthewthompson@example.com,702-921-8515,France,Meta Ads,Mentorship VSL,Evergreen,/mentorship-vsl,meta_ads,paid_social,mentorship_vsl,Jordan Lee,Casey Bennett,New Lead,49,2026-01-07T01:30:21,2026-01-07T01:16:21,,
lead_0f2e180781e5,2026-05-19T08:01:50,Brenda,Rogers,derek26@example.net,352-895-3926 x442,Canada,Referral,Client Referral,Referral,/client-referral,referral,organic,client_referral,Alex Morgan,Casey Bennett,Call Booked,70,2026-05-19T09:59:50,2026-05-19T08:19:50,book_92165741d27c,
lead_e95ea5aaa731,2026-01-25T12:05:43,Jessica,Rush,xrosales@example.net,629-593-9172,United States,Organic,Organic Content,Organic,/organic-content,organic,organic,organic_content,Taylor Brooks,Riley Carter,New Lead,87,2026-01-25T13:20:43,2026-01-25T12:48:43,,
lead_0e8d78620fd7,2026-04-27T00:02:52,Julie,Young,gary15@example.com,743-315-4100,Canada,Webinar,VIP Webinar,Webinar,/vip-webinar,webinar,organic,vip_webinar,Taylor Brooks,Riley Carter,New Lead,57,2026-04-27T02:22:52,2026-04-27T01:12:52,,
lead_0930e42d4b8d,2026-06-15T14:18:07,Samuel,Barnes,nicolesnyder@example.com,1 (186) 179-3271,United States,Google Ads,High Intent Search,Evergreen,/high-intent-search,google_ads,cpc,high_intent_search,Taylor Brooks,Riley Carter,Call Booked,65,2026-06-15T17:10:07,2026-06-15T14:34:07,book_467bbf375368,
lead_ed2720c89336,2026-03-29T16:23:54,Kenneth,Flores,jonesgeorge@example.com,318 159 9706,Canada,Webinar,VIP Webinar,Webinar,/vip-webinar,webinar,organic,vip_webinar,Jordan Lee,Casey Bennett,New Lead,97,2026-03-29T17:26:54,2026-03-29T16:34:54,,
lead_0b6a51866fcc,2026-03-02T16:34:51,Catherine,Hamilton,garciajamie@example.org,+1 (988) 444-3106,Canada,Google Ads,High Intent Search,Evergreen,/high-intent-search,google_ads,cpc,high_intent_search,Jordan Lee,Casey Bennett,New Lead,49,2026-03-02T18:28:51,2026-03-02T17:59:51,,
lead_21710768db65,2026-01-14T00:51:50,Mary,Hernandez,adam14@example.net,831-032-4171 x467,Mexico,Email Campaign,Database Reactivation,Evergreen,/database-reactivation,email_campaign,organic,database_reactivation,Alex Morgan,Casey Bennett,New Lead,79,2026-01-14T01:19:50,2026-01-14T00:59:50,,
lead_a9ecf586412a,2026-03-14T08:39:36,Patricia,Baker,ylopez@example.com,170 477 4349,Canada,Meta Ads,Mentorship VSL,Evergreen,/mentorship-vsl,meta_ads,paid_social,mentorship_vsl,Taylor Brooks,Riley Carter,New Lead,77,2026-03-14T09:17:36,2026-03-14T09:09:36,,
lead_02e9386fcb51,2026-03-21T18:30:25,Edward,Horton,millermaurice@example.net,+1 (493) 806-8687,Mexico,Organic,Organic Content,Organic,/organic-content,organic,organic,organic_content,Jordan Lee,Riley Carter,New Lead,48,2026-03-21T20:05:25,2026-03-21T18:39:25,,
lead_b36f5edcbf3e,2026-04-27T14:06:49,Thomas,Miller,shawrachel@example.net,217 223 3206,Canada,Meta Ads,Investor Calculator,Evergreen,/investor-calculator,meta_ads,paid_social,investor_calculator,Taylor Brooks,Riley Carter,New Lead,58,2026-04-27T15:30:49,2026-04-27T14:39:49,,
lead_689dcbab370f,2026-04-04T15:09:55,Vanessa,Graham,maryscott@example.net,116.868.5487,Mexico,Meta Ads,Mentorship VSL,Evergreen,/mentorship-vsl,meta_ads,paid_social,mentorship_vsl,Jordan Lee,Riley Carter,New Lead,67,2026-04-04T16:11:55,2026-04-04T15:32:55,,
lead_8e3ba4a2e4a7,2026-04-22T11:29:59,Kristin,Dean,jrodriguez@example.org,819.148.5646,Mexico,Google Ads,Real Estate Mentorship,Evergreen,/real-estate-mentorship,google_ads,cpc,real_estate_mentorship,Taylor Brooks,Riley Carter,New Lead,55,2026-04-22T12:31:59,2026-04-22T11:43:59,,
lead_ccfe8125611b,2026-04-29T06:07:19,Ashley,Kennedy,joshuathomas@example.net,+1 (606) 530-7450,Mexico,Organic,Organic Content,Organic,/organic-content,organic,organic,organic_content,Jordan Lee,Morgan Reed,Consultation Showed,65,2026-04-29T09:00:19,2026-04-29T06:43:19,book_4569d49b49d7,
lead_be53ce3b6451,2026-05-29T01:05:09,Lisa,Turner,megan13@example.org,1-775-469-1373,Mexico,Meta Ads,Mentorship VSL,Evergreen,/mentorship-vsl,meta_ads,paid_social,mentorship_vsl,Jordan Lee,Morgan Reed,New Lead,39,2026-05-29T02:29:09,2026-05-29T02:03:09,,
lead_b6829e4f1114,2026-04-20T23:14:51,Joyce,Malone,lori82@example.org,1-186-289-0233,Canada,Meta Ads,Evergreen Wealth,Evergreen,/evergreen-wealth,meta_ads,paid_social,evergreen_wealth,Alex Morgan,Riley Carter,New Lead,78,2026-04-21T02:07:51,2026-04-20T23:23:51,,
lead_149db9701e0a,2026-01-18T19:37:18,John,Bryant,janet45@example.com,(661) 035-7972 x798,Canada,Referral,Partner Referral,Referral,/partner-referral,referral,organic,partner_referral,Jordan Lee,Casey Bennett,New Lead,55,2026-01-18T21:57:18,2026-01-18T20:20:18,,
lead_63febeca4a6c,2026-03-02T12:20:07,Max,Monroe,kaitlyn14@example.org,+1 (902) 933-3346,United States,Google Ads,Real Estate Mentorship,Evergreen,/real-estate-mentorship,google_ads,cpc,real_estate_mentorship,Taylor Brooks,Riley Carter,New Lead,58,2026-03-02T13:48:07,2026-03-02T14:14:07,,
lead_348dcc35b9f1,2026-01-31T05:03:17,Andrew,Deleon,wellsdavid@example.org,534-944-6657,United States,Meta Ads,Evergreen Wealth,Evergreen,/evergreen-wealth,meta_ads,paid_social,evergreen_wealth,Alex Morgan,Riley Carter,New Lead,57,2026-01-31T05:48:17,2026-01-31T06:28:17,,
lead_a39a3b61615c,2026-05-09T12:51:28,Jeffery,Turner,asilva@example.net,1 (589) 944-1715,Canada,Meta Ads,Investor Calculator,Evergreen,/investor-calculator,meta_ads,paid_social,investor_calculator,Jordan Lee,Casey Bennett,No Show,83,2026-05-09T14:44:28,2026-05-09T15:43:28,book_04ec97958e03,
lead_dadd749c1a86,2026-01-23T02:25:40,Danielle,Hensley,diana43@example.org,(730) 965-2074 x466,Canada,Meta Ads,Mentorship VSL,Evergreen,/mentorship-vsl,meta_ads,paid_social,mentorship_vsl,Jordan Lee,Riley Carter,New Lead,73,2026-01-23T03:58:40,2026-01-23T02:52:40,,
lead_663a55dfab45,2026-04-13T07:41:27,Jillian,Aguilar,matthewreeves@example.net,(975) 842-8241 x724,Canada,Referral,Client Referral,Referral,/client-referral,referral,organic,client_referral,Alex Morgan,Casey Bennett,Consultation Showed,89,2026-04-13T10:36:27,2026-04-13T08:36:27,book_dbc5ac6d5355,
lead_90888751883a,2026-01-02T11:49:27,Kathryn,White,destiny35@example.org,1-165-549-4717,Canada,Direct,Direct Traffic,Evergreen,/direct-traffic,direct,organic,direct_traffic,Alex Morgan,Morgan Reed,New Lead,68,2026-01-02T12:46:27,2026-01-02T12:04:27,,
lead_82eae5f8713d,2026-03-05T17:09:39,Michelle,Silva,kennedyjames@example.org,+1 (884) 602-2356,Canada,Webinar,VIP Webinar,Webinar,/vip-webinar,webinar,organic,vip_webinar,Taylor Brooks,Casey Bennett,Call Booked,38,2026-03-05T17:44:39,2026-03-05T18:26:39,book_c591894ca687,
lead_549699f3921d,2026-04-14T10:00:49,Douglas,Huffman,kimberlyfreeman@example.net,850 074 3292,Canada,Meta Ads,Investor Calculator,Evergreen,/investor-calculator,meta_ads,paid_social,investor_calculator,Taylor Brooks,Casey Bennett,New Lead,25,2026-04-14T11:03:49,2026-04-14T10:12:49,,
lead_810b53722fd0,2026-01-09T05:08:34,Kristen,Chan,christinaschultz@example.com,+1 (976) 008-3505,Canada,Meta Ads,Mentorship VSL,Evergreen,/mentorship-vsl,meta_ads,paid_social,mentorship_vsl,Alex Morgan,Casey Bennett,New Lead,69,2026-01-09T07:04:34,2026-01-09T05:34:34,,
lead_b4195bbd7a47,2026-05-18T18:30:17,James,Rhodes,jeremywiley@example.com,516 894 2104,Canada,Organic,Organic Content,Organic,/organic-content,organic,organic,organic_content,Alex Morgan,Casey Bennett,New Lead,57,2026-05-18T21:18:17,2026-05-18T20:20:17,,
lead_22480cfe44e2,2026-02-03T08:59:13,Stephen,Meyer,ryan25@example.com,1 (932) 603-3230,Canada,Meta Ads,Investor Calculator,Evergreen,/investor-calculator,meta_ads,paid_social,investor_calculator,Taylor Brooks,Casey Bennett,New Lead,34,2026-02-03T11:42:13,2026-02-03T11:00:13,,
lead_7ec7569c53eb,2026-02-17T05:56:13,Gary,Richardson,brooksdanielle@example.net,290-100-1676,Canada,Meta Ads,Evergreen Wealth,Evergreen,/evergreen-wealth,meta_ads,paid_social,evergreen_wealth,Taylor Brooks,Morgan Reed,New Lead,57,2026-02-17T07:52:13,2026-02-17T06:04:13,,
lead_6897bf9301a7,2026-05-25T19:42:08,Amy,Wells,jamiejennings@example.org,1-961-849-9261,Canada,Google Ads,Real Estate Mentorship,Evergreen,/real-estate-mentorship,google_ads,cpc,real_estate_mentorship,Alex Morgan,Morgan Reed,New Lead,56,2026-05-25T21:13:08,2026-05-25T20:27:08,,
lead_893a2e4467d7,2026-04-14T00:47:51,Jennifer,Wilson,glovertyler@example.net,(848) 356-4208,Canada,Organic,Organic Content,Organic,/organic-content,organic,organic,organic_content,Jordan Lee,Casey Bennett,Consultation Showed,56,2026-04-14T03:02:51,2026-04-14T00:53:51,book_f3bbbed886e4,
lead_1875253d6074,2026-02-15T21:05:33,Renee,Watts,arivera@example.org,419.721.8114,Canada,Webinar,5-Day Investor Challenge,Webinar,/5-day-investor-challenge,webinar,organic,5-day_investor_challenge,Alex Morgan,Morgan Reed,New Lead,78,2026-02-15T21:36:33,2026-02-15T21:16:33,,
lead_f98d3c747fc2,2026-02-04T09:33:38,Stephen,Madden,steven12@example.org,1-655-611-0022,Canada,Organic,Organic Content,Organic,/organic-content,organic,organic,organic_content,Taylor Brooks,Riley Carter,New Lead,42,2026-02-04T12:18:38,2026-02-04T10:17:38,,
lead_db60a05fa5c5,2026-06-17T19:40:56,Michael,Kim,natalie15@example.com,216 674 6762,Canada,Google Ads,Real Estate Mentorship,Evergreen,/real-estate-mentorship,google_ads,cpc,real_estate_mentorship,Jordan Lee,Morgan Reed,New Lead,40,2026-06-17T22:25:56,2026-06-17T20:01:56,,
lead_6af270937623,2026-06-04T15:09:55,David,Barber,dalepruitt@example.com,129-659-0277 x167,Canada,Organic,Organic Content,Organic,/organic-content,organic,organic,organic_content,Jordan Lee,Riley Carter,New Lead,72,2026-06-04T16:24:55,2026-06-04T15:40:55,,
lead_1ae575432522,2026-03-29T18:04:16,Bryan,Pena,busherica@example.net,(758) 891-6375,Canada,Meta Ads,Investor Calculator,Evergreen,/investor-calculator,meta_ads,paid_social,investor_calculator,Jordan Lee,Morgan Reed,New Lead,65,2026-03-29T18:18:16,2026-03-29T18:19:16,,
lead_193c85f191be,2026-04-30T10:08:48,Edgar,Serrano,smithsarah@example.net,772-175-3540 x838,Canada,Referral,Partner Referral,Referral,/partner-referral,referral,organic,partner_referral,Jordan Lee,Riley Carter,Consultation Showed,55,2026-04-30T12:45:48,2026-04-30T10:29:48,book_f970d790768e,
lead_0c03050ed0b9,2026-03-29T07:54:39,Richard,Young,kwallace@example.com,177.517.0166,United States,Organic,Organic Content,Organic,/organic-content,organic,organic,organic_content,Jordan Lee,Riley Carter,New Lead,41,2026-03-29T10:25:39,2026-03-29T08:24:39,,
lead_92b9ba90376b,2026-01-13T00:21:08,Angela,Smith,connersylvia@example.net,1-688-375-5037,Canada,Organic,Organic Content,Organic,/organic-content,organic,organic,organic_content,Jordan Lee,Riley Carter,New Lead,38,2026-01-13T02:21:08,2026-01-13T00:42:08,,
lead_4f3a3369389f,2026-02-03T12:10:58,Ann,Harvey,xmoran@example.net,311-305-5488 x510,Canada,Meta Ads,Mentorship VSL,Evergreen,/mentorship-vsl,meta_ads,paid_social,mentorship_vsl,Jordan Lee,Casey Bennett,New Lead,56,2026-02-03T12:25:58,2026-02-03T14:49:58,,
lead_dce302603894,2026-03-12T15:53:14,Travis,Underwood,nrodriguez@example.org,(216) 373-5160,Mexico,Organic,Organic Content,Organic,/organic-content,organic,organic,organic_content,Jordan Lee,Casey Bennett,New Lead,61,2026-03-12T17:33:14,2026-03-12T16:11:14,,
lead_a68313a1c99e,2026-06-03T06:03:50,Kelsey,Hayes,tamarasmith@example.net,286-978-2922,United States,Webinar,5-Day Investor Challenge,Webinar,/5-day-investor-challenge,webinar,organic,5-day_investor_challenge,Alex Morgan,Casey Bennett,Consultation Showed,64,2026-06-03T08:49:50,2026-06-03T06:33:50,book_57fd5175003b,
lead_d25fd7349c7b,2026-03-17T01:31:11,Paul,Burke,william66@example.net,(946) 547-2269,Canada,Meta Ads,Mentorship VSL,Evergreen,/mentorship-vsl,meta_ads,paid_social,mentorship_vsl,Taylor Brooks,Riley Carter,New Lead,69,2026-03-17T02:48:11,2026-03-17T02:25:11,,
lead_2f9a9dd6581f,2026-01-16T19:49:36,Kent,Miles,jennifer83@example.org,(694) 522-8851,United States,Webinar,VIP Webinar,Webinar,/vip-webinar,webinar,organic,vip_webinar,Jordan Lee,Casey Bennett,New Lead,58,2026-01-16T22:23:36,2026-01-16T20:10:36,,
lead_e1d65b1e6a49,2026-01-26T00:57:29,Anna,Aguilar,icraig@example.com,+1 (508) 106-2003,United States,Direct,Direct Traffic,Evergreen,/direct-traffic,direct,organic,direct_traffic,Alex Morgan,Casey Bennett,Cancelled,20,2026-01-26T03:34:29,2026-01-26T01:23:29,book_8c7a7fc34643,
lead_3afeb76f9c7c,2026-06-07T21:42:56,Karen,Martin,frances20@example.net,1-938-057-1983,United States,Organic,Organic Content,Organic,/organic-content,organic,organic,organic_content,Taylor Brooks,Riley Carter,New Lead,79,2026-06-07T22:19:56,2026-06-07T21:51:56,,
lead_297ac896c463,2026-05-06T10:41:37,Paul,Dixon,heather06@example.com,+1 (658) 004-3973,Canada,Email Campaign,Database Reactivation,Evergreen,/database-reactivation,email_campaign,organic,database_reactivation,Jordan Lee,Morgan Reed,New Lead,52,2026-05-06T13:37:37,2026-05-06T12:44:37,,
lead_ce893f3d762d,2026-02-11T14:12:36,Kari,Payne,kimberlybrandt@example.com,321-228-1606 x484,Mexico,Google Ads,High Intent Search,Evergreen,/high-intent-search,google_ads,cpc,high_intent_search,Jordan Lee,Morgan Reed,New Lead,62,2026-02-11T15:44:36,2026-02-11T15:04:36,,
lead_df5c3e2174b5,2026-01-31T02:05:48,Eugene,Singleton,riverajenna@example.org,625-909-4798,Canada,Meta Ads,Evergreen Wealth,Evergreen,/evergreen-wealth,meta_ads,paid_social,evergreen_wealth,Alex Morgan,Riley Carter,New Lead,70,2026-01-31T02:29:48,2026-01-31T08:33:48,,
lead_1b68eb965bf1,2026-05-09T12:48:49,Charles,Zimmerman,susanmeyer@example.net,668 861 5335,Mexico,Webinar,5-Day Investor Challenge,Webinar,/5-day-investor-challenge,webinar,organic,5-day_investor_challenge,Taylor Brooks,Morgan Reed,New Lead,52,2026-05-09T14:19:49,2026-05-09T13:17:49,,
lead_905c01dc07d2,2026-02-01T12:07:36,Michael,Robinson,wbarajas@example.net,715-739-9305,Mexico,Organic,Organic Content,Organic,/organic-content,organic,organic,organic_content,Taylor Brooks,Morgan Reed,New Lead,61,2026-02-01T12:58:36,2026-02-01T12:16:36,,
lead_00567e2a2fb1,2026-03-21T18:44:23,Ruth,Landry,uscott@example.com,685-887-7043,United States,Webinar,5-Day Investor Challenge,Webinar,/5-day-investor-challenge,webinar,organic,5-day_investor_challenge,Alex Morgan,Casey Bennett,New Lead,45,2026-03-21T20:22:23,2026-03-21T19:02:23,,
lead_d2395ea67b2a,2026-02-15T10:31:57,Willie,Vaughan,teresaayala@example.net,313-361-3861,Canada,Organic,Organic Content,Organic,/organic-content,organic,organic,organic_content,Jordan Lee,Morgan Reed,No Show,40,2026-02-15T12:52:57,2026-02-15T10:50:57,book_4cdb402f6ebe,
lead_0ed9e773aa80,2026-03-31T15:35:04,Andrew,Love,millerbrian@example.com,(219) 346-6766 x506,United States,Google Ads,Real Estate Mentorship,Evergreen,/real-estate-mentorship,google_ads,cpc,real_estate_mentorship,Taylor Brooks,Riley Carter,New Lead,70,2026-03-31T16:52:04,2026-03-31T17:42:04,,
lead_d0fcafbf61cf,2026-06-08T14:59:20,Amanda,May,avilabrenda@example.net,758.144.9147,Mexico,Google Ads,High Intent Search,Evergreen,/high-intent-search,google_ads,cpc,high_intent_search,Alex Morgan,Casey Bennett,Consultation Showed,81,2026-06-08T15:55:20,2026-06-08T15:31:20,book_8bfe131f3156,
lead_e0f7aa90f859,2026-06-19T17:40:48,Randall,Guerrero,omoore@example.org,+1 (284) 245-0882,Canada,Meta Ads,Investor Calculator,Evergreen,/investor-calculator,meta_ads,paid_social,investor_calculator,Alex Morgan,Riley Carter,New Lead,43,2026-06-19T19:20:48,2026-06-19T18:15:48,,
lead_dc071513d72a,2026-02-25T08:29:23,Bobby,Armstrong,fmedina@example.com,(553) 682-2239,United States,Webinar,5-Day Investor Challenge,Webinar,/5-day-investor-challenge,webinar,organic,5-day_investor_challenge,Jordan Lee,Casey Bennett,New Lead,75,2026-02-25T08:55:23,2026-02-25T10:21:23,,
lead_6086bdf641ee,2026-06-11T08:57:30,James,White,yorksarah@example.net,481-414-1397 x552,Canada,Webinar,5-Day Investor Challenge,Webinar,/5-day-investor-challenge,webinar,organic,5-day_investor_challenge,Alex Morgan,Casey Bennett,No Show,64,2026-06-11T10:53:30,2026-06-11T09:11:30,book_272c7ccb6525,
lead_e01b08d5c6f1,2026-03-22T13:33:35,Craig,Harvey,louishayes@example.net,1-692-995-5620,Canada,Webinar,5-Day Investor Challenge,Webinar,/5-day-investor-challenge,webinar,organic,5-day_investor_challenge,Jordan Lee,Morgan Reed,New Lead,45,2026-03-22T13:51:35,2026-03-22T13:49:35,,
lead_8022883a8afa,2026-03-14T19:13:10,John,Walker,xhill@example.org,1 (277) 754-7812,Canada,Google Ads,High Intent Search,Evergreen,/high-intent-search,google_ads,cpc,high_intent_search,Alex Morgan,Riley Carter,New Lead,87,2026-03-14T20:15:10,2026-03-14T20:22:10,,
lead_e3129b424af7,2026-01-27T17:15:38,Meagan,Trevino,patriciagonzalez@example.net,110.809.9693,Canada,Referral,Partner Referral,Referral,/partner-referral,referral,organic,partner_referral,Jordan Lee,Riley Carter,Consultation Showed,76,2026-01-27T17:29:38,2026-01-27T17:25:38,book_8f716746b65b,
lead_16c2fd54470f,2026-03-29T02:38:03,Andrea,Stephens,jvaldez@example.com,+1 (639) 427-8816,Canada,Webinar,VIP Webinar,Webinar,/vip-webinar,webinar,organic,vip_webinar,Alex Morgan,Morgan Reed,New Lead,59,2026-03-29T05:20:03,2026-03-29T02:57:03,,
lead_3f1e70db7df6,2026-04-17T13:36:47,Wayne,Bates,katherinetaylor@example.org,299 275 0373,Canada,Meta Ads,Evergreen Wealth,Evergreen,/evergreen-wealth,meta_ads,paid_social,evergreen_wealth,Alex Morgan,Casey Bennett,Consultation Showed,43,2026-04-17T16:16:47,2026-04-17T13:56:47,book_3730f5ba3caa,
lead_790c3da9fa17,2026-01-10T06:31:42,Joseph,Young,aprilmoody@example.com,770-051-8449 x892,Canada,Meta Ads,Evergreen Wealth,Evergreen,/evergreen-wealth,meta_ads,paid_social,evergreen_wealth,Taylor Brooks,Casey Bennett,New Lead,44,2026-01-10T07:37:42,2026-01-10T07:05:42,,
lead_5c4e66c0f172,2026-04-26T21:00:19,Desiree,Diaz,blacknicholas@example.org,(265) 577-9082 x723,Canada,Meta Ads,Investor Calculator,Evergreen,/investor-calculator,meta_ads,paid_social,investor_calculator,Taylor Brooks,Riley Carter,Cancelled,56,2026-04-26T23:22:19,2026-04-26T21:41:19,book_8bde0818ba50,
lead_22e97267d780,2026-02-26T13:25:33,Xavier,Campbell,jacobcox@example.net,336.517.7739,Canada,Meta Ads,Evergreen Wealth,Evergreen,/evergreen-wealth,meta_ads,paid_social,evergreen_wealth,Jordan Lee,Morgan Reed,Consultation Showed,43,2026-02-26T15:19:33,2026-02-26T13:52:33,book_b71e6587deaf,
lead_c1a490f3237a,2026-05-10T00:11:40,Deborah,Jenkins,bradleyberry@example.org,780 920 2428,Canada,Organic,Organic Content,Organic,/organic-content,organic,organic,organic_content,Jordan Lee,Morgan Reed,New Lead,69,2026-05-10T03:07:40,2026-05-10T00:31:40,,
lead_286a8ccc8587,2026-03-17T19:38:46,Carol,Elliott,johnsjessica@example.com,337.977.2369,Canada,Email Campaign,Database Reactivation,Evergreen,/database-reactivation,email_campaign,organic,database_reactivation,Jordan Lee,Casey Bennett,No Show,41,2026-03-17T21:43:46,2026-03-17T20:27:46,book_2d9392a4f872,
lead_9053ed059728,2026-03-11T08:10:41,Laura,Hoover,cindydixon@example.org,1 (179) 913-6621,Canada,Meta Ads,Evergreen Wealth,Evergreen,/evergreen-wealth,meta_ads,paid_social,evergreen_wealth,Taylor Brooks,Riley Carter,New Lead,69,2026-03-11T08:32:41,2026-03-11T08:45:41,,
lead_a87d1cbc2b57,2026-01-26T21:44:01,James,Heath,mserrano@example.org,379 908 8117,Canada,Referral,Client Referral,Referral,/client-referral,referral,organic,client_referral,Jordan Lee,Riley Carter,New Lead,76,2026-01-26T22:00:01,2026-01-26T21:52:01,,
lead_9b07b716716b,2026-04-01T05:17:58,Rachel,Ryan,princekimberly@example.net,+1 (686) 508-6376,United States,Meta Ads,Mentorship VSL,Evergreen,/mentorship-vsl,meta_ads,paid_social,mentorship_vsl,Alex Morgan,Morgan Reed,Cancelled,66,2026-04-01T07:24:58,2026-04-01T05:36:58,book_9128fe986b6b,
lead_3f8ef2d31554,2026-01-08T04:21:25,Brianna,Figueroa,colemanjonathan@example.org,949.864.3009,Canada,Webinar,VIP Webinar,Webinar,/vip-webinar,webinar,organic,vip_webinar,Alex Morgan,Morgan Reed,Consultation Showed,38,2026-01-08T05:41:25,2026-01-08T04:38:25,book_ec1555830729,
lead_b9c438ac618c,2026-04-11T01:51:41,David,Smith,gwendolynstewart@example.com,526.944.8695,France,Meta Ads,Investor Calculator,Evergreen,/investor-calculator,meta_ads,paid_social,investor_calculator,Taylor Brooks,Casey Bennett,Consultation Showed,58,2026-04-11T03:37:41,2026-04-11T02:00:41,book_a92c6808ae9f,
lead_e4cde1048126,2026-02-07T02:36:23,Victoria,Sanders,robertbowers@example.com,358 874 4956,Canada,Meta Ads,Mentorship VSL,Evergreen,/mentorship-vsl,meta_ads,paid_social,mentorship_vsl,Alex Morgan,Riley Carter,Consultation Showed,42,2026-02-07T03:54:23,2026-02-07T03:16:23,book_d113b8d6875d,
lead_14e2b572b645,2026-06-05T05:12:20,Melissa,Hopkins,seanlyons@example.org,138.658.9026,Canada,Meta Ads,Evergreen Wealth,Evergreen,/evergreen-wealth,meta_ads,paid_social,evergreen_wealth,Jordan Lee,Riley Carter,New Lead,30,2026-06-05T06:51:20,2026-06-05T06:07:20,,
lead_64265fc61a12,2026-03-07T20:01:30,Linda,Morrow,bfrost@example.org,943.519.0669,Canada,Google Ads,Real Estate Mentorship,Evergreen,/real-estate-mentorship,google_ads,cpc,real_estate_mentorship,Jordan Lee,Casey Bennett,New Lead,38,2026-03-07T20:53:30,2026-03-07T20:32:30,,
lead_9fcd92b14a6c,2026-06-05T13:37:14,Justin,Stuart,bautistalori@example.net,370-384-3098 x839,United States,Email Campaign,Database Reactivation,Evergreen,/database-reactivation,email_campaign,organic,database_reactivation,Alex Morgan,Casey Bennett,Call Booked,58,2026-06-05T14:03:14,2026-06-05T13:56:14,book_dcf4c26b1633,
lead_cb522b836a99,2026-04-16T22:05:41,Emily,Ward,cantrellchristopher@example.com,+1 (956) 693-8011,Canada,Organic,Organic Content,Organic,/organic-content,organic,organic,organic_content,Alex Morgan,Casey Bennett,No Show,51,2026-04-16T23:25:41,2026-04-16T22:21:41,book_8f98008d5db3,
lead_fa359b133d2e,2026-03-28T14:07:05,Justin,Gallegos,michael43@example.net,(976) 904-2681,United States,Referral,Client Referral,Referral,/client-referral,referral,organic,client_referral,Alex Morgan,Riley Carter,Consultation Showed,57,2026-03-28T16:46:05,2026-03-28T15:21:05,book_1d5d7325b34c,
lead_750fa507b779,2026-01-09T05:23:21,Charles,Phillips,prattsue@example.net,1-176-973-5779,United States,Google Ads,Real Estate Mentorship,Evergreen,/real-estate-mentorship,google_ads,cpc,real_estate_mentorship,Jordan Lee,Casey Bennett,New Lead,39,2026-01-09T06:58:21,2026-01-09T06:27:21,,
lead_4c8ef1bd6c09,2026-01-15T13:43:01,Timothy,Scott,oschultz@example.net,(256) 588-0434,United States,Referral,Partner Referral,Referral,/partner-referral,referral,organic,partner_referral,Jordan Lee,Riley Carter,Consultation Showed,90,2026-01-15T16:39:01,2026-01-15T14:33:01,book_34c85166258b,
lead_ef7883c2d373,2026-01-07T01:07:32,Raymond,Goodman,charles27@example.com,1 (539) 423-7333,Mexico,Webinar,5-Day Investor Challenge,Webinar,/5-day-investor-challenge,webinar,organic,5-day_investor_challenge,Taylor Brooks,Casey Bennett,Consultation Showed,55,2026-01-07T01:48:32,2026-01-07T01:11:32,book_6a37c3f7c4a9,
lead_cd64b0fb1563,2026-02-15T19:49:05,Jamie,Harris,marykelly@example.org,617.908.0759,Canada,Meta Ads,Evergreen Wealth,Evergreen,/evergreen-wealth,meta_ads,paid_social,evergreen_wealth,Jordan Lee,Riley Carter,New Lead,54,2026-02-15T22:39:05,2026-02-15T20:41:05,,
lead_7c887ce8c3c8,2026-05-12T20:39:30,Travis,Galloway,travis84@example.com,(692) 086-7808,Mexico,Meta Ads,Evergreen Wealth,Evergreen,/evergreen-wealth,meta_ads,paid_social,evergreen_wealth,Jordan Lee,Casey Bennett,New Lead,47,2026-05-12T22:39:30,2026-05-12T21:23:30,,
lead_5dc9f5606b9c,2026-04-13T19:27:42,Phillip,Parks,stephenmartinez@example.net,950-036-9155 x942,Canada,Webinar,5-Day Investor Challenge,Webinar,/5-day-investor-challenge,webinar,organic,5-day_investor_challenge,Taylor Brooks,Casey Bennett,New Lead,65,2026-04-13T21:05:42,2026-04-13T20:02:42,,
lead_05a263a7f8f0,2026-01-06T00:45:53,Jose,Adams,michael76@example.org,+1 (455) 647-2929,Canada,Meta Ads,Evergreen Wealth,Evergreen,/evergreen-wealth,meta_ads,paid_social,evergreen_wealth,Jordan Lee,Riley Carter,Consultation Showed,60,2026-01-06T01:37:53,2026-01-06T02:09:53,book_02b52df69cf6,
lead_64aaea1d71f9,2026-05-17T17:03:14,Lisa,Le,angelachase@example.org,627 026 7288,Canada,Meta Ads,Investor Calculator,Evergreen,/investor-calculator,meta_ads,paid_social,investor_calculator,Taylor Brooks,Casey Bennett,New Lead,50,2026-05-17T19:02:14,2026-05-17T17:46:14,,
lead_45cc0d0065f5,2026-02-08T20:53:55,Kristen,Evans,rosshannah@example.org,(947) 175-4558,Canada,Referral,Client Referral,Referral,/client-referral,referral,organic,client_referral,Alex Morgan,Casey Bennett,New Lead,60,2026-02-08T21:29:55,2026-02-08T21:15:55,,
lead_81ec44f407e0,2026-03-28T10:22:06,Sarah,Scott,jenkinsmichael@example.net,(899) 824-5587,Mexico,Meta Ads,Mentorship VSL,Evergreen,/mentorship-vsl,meta_ads,paid_social,mentorship_vsl,Jordan Lee,Riley Carter,Consultation Showed,50,2026-03-28T10:49:06,2026-03-28T11:07:06,book_e92fb52dff24,
lead_01d57f310815,2026-04-17T19:10:20,Pamela,James,steven22@example.net,1 (669) 961-1253,Canada,Google Ads,High Intent Search,Evergreen,/high-intent-search,google_ads,cpc,high_intent_search,Jordan Lee,Morgan Reed,New Lead,90,2026-04-17T21:33:20,2026-04-17T19:51:20,,
lead_34736c62f980,2026-06-04T02:53:35,Logan,Carter,catherine64@example.com,1 (598) 762-2023,Canada,Webinar,5-Day Investor Challenge,Webinar,/5-day-investor-challenge,webinar,organic,5-day_investor_challenge,Alex Morgan,Morgan Reed,No Show,61,2026-06-04T04:30:35,2026-06-04T03:59:35,book_b108a5aa1ca1,
lead_7fba75711b56,2026-06-03T11:24:19,Shelby,Haynes,clarkrandy@example.org,378.006.8114,Canada,Webinar,5-Day Investor Challenge,Webinar,/5-day-investor-challenge,webinar,organic,5-day_investor_challenge,Taylor Brooks,Riley Carter,New Lead,60,2026-06-03T13:35:19,2026-06-03T12:50:19,,
lead_86b222080050,2026-04-29T19:53:09,Christopher,Huynh,pparker@example.net,1-872-282-0055,Canada,Google Ads,High Intent Search,Evergreen,/high-intent-search,google_ads,cpc,high_intent_search,Jordan Lee,Riley Carter,New Lead,41,2026-04-29T20:20:09,2026-04-29T19:59:09,,
lead_883e4febac71,2026-05-30T08:33:59,Tanner,Pitts,amy28@example.org,696-884-5783 x174,Mexico,Webinar,VIP Webinar,Webinar,/vip-webinar,webinar,organic,vip_webinar,Alex Morgan,Morgan Reed,No Show,62,2026-05-30T10:22:59,2026-05-30T08:40:59,book_d73a95890ec2,
lead_b1bf758890ca,2026-03-29T09:01:59,Robert,Moore,smithlisa@example.org,1 (547) 807-7406,United States,Direct,Direct Traffic,Evergreen,/direct-traffic,direct,organic,direct_traffic,Jordan Lee,Morgan Reed,Consultation Showed,84,2026-03-29T11:05:59,2026-03-29T09:34:59,book_7094b23ea29e,
lead_0afa39011f56,2026-05-30T02:07:18,Carla,Robles,jacob86@example.com,(526) 634-1638,Canada,Webinar,5-Day Investor Challenge,Webinar,/5-day-investor-challenge,webinar,organic,5-day_investor_challenge,Alex Morgan,Morgan Reed,New Lead,63,2026-05-30T02:45:18,2026-05-30T02:50:18,,
lead_8cb718862848,2026-02-01T23:21:27,Justin,Paul,robert12@example.org,1-117-974-9735,Canada,Organic,Organic Content,Organic,/organic-content,organic,organic,organic_content,Taylor Brooks,Morgan Reed,New Lead,21,2026-02-02T00:07:27,2026-02-02T00:25:27,,
lead_3f3b9aadbf4e,2026-06-14T06:20:12,Edwin,Booker,lopezcurtis@example.com,770 312 0735,Canada,Google Ads,Real Estate Mentorship,Evergreen,/real-estate-mentorship,google_ads,cpc,real_estate_mentorship,Taylor Brooks,Riley Carter,New Lead,69,2026-06-14T06:45:12,2026-06-14T06:59:12,,
lead_7ab6a45fd1d2,2026-02-28T19:15:53,Larry,Lloyd,steven05@example.org,704 618 7234,Canada,Meta Ads,Mentorship VSL,Evergreen,/mentorship-vsl,meta_ads,paid_social,mentorship_vsl,Taylor Brooks,Riley Carter,No Show,76,2026-02-28T21:57:53,2026-02-28T19:25:53,book_68392f87c6c6,
lead_677e59473e20,2026-01-30T22:35:50,Maria,Martinez,paulproctor@example.org,337-183-7645,United States,Meta Ads,Mentorship VSL,Evergreen,/mentorship-vsl,meta_ads,paid_social,mentorship_vsl,Taylor Brooks,Riley Carter,New Lead,50,2026-01-30T23:23:50,2026-01-30T23:18:50,,
lead_b9db4419d582,2026-01-08T23:58:45,Crystal,Williams,kingdanielle@example.org,1 (203) 136-5024,Canada,Meta Ads,Mentorship VSL,Evergreen,/mentorship-vsl,meta_ads,paid_social,mentorship_vsl,Taylor Brooks,Riley Carter,New Lead,93,2026-01-09T00:10:45,2026-01-09T00:52:45,,
lead_c3130bc1cc6a,2026-05-29T22:17:16,Randy,Sanchez,perkinshannah@example.net,151 327 1950,Canada,Meta Ads,Evergreen Wealth,Evergreen,/evergreen-wealth,meta_ads,paid_social,evergreen_wealth,Taylor Brooks,Morgan Reed,Consultation Showed,61,2026-05-30T00:48:16,2026-05-29T22:55:16,book_f802ec627002,
lead_4c74e2f33d20,2026-05-05T15:30:17,Michael,Moore,martinezjesse@example.net,1 (873) 065-2407,Canada,Organic,Organic Content,Organic,/organic-content,organic,organic,organic_content,Taylor Brooks,Casey Bennett,New Lead,44,2026-05-05T16:52:17,2026-05-05T15:52:17,,
lead_7ca1a9e72a66,2026-05-14T17:10:18,Angelica,Daniels,llopez@example.net,1 (857) 498-2182,Canada,Meta Ads,Evergreen Wealth,Evergreen,/evergreen-wealth,meta_ads,paid_social,evergreen_wealth,Jordan Lee,Casey Bennett,New Lead,43,2026-05-14T17:30:18,2026-05-14T18:14:18,,
lead_f6540d1c8a34,2026-04-28T19:14:30,Kenneth,Baker,shawn86@example.net,409 593 5186,Canada,Organic,Organic Content,Organic,/organic-content,organic,organic,organic_content,Taylor Brooks,Casey Bennett,New Lead,49,2026-04-28T19:55:30,2026-04-28T19:49:30,,
lead_18fad60ff9a6,2026-03-19T10:09:14,Alexandria,Jimenez,chloemorris@example.net,1 (211) 810-2203,United States,Webinar,VIP Webinar,Webinar,/vip-webinar,webinar,organic,vip_webinar,Taylor Brooks,Riley Carter,New Lead,72,2026-03-19T10:47:14,2026-03-19T10:57:14,,
lead_273888eefcd9,2026-04-01T13:55:11,Todd,Garcia,hbarrett@example.net,1-805-391-0371,Canada,Meta Ads,Evergreen Wealth,Evergreen,/evergreen-wealth,meta_ads,paid_social,evergreen_wealth,Alex Morgan,Morgan Reed,New Lead,48,2026-04-01T14:31:11,2026-04-01T15:10:11,,
lead_7e5ee5d1b606,2026-03-16T14:16:04,Laurie,Brown,yshort@example.net,294-801-4138,Canada,Meta Ads,Investor Calculator,Evergreen,/investor-calculator,meta_ads,paid_social,investor_calculator,Alex Morgan,Casey Bennett,New Lead,41,2026-03-16T16:58:04,2026-03-16T14:42:04,,
lead_cc013f99b1ee,2026-02-06T20:41:27,Craig,Hall,hlopez@example.net,(792) 886-1957,Canada,Email Campaign,Database Reactivation,Evergreen,/database-reactivation,email_campaign,organic,database_reactivation,Taylor Brooks,Casey Bennett,New Lead,63,2026-02-06T21:26:27,2026-02-06T21:04:27,,
lead_0da58ea69f3c,2026-04-07T13:54:48,Nicole,Jackson,andreawagner@example.net,789 755 8556,Canada,Organic,Organic Content,Organic,/organic-content,organic,organic,organic_content,Jordan Lee,Riley Carter,New Lead,42,2026-04-07T14:04:48,2026-04-07T14:54:48,,
lead_5ef7a3d2fbc6,2026-02-11T18:38:44,Margaret,Morris,annalewis@example.net,1-957-760-0490,Canada,Google Ads,High Intent Search,Evergreen,/high-intent-search,google_ads,cpc,high_intent_search,Alex Morgan,Casey Bennett,Consultation Showed,78,2026-02-11T21:12:44,2026-02-11T19:44:44,book_37b96e0cfe03,
lead_2c6ab69764ef,2026-02-25T11:41:02,Derek,Zamora,evansjeffrey@example.com,848-889-9210,Canada,Organic,Organic Content,Organic,/organic-content,organic,organic,organic_content,Alex Morgan,Casey Bennett,No Show,87,2026-02-25T14:03:02,2026-02-25T12:27:02,book_7e4b51ef50a7,
lead_4b7b36863160,2026-05-22T06:25:59,Michael,Taylor,pamela33@example.com,1-819-693-1572,United States,Meta Ads,Investor Calculator,Evergreen,/investor-calculator,meta_ads,paid_social,investor_calculator,Jordan Lee,Morgan Reed,New Lead,37,2026-05-22T08:03:59,2026-05-22T06:42:59,,
lead_89ac7f2844fb,2026-03-12T09:28:59,Margaret,Norris,larsonkevin@example.net,+1 (110) 556-6139,Canada,Google Ads,High Intent Search,Evergreen,/high-intent-search,google_ads,cpc,high_intent_search,Jordan Lee,Riley Carter,Consultation Showed,81,2026-03-12T11:54:59,2026-03-12T09:35:59,book_58459d8e7f30,
lead_8b6b83f5e290,2026-06-10T06:13:46,Cynthia,Chen,torresblake@example.net,958 320 6799,United States,Google Ads,Real Estate Mentorship,Evergreen,/real-estate-mentorship,google_ads,cpc,real_estate_mentorship,Alex Morgan,Morgan Reed,New Lead,56,2026-06-10T08:57:46,2026-06-10T07:08:46,,
lead_03f288179775,2026-03-14T11:13:49,Christopher,Reynolds,vhernandez@example.org,990-864-1686 x227,Canada,Direct,Direct Traffic,Evergreen,/direct-traffic,direct,organic,direct_traffic,Jordan Lee,Morgan Reed,New Lead,39,2026-03-14T12:44:49,2026-03-14T11:54:49,,
lead_01b8666b89bb,2026-03-19T22:35:57,James,Foster,annshea@example.net,(731) 465-9116,Canada,Meta Ads,Mentorship VSL,Evergreen,/mentorship-vsl,meta_ads,paid_social,mentorship_vsl,Alex Morgan,Morgan Reed,New Lead,56,2026-03-20T00:48:57,2026-03-20T02:29:57,,
lead_63cae7e84453,2026-04-11T20:15:57,Michael,Lee,brittney04@example.org,1 (397) 927-0335,Canada,Webinar,VIP Webinar,Webinar,/vip-webinar,webinar,organic,vip_webinar,Taylor Brooks,Morgan Reed,Consultation Showed,79,2026-04-11T22:16:57,2026-04-11T20:51:57,book_46e5d93f5a76,
lead_dc3a6414d228,2026-03-03T20:27:27,Katherine,Farrell,singhjohn@example.net,440 514 7705,Canada,Meta Ads,Mentorship VSL,Evergreen,/mentorship-vsl,meta_ads,paid_social,mentorship_vsl,Taylor Brooks,Riley Carter,Consultation Showed,60,2026-03-03T21:13:27,2026-03-03T21:15:27,book_8f2d7157e336,
lead_6899f7b1b977,2026-04-09T12:15:33,Jody,Lewis,ana92@example.net,569-804-2043,Canada,Webinar,VIP Webinar,Webinar,/vip-webinar,webinar,organic,vip_webinar,Taylor Brooks,Riley Carter,New Lead,75,2026-04-09T14:30:33,2026-04-09T12:32:33,,
lead_2e12ef9d7d46,2026-03-13T12:40:18,Brian,Pena,jonesdonna@example.net,1 (810) 463-6815,United States,Meta Ads,Evergreen Wealth,Evergreen,/evergreen-wealth,meta_ads,paid_social,evergreen_wealth,Jordan Lee,Riley Carter,New Lead,77,2026-03-13T14:09:18,2026-03-13T15:09:18,,
lead_2a48fc6f1060,2026-06-19T08:16:35,Michelle,Schmidt,jamesrasmussen@example.net,603-845-7620,Canada,Meta Ads,Mentorship VSL,Evergreen,/mentorship-vsl,meta_ads,paid_social,mentorship_vsl,Jordan Lee,Casey Bennett,Consultation Showed,48,2026-06-19T11:02:35,2026-06-19T10:14:35,book_94166ec0f5df,
lead_a6723ee704c4,2026-05-21T01:58:05,Gabrielle,Kelly,joel84@example.org,1-260-843-2562,Canada,Direct,Direct Traffic,Evergreen,/direct-traffic,direct,organic,direct_traffic,Alex Morgan,Riley Carter,Consultation Showed,55,2026-05-21T02:16:05,2026-05-21T02:13:05,book_1d070c68fd6b,
lead_989d2af66628,2026-01-29T16:41:04,Jessica,Meyer,robertberry@example.com,1-495-782-3298,Canada,Referral,Client Referral,Referral,/client-referral,referral,organic,client_referral,Taylor Brooks,Riley Carter,New Lead,85,2026-01-29T19:40:04,2026-01-29T17:15:04,,
lead_346dca424295,2026-03-27T15:23:19,Michelle,Parker,russellstout@example.org,651 881 2520,Canada,Meta Ads,Evergreen Wealth,Evergreen,/evergreen-wealth,meta_ads,paid_social,evergreen_wealth,Jordan Lee,Riley Carter,New Lead,82,2026-03-27T16:48:19,2026-03-27T15:31:19,,
lead_64390fb91490,2026-05-31T11:37:57,Nicole,Gutierrez,vturner@example.net,1-423-122-0994,Mexico,Meta Ads,Mentorship VSL,Evergreen,/mentorship-vsl,meta_ads,paid_social,mentorship_vsl,Taylor Brooks,Riley Carter,Consultation Showed,50,2026-05-31T14:18:57,2026-05-31T12:06:57,book_bd93ce2565af,
lead_3a85aaee35cb,2026-04-11T17:14:20,Caitlyn,Hall,howardhailey@example.com,389 752 6772,Canada,Meta Ads,Evergreen Wealth,Evergreen,/evergreen-wealth,meta_ads,paid_social,evergreen_wealth,Taylor Brooks,Casey Bennett,New Lead,31,2026-04-11T18:12:20,2026-04-11T17:28:20,,
lead_38a451786d0e,2026-02-03T15:05:18,James,Johnson,schaeferstephanie@example.org,(731) 279-7573,Mexico,Organic,Organic Content,Organic,/organic-content,organic,organic,organic_content,Jordan Lee,Riley Carter,New Lead,58,2026-02-03T17:07:18,2026-02-03T16:08:18,,
lead_8c2935736e7d,2026-04-29T11:09:46,Richard,Williams,zcortez@example.net,(980) 817-7038 x860,Canada,Google Ads,Real Estate Mentorship,Evergreen,/real-estate-mentorship,google_ads,cpc,real_estate_mentorship,Alex Morgan,Casey Bennett,New Lead,37,2026-04-29T13:17:46,2026-04-29T11:20:46,,
lead_bcd4fac62533,2026-02-27T18:59:03,Paul,Hubbard,leescott@example.com,1-872-649-0827,United States,Organic,Organic Content,Organic,/organic-content,organic,organic,organic_content,Taylor Brooks,Riley Carter,Consultation Showed,84,2026-02-27T20:17:03,2026-02-27T19:24:03,book_0855dd815f65,
lead_eaa5acc9a2f3,2026-03-09T17:32:26,Christopher,Mason,kimberlypace@example.net,(526) 657-0279 x371,Mexico,Organic,Organic Content,Organic,/organic-content,organic,organic,organic_content,Taylor Brooks,Casey Bennett,New Lead,33,2026-03-09T20:00:26,2026-03-09T17:58:26,,
lead_f700c962f937,2026-05-12T09:17:17,Mario,Wong,jennifermartinez@example.org,651-868-9268 x602,Canada,Meta Ads,Mentorship VSL,Evergreen,/mentorship-vsl,meta_ads,paid_social,mentorship_vsl,Jordan Lee,Casey Bennett,New Lead,53,2026-05-12T11:41:17,2026-05-12T09:44:17,,
lead_653b7d34252d,2026-02-26T09:36:26,Ariana,Keller,fernandothomas@example.net,164-474-2123,Canada,Email Campaign,Database Reactivation,Evergreen,/database-reactivation,email_campaign,organic,database_reactivation,Taylor Brooks,Morgan Reed,New Lead,57,2026-02-26T09:51:26,2026-02-26T09:39:26,,
lead_d3b9366a1de9,2026-05-08T09:03:04,Cindy,King,fjimenez@example.net,297-339-7767,United States,Google Ads,Real Estate Mentorship,Evergreen,/real-estate-mentorship,google_ads,cpc,real_estate_mentorship,Alex Morgan,Morgan Reed,New Lead,68,2026-05-08T10:13:04,2026-05-08T09:30:04,,
lead_68c7863cc077,2026-04-20T03:11:37,Carolyn,Smith,christine83@example.org,620 502 0994,Canada,Webinar,VIP Webinar,Webinar,/vip-webinar,webinar,organic,vip_webinar,Taylor Brooks,Riley Carter,New Lead,84,2026-04-20T04:25:37,2026-04-20T05:36:37,,
lead_aa347828d3de,2026-01-10T20:35:02,Samantha,Williams,kchaney@example.net,1-299-982-7950,Mexico,Organic,Organic Content,Organic,/organic-content,organic,organic,organic_content,Alex Morgan,Riley Carter,Call Booked,39,2026-01-10T23:31:02,2026-01-10T21:01:02,book_f9c24daf9223,
lead_882b22f99765,2026-03-22T06:07:26,Kayla,Morris,wwilkins@example.com,(114) 721-4586 x833,United States,Meta Ads,Evergreen Wealth,Evergreen,/evergreen-wealth,meta_ads,paid_social,evergreen_wealth,Alex Morgan,Riley Carter,New Lead,55,2026-03-22T07:36:26,2026-03-22T10:26:26,,
lead_7dcac2c80112,2026-04-17T20:49:43,Daniel,Blair,webbhaley@example.net,1-869-548-9952,Canada,Webinar,5-Day Investor Challenge,Webinar,/5-day-investor-challenge,webinar,organic,5-day_investor_challenge,Jordan Lee,Casey Bennett,New Lead,67,2026-04-17T21:34:43,2026-04-17T21:22:43,,
lead_2ea569bdac56,2026-03-04T08:44:59,April,Welch,nmorton@example.org,1-730-107-1396,United States,Referral,Client Referral,Referral,/client-referral,referral,organic,client_referral,Alex Morgan,Riley Carter,New Lead,65,2026-03-04T10:02:59,2026-03-04T09:22:59,,
lead_fbcc831f0de8,2026-06-27T07:57:32,Brandon,Bailey,alexharris@example.com,1-614-488-5015,Canada,Organic,Organic Content,Organic,/organic-content,organic,organic,organic_content,Alex Morgan,Morgan Reed,New Lead,48,2026-06-27T08:46:32,2026-06-27T08:17:32,,
lead_80eeb2e5b33b,2026-06-03T00:09:45,Randy,Carroll,collierjames@example.com,570-272-7857 x608,Canada,Direct,Direct Traffic,Evergreen,/direct-traffic,direct,organic,direct_traffic,Taylor Brooks,Casey Bennett,No Show,48,2026-06-03T02:20:45,2026-06-03T00:41:45,book_ad8ef6d9f40d,
lead_da0b50e002d4,2026-02-27T22:36:30,Annette,Gregory,clarkgina@example.com,724.056.8299,United States,Webinar,5-Day Investor Challenge,Webinar,/5-day-investor-challenge,webinar,organic,5-day_investor_challenge,Jordan Lee,Casey Bennett,Consultation Showed,69,2026-02-28T01:06:30,2026-02-27T22:54:30,book_a5d98006b434,
lead_c617c50e11e2,2026-06-22T16:15:06,Jacob,Wilson,janet50@example.com,+1 (317) 357-4384,Mexico,Google Ads,Real Estate Mentorship,Evergreen,/real-estate-mentorship,google_ads,cpc,real_estate_mentorship,Jordan Lee,Casey Bennett,Consultation Showed,81,2026-06-22T16:54:06,2026-06-22T16:42:06,book_12da098cd26a,
lead_51af62c27ad4,2026-03-06T05:05:58,Daniel,Glover,robinwallace@example.org,482-357-8452 x182,United States,Meta Ads,Evergreen Wealth,Evergreen,/evergreen-wealth,meta_ads,paid_social,evergreen_wealth,Taylor Brooks,Casey Bennett,New Lead,75,2026-03-06T05:51:58,2026-03-06T05:08:58,,
lead_b12b4a379dd6,2026-05-24T00:53:17,Jenny,Stevens,cookpamela@example.org,(840) 943-5334 x485,United States,Webinar,5-Day Investor Challenge,Webinar,/5-day-investor-challenge,webinar,organic,5-day_investor_challenge,Taylor Brooks,Riley Carter,New Lead,33,2026-05-24T02:24:17,2026-05-24T02:22:17,,
lead_7fd3435d9cc4,2026-04-29T15:15:15,Emily,Nelson,joshuasmith@example.net,(381) 385-8542 x493,Mexico,Webinar,5-Day Investor Challenge,Webinar,/5-day-investor-challenge,webinar,organic,5-day_investor_challenge,Jordan Lee,Riley Carter,New Lead,61,2026-04-29T18:03:15,2026-04-29T15:40:15,,
lead_0e3c40acb067,2026-05-10T22:57:30,Charles,Austin,amber02@example.org,601-601-6629 x979,Canada,Meta Ads,Investor Calculator,Evergreen,/investor-calculator,meta_ads,paid_social,investor_calculator,Alex Morgan,Casey Bennett,New Lead,45,2026-05-10T23:26:30,2026-05-10T23:07:30,,
lead_da1c7988aa2a,2026-01-02T07:49:50,Larry,Roth,beltrankatelyn@example.com,317 174 7733,Canada,Meta Ads,Evergreen Wealth,Evergreen,/evergreen-wealth,meta_ads,paid_social,evergreen_wealth,Jordan Lee,Casey Bennett,New Lead,85,2026-01-02T09:00:50,2026-01-02T08:02:50,,
lead_4a867279cb21,2026-04-24T02:27:49,Michelle,Jensen,philip55@example.com,301-715-7724 x599,Canada,Email Campaign,Database Reactivation,Evergreen,/database-reactivation,email_campaign,organic,database_reactivation,Taylor Brooks,Casey Bennett,New Lead,77,2026-04-24T04:58:49,2026-04-24T03:37:49,,
lead_3942d6d27893,2026-05-10T16:06:31,William,Sullivan,nguyendebra@example.com,(676) 963-9382 x761,Canada,Referral,Partner Referral,Referral,/partner-referral,referral,organic,partner_referral,Alex Morgan,Casey Bennett,New Lead,49,2026-05-10T16:41:31,2026-05-10T17:04:31,,
lead_9b6965482167,2026-05-15T00:59:10,Jared,Benson,bmueller@example.net,1 (883) 219-7199,United States,Referral,Client Referral,Referral,/client-referral,referral,organic,client_referral,Jordan Lee,Casey Bennett,New Lead,75,2026-05-15T01:34:10,2026-05-15T01:20:10,,
lead_66f245294047,2026-01-26T22:28:32,Mark,Davis,zthompson@example.org,196.570.1329,Canada,Organic,Organic Content,Organic,/organic-content,organic,organic,organic_content,Taylor Brooks,Riley Carter,New Lead,69,2026-01-27T00:35:32,2026-01-26T22:40:32,,
lead_78795fb75c0e,2026-05-28T01:30:33,Katherine,Guerrero,yschmidt@example.net,933-549-4651 x909,Mexico,Google Ads,Real Estate Mentorship,Evergreen,/real-estate-mentorship,google_ads,cpc,real_estate_mentorship,Alex Morgan,Morgan Reed,Consultation Showed,51,2026-05-28T03:52:33,2026-05-28T01:57:33,book_b9189a6d4891,
lead_2883b61ae342,2026-04-13T01:02:18,Richard,Anderson,bryan80@example.org,(751) 403-6965 x666,Canada,Referral,Partner Referral,Referral,/partner-referral,referral,organic,partner_referral,Jordan Lee,Morgan Reed,New Lead,74,2026-04-13T03:01:18,2026-04-13T02:00:18,,
lead_fb4313cb9aaa,2026-01-12T23:48:48,Amy,Bates,jtaylor@example.com,1 (862) 422-0102,Mexico,Email Campaign,Database Reactivation,Evergreen,/database-reactivation,email_campaign,organic,database_reactivation,Alex Morgan,Riley Carter,New Lead,76,2026-01-13T02:13:48,2026-01-13T00:12:48,,
lead_e49171796681,2026-03-05T17:08:20,Diane,Proctor,christophermay@example.com,396-927-8687 x653,Canada,Organic,Organic Content,Organic,/organic-content,organic,organic,organic_content,Taylor Brooks,Morgan Reed,Consultation Showed,67,2026-03-05T19:26:20,2026-03-05T17:21:20,book_817ee790b44c,
lead_6604ef0980d7,2026-01-18T15:49:07,Roger,Smith,pbradford@example.net,(846) 895-0097 x519,Canada,Webinar,VIP Webinar,Webinar,/vip-webinar,webinar,organic,vip_webinar,Alex Morgan,Casey Bennett,New Lead,62,2026-01-18T18:04:07,2026-01-18T16:42:07,,
lead_e7f57a0fd303,2026-03-30T16:50:06,Suzanne,Miller,steven18@example.net,937.189.4905,Canada,Meta Ads,Investor Calculator,Evergreen,/investor-calculator,meta_ads,paid_social,investor_calculator,Jordan Lee,Riley Carter,New Lead,37,2026-03-30T19:19:06,2026-03-30T17:32:06,,
lead_4c01ee3b5e23,2026-03-18T21:15:17,Kimberly,Harrison,vberry@example.com,1 (844) 209-4940,Mexico,Webinar,5-Day Investor Challenge,Webinar,/5-day-investor-challenge,webinar,organic,5-day_investor_challenge,Taylor Brooks,Morgan Reed,New Lead,64,2026-03-18T22:25:17,2026-03-18T22:24:17,,
lead_2a0513d89adb,2026-03-24T06:34:22,Belinda,Berry,lisa90@example.com,212-814-4294 x440,United States,Organic,Organic Content,Organic,/organic-content,organic,organic,organic_content,Taylor Brooks,Morgan Reed,New Lead,74,2026-03-24T08:07:22,2026-03-24T06:55:22,,
lead_e839e5004ce7,2026-04-02T16:00:40,Cassandra,Kent,donnawood@example.org,1-337-280-5129,Canada,Email Campaign,Database Reactivation,Evergreen,/database-reactivation,email_campaign,organic,database_reactivation,Alex Morgan,Morgan Reed,New Lead,35,2026-04-02T16:13:40,2026-04-02T16:18:40,,
lead_ace4775ce55f,2026-03-14T17:06:51,Mary,Mullins,ptownsend@example.net,523-950-4102 x767,Canada,Webinar,VIP Webinar,Webinar,/vip-webinar,webinar,organic,vip_webinar,Jordan Lee,Casey Bennett,New Lead,77,2026-03-14T18:48:51,2026-03-14T17:15:51,,
lead_673f91293300,2026-06-19T19:42:56,Thomas,Vaughan,noahthornton@example.com,1-128-604-7658,Canada,Meta Ads,Mentorship VSL,Evergreen,/mentorship-vsl,meta_ads,paid_social,mentorship_vsl,Jordan Lee,Morgan Reed,New Lead,85,2026-06-19T22:05:56,2026-06-19T19:53:56,,
lead_15d5b74b075c,2026-03-18T07:47:09,Connor,Schmidt,stephanie69@example.net,1-454-414-9673,Canada,Meta Ads,Mentorship VSL,Evergreen,/mentorship-vsl,meta_ads,paid_social,mentorship_vsl,Alex Morgan,Morgan Reed,New Lead,85,2026-03-18T10:07:09,2026-03-18T07:53:09,,
lead_c9781638264f,2026-03-31T21:45:16,April,Byrd,lawrencesmith@example.org,506.181.7534,United States,Webinar,VIP Webinar,Webinar,/vip-webinar,webinar,organic,vip_webinar,Jordan Lee,Riley Carter,New Lead,65,2026-04-01T00:42:16,2026-03-31T22:24:16,,
lead_0a467fb253e2,2026-02-18T01:29:22,James,Johnson,brownbrooke@example.org,511.926.9212,Canada,Google Ads,High Intent Search,Evergreen,/high-intent-search,google_ads,cpc,high_intent_search,Jordan Lee,Morgan Reed,New Lead,64,2026-02-18T03:31:22,2026-02-18T01:50:22,,
lead_9e51e6192c53,2026-01-07T06:08:36,Kenneth,Guerrero,fowlersandra@example.com,+1 (154) 214-0665,Canada,Email Campaign,Database Reactivation,Evergreen,/database-reactivation,email_campaign,organic,database_reactivation,Alex Morgan,Morgan Reed,New Lead,75,2026-01-07T09:02:36,2026-01-07T06:40:36,,
lead_60082407c8dc,2026-04-26T07:58:49,Jonathan,Hess,scottvasquez@example.org,+1 (827) 128-6391,Canada,Meta Ads,Evergreen Wealth,Evergreen,/evergreen-wealth,meta_ads,paid_social,evergreen_wealth,Taylor Brooks,Riley Carter,New Lead,59,2026-04-26T08:11:49,2026-04-26T08:34:49,,
lead_9f673e2c13dd,2026-05-24T19:10:17,Jennifer,Garcia,jonesjessica@example.com,172-006-4256,Canada,Webinar,5-Day Investor Challenge,Webinar,/5-day-investor-challenge,webinar,organic,5-day_investor_challenge,Alex Morgan,Riley Carter,New Lead,66,2026-05-24T19:26:17,2026-05-24T19:34:17,,
lead_c46da4961546,2026-01-28T05:04:44,Zachary,Case,zmendoza@example.net,683.067.1985,France,Meta Ads,Evergreen Wealth,Evergreen,/evergreen-wealth,meta_ads,paid_social,evergreen_wealth,Alex Morgan,Riley Carter,New Lead,30,2026-01-28T07:17:44,2026-01-28T05:46:44,,
lead_efcb791536fb,2026-02-16T00:03:10,Evelyn,Morales,diazmelissa@example.com,774.328.0634,Mexico,Organic,Organic Content,Organic,/organic-content,organic,organic,organic_content,Taylor Brooks,Riley Carter,New Lead,69,2026-02-16T01:25:10,2026-02-16T00:14:10,,
lead_3bfa37ceab95,2026-02-23T10:18:36,Peggy,Mccoy,tom73@example.org,830-937-6184,Canada,Meta Ads,Investor Calculator,Evergreen,/investor-calculator,meta_ads,paid_social,investor_calculator,Taylor Brooks,Riley Carter,New Lead,54,2026-02-23T10:38:36,2026-02-23T10:55:36,,
lead_fdb7e18445de,2026-04-18T22:27:06,Amanda,Flowers,blevy@example.org,1 (305) 061-3878,Canada,Email Campaign,Database Reactivation,Evergreen,/database-reactivation,email_campaign,organic,database_reactivation,Jordan Lee,Riley Carter,New Lead,63,2026-04-19T00:38:06,2026-04-18T23:00:06,,
lead_3c13313e97ea,2026-05-16T05:01:56,Joyce,Hall,johnsondonald@example.net,279-032-0204,Canada,Referral,Client Referral,Referral,/client-referral,referral,organic,client_referral,Jordan Lee,Casey Bennett,Consultation Showed,55,2026-05-16T06:52:56,2026-05-16T05:22:56,book_8ffe1bb3ce7b,
lead_f4e1783e0dee,2026-04-02T22:45:27,Stephen,Jackson,meyersdaniel@example.com,(313) 656-5198,Mexico,Meta Ads,Mentorship VSL,Evergreen,/mentorship-vsl,meta_ads,paid_social,mentorship_vsl,Jordan Lee,Riley Carter,New Lead,41,2026-04-02T23:51:27,2026-04-02T23:23:27,,
lead_73dc5fc914a2,2026-06-27T15:00:10,Marc,Oconnell,kathrynwatkins@example.com,414.262.5827,Canada,Meta Ads,Investor Calculator,Evergreen,/investor-calculator,meta_ads,paid_social,investor_calculator,Jordan Lee,Riley Carter,New Lead,30,2026-06-27T15:19:10,2026-06-27T15:45:10,,
lead_603afa969a4c,2026-02-17T03:48:09,Sara,Williams,moodycrystal@example.com,707 100 2194,Canada,Organic,Organic Content,Organic,/organic-content,organic,organic,organic_content,Taylor Brooks,Morgan Reed,Consultation Showed,64,2026-02-17T04:58:09,2026-02-17T05:03:09,book_173ff4405499,
lead_1baff8c45f15,2026-01-18T22:54:48,Heather,Sparks,nschwartz@example.org,1-887-632-9092,United States,Email Campaign,Database Reactivation,Evergreen,/database-reactivation,email_campaign,organic,database_reactivation,Alex Morgan,Morgan Reed,No Show,73,2026-01-19T01:16:48,2026-01-18T23:34:48,book_3976947f24d3,
lead_ee4fbeb8feea,2026-04-28T11:21:43,Cheryl,Miller,michael08@example.org,(418) 195-8837,Canada,Meta Ads,Mentorship VSL,Evergreen,/mentorship-vsl,meta_ads,paid_social,mentorship_vsl,Alex Morgan,Morgan Reed,New Lead,72,2026-04-28T14:00:43,2026-04-28T13:26:43,,
lead_7e9b81464536,2026-04-04T02:08:20,Joshua,Lee,ginaschmitt@example.com,122-005-4364 x597,Mexico,Webinar,5-Day Investor Challenge,Webinar,/5-day-investor-challenge,webinar,organic,5-day_investor_challenge,Jordan Lee,Casey Bennett,New Lead,47,2026-04-04T03:06:20,2026-04-04T02:15:20,,
lead_ce0b6e93d08c,2026-02-11T03:05:44,Dan,Williams,ericjohnson@example.net,413.799.5635,France,Email Campaign,Database Reactivation,Evergreen,/database-reactivation,email_campaign,organic,database_reactivation,Alex Morgan,Riley Carter,New Lead,58,2026-02-11T03:58:44,2026-02-11T03:25:44,,
lead_cf9b15a7298b,2026-06-27T13:36:19,Kimberly,Nguyen,youngrobert@example.org,+1 (831) 797-0623,United States,Direct,Direct Traffic,Evergreen,/direct-traffic,direct,organic,direct_traffic,Taylor Brooks,Morgan Reed,Call Booked,45,2026-06-27T14:43:19,2026-06-27T14:26:19,book_34e6d1fdf0f6,
lead_db5a980efdd6,2026-04-18T04:52:33,Gregory,Brooks,ocortez@example.com,1-835-209-0421,United States,Google Ads,High Intent Search,Evergreen,/high-intent-search,google_ads,cpc,high_intent_search,Jordan Lee,Casey Bennett,New Lead,45,2026-04-18T06:19:33,2026-04-18T05:30:33,,
lead_594461628856,2026-03-01T21:21:07,Stephen,Jackson,jeffrey49@example.org,898 316 8739,Canada,Organic,Organic Content,Organic,/organic-content,organic,organic,organic_content,Jordan Lee,Casey Bennett,New Lead,35,2026-03-01T22:32:07,2026-03-01T21:41:07,,
lead_a79b3c740c3c,2026-04-02T03:59:02,Mary,Ramirez,pfitzgerald@example.org,1 (169) 392-9060,Mexico,Meta Ads,Mentorship VSL,Evergreen,/mentorship-vsl,meta_ads,paid_social,mentorship_vsl,Jordan Lee,Casey Bennett,New Lead,36,2026-04-02T05:25:02,2026-04-02T04:14:02,,
lead_6c83afe82531,2026-05-24T22:29:11,Vickie,Quinn,simmonsphillip@example.net,677.318.0632,Canada,Google Ads,High Intent Search,Evergreen,/high-intent-search,google_ads,cpc,high_intent_search,Taylor Brooks,Riley Carter,Consultation Showed,74,2026-05-24T23:11:11,2026-05-24T22:44:11,book_e9e1220fd0ae,
lead_31901c184e9a,2026-02-27T07:41:44,Kenneth,Holland,smithelizabeth@example.org,799-077-2625 x701,Canada,Organic,Organic Content,Organic,/organic-content,organic,organic,organic_content,Alex Morgan,Casey Bennett,New Lead,99,2026-02-27T08:25:44,2026-02-27T07:56:44,,
lead_4977c652882b,2026-04-07T22:54:48,Patricia,Cook,phillipskaren@example.net,(893) 195-0850 x165,United States,Organic,Organic Content,Organic,/organic-content,organic,organic,organic_content,Taylor Brooks,Casey Bennett,New Lead,60,2026-04-08T01:19:48,2026-04-07T23:43:48,,
lead_5aede280e853,2026-05-21T12:01:27,Christine,Diaz,deborahbush@example.net,(625) 381-7933,United States,Meta Ads,Investor Calculator,Evergreen,/investor-calculator,meta_ads,paid_social,investor_calculator,Jordan Lee,Morgan Reed,No Show,68,2026-05-21T14:50:27,2026-05-21T12:17:27,book_57794b128030,
lead_4a0ecb92fbc9,2026-02-02T20:50:07,Michael,Adams,eramirez@example.com,1 (877) 881-7884,United States,Webinar,VIP Webinar,Webinar,/vip-webinar,webinar,organic,vip_webinar,Jordan Lee,Morgan Reed,New Lead,69,2026-02-02T21:30:07,2026-02-02T21:10:07,,
lead_ee53e1ff1a44,2026-04-12T17:45:28,Christine,Marsh,lopeznicole@example.org,862.411.2412,Mexico,Email Campaign,Database Reactivation,Evergreen,/database-reactivation,email_campaign,organic,database_reactivation,Alex Morgan,Riley Carter,New Lead,53,2026-04-12T17:58:28,2026-04-12T22:01:28,,
lead_d91674a7cf3e,2026-03-22T01:53:13,Edward,Harris,cartertara@example.net,475 670 4310,Mexico,Meta Ads,Evergreen Wealth,Evergreen,/evergreen-wealth,meta_ads,paid_social,evergreen_wealth,Alex Morgan,Morgan Reed,Consultation Showed,45,2026-03-22T02:33:13,2026-03-22T03:16:13,book_eb985dfadbfa,
lead_83dedf413343,2026-02-12T11:18:27,Mary,Stone,robert55@example.com,(587) 749-2424 x375,Canada,Referral,Partner Referral,Referral,/partner-referral,referral,organic,partner_referral,Alex Morgan,Riley Carter,New Lead,95,2026-02-12T13:32:27,2026-02-12T11:50:27,,
lead_12f72b1d1e86,2026-05-09T00:29:15,Kayla,Williams,justin29@example.org,(542) 222-3105 x927,Canada,Referral,Client Referral,Referral,/client-referral,referral,organic,client_referral,Taylor Brooks,Riley Carter,No Show,96,2026-05-09T02:38:15,2026-05-09T00:49:15,book_94d7e8bcffb8,
lead_9b5f2776de53,2026-04-13T19:15:54,Mike,Harris,wadetiffany@example.org,1 (378) 284-1067,Canada,Google Ads,High Intent Search,Evergreen,/high-intent-search,google_ads,cpc,high_intent_search,Jordan Lee,Morgan Reed,New Lead,48,2026-04-13T20:30:54,2026-04-13T20:13:54,,
lead_1ade0d4f367e,2026-06-06T13:00:49,Stacie,Reilly,adamrodgers@example.net,1 (847) 492-9751,Canada,Organic,Organic Content,Organic,/organic-content,organic,organic,organic_content,Alex Morgan,Riley Carter,New Lead,72,2026-06-06T13:50:49,2026-06-06T13:54:49,,
lead_63561575367e,2026-05-01T08:23:17,Rachel,Taylor,parkerrichard@example.org,251-509-3983 x430,Canada,Meta Ads,Evergreen Wealth,Evergreen,/evergreen-wealth,meta_ads,paid_social,evergreen_wealth,Jordan Lee,Casey Bennett,New Lead,32,2026-05-01T10:42:17,2026-05-01T09:17:17,,
lead_8ef39af0cb48,2026-03-14T10:32:46,Amanda,Griffin,daughertypreston@example.com,1 (799) 805-6265,Canada,Webinar,5-Day Investor Challenge,Webinar,/5-day-investor-challenge,webinar,organic,5-day_investor_challenge,Alex Morgan,Riley Carter,Consultation Showed,63,2026-03-14T12:20:46,2026-03-14T10:50:46,book_896f7e6c0a6d,
lead_29e794ff26d7,2026-06-10T19:02:56,Nathan,Mitchell,kyle78@example.org,(276) 742-6629,United States,Meta Ads,Mentorship VSL,Evergreen,/mentorship-vsl,meta_ads,paid_social,mentorship_vsl,Taylor Brooks,Morgan Reed,Call Booked,67,2026-06-10T19:27:56,2026-06-10T19:33:56,book_5b4240ec8653,
lead_f4324d7c872c,2026-03-15T05:44:15,Douglas,Turner,carl96@example.org,364-628-7923,Canada,Meta Ads,Investor Calculator,Evergreen,/investor-calculator,meta_ads,paid_social,investor_calculator,Taylor Brooks,Morgan Reed,New Lead,36,2026-03-15T08:10:15,2026-03-15T06:22:15,,
lead_af02abee54f7,2026-04-08T01:30:32,Marisa,Roberts,twilliams@example.net,1-878-730-0244,United States,Referral,Partner Referral,Referral,/partner-referral,referral,organic,partner_referral,Jordan Lee,Riley Carter,New Lead,77,2026-04-08T03:26:32,2026-04-08T02:14:32,,
lead_02ae65c8b246,2026-06-23T18:01:45,David,Wade,robert73@example.org,547.195.9796,Mexico,Direct,Direct Traffic,Evergreen,/direct-traffic,direct,organic,direct_traffic,Alex Morgan,Morgan Reed,Consultation Showed,74,2026-06-23T20:21:45,2026-06-23T18:52:45,book_a7a5c45458a9,
lead_17d2263bf85e,2026-02-22T15:23:40,Courtney,Alvarez,brooksjessica@example.org,1-129-025-7252,Mexico,Webinar,VIP Webinar,Webinar,/vip-webinar,webinar,organic,vip_webinar,Taylor Brooks,Casey Bennett,New Lead,74,2026-02-22T15:39:40,2026-02-22T16:27:40,,
lead_ab30ecc633e5,2026-02-04T19:51:09,Joseph,Barnes,brandon48@example.net,583.219.2855,Canada,Webinar,5-Day Investor Challenge,Webinar,/5-day-investor-challenge,webinar,organic,5-day_investor_challenge,Alex Morgan,Riley Carter,New Lead,41,2026-02-04T21:16:09,2026-02-04T20:22:09,,
lead_cadb26485527,2026-06-09T09:40:56,Joseph,Wolfe,cody95@example.org,428-457-6521,Mexico,Meta Ads,Mentorship VSL,Evergreen,/mentorship-vsl,meta_ads,paid_social,mentorship_vsl,Jordan Lee,Morgan Reed,New Lead,60,2026-06-09T11:26:56,2026-06-09T10:26:56,,
lead_77995ee29c8a,2026-05-12T11:12:41,Eric,Walker,laurahansen@example.net,(688) 167-1120 x754,Canada,Organic,Organic Content,Organic,/organic-content,organic,organic,organic_content,Taylor Brooks,Morgan Reed,New Lead,37,2026-05-12T13:35:41,2026-05-12T11:53:41,,
lead_2c5515ebbc13,2026-04-08T05:51:49,Don,Ramos,gerald40@example.net,732.234.2321,Canada,Webinar,5-Day Investor Challenge,Webinar,/5-day-investor-challenge,webinar,organic,5-day_investor_challenge,Jordan Lee,Morgan Reed,Consultation Showed,84,2026-04-08T07:24:49,2026-04-08T06:04:49,book_5ade9ac1f63b,
lead_4384495efd4c,2026-04-28T12:17:26,Hannah,Bowers,smithtodd@example.com,131-089-0714,France,Webinar,VIP Webinar,Webinar,/vip-webinar,webinar,organic,vip_webinar,Jordan Lee,Casey Bennett,New Lead,78,2026-04-28T14:59:26,2026-04-28T12:49:26,,
lead_e181672831fa,2026-06-02T03:35:56,Carl,Contreras,pattonsamantha@example.org,(325) 012-4955,Canada,Meta Ads,Investor Calculator,Evergreen,/investor-calculator,meta_ads,paid_social,investor_calculator,Jordan Lee,Riley Carter,New Lead,58,2026-06-02T05:35:56,2026-06-02T04:08:56,,
lead_f359663cbcec,2026-02-06T01:36:03,Melissa,Norman,williamjones@example.net,983-342-8013,Canada,Email Campaign,Database Reactivation,Evergreen,/database-reactivation,email_campaign,organic,database_reactivation,Jordan Lee,Morgan Reed,New Lead,48,2026-02-06T04:35:03,2026-02-06T02:46:03,,
lead_35d83d6a8c34,2026-06-04T23:12:24,Melissa,Wells,scottrosario@example.org,1 (866) 383-6151,United States,Webinar,VIP Webinar,Webinar,/vip-webinar,webinar,organic,vip_webinar,Alex Morgan,Casey Bennett,Cancelled,60,2026-06-05T00:20:24,2026-06-04T23:47:24,book_fbdf4df2e632,
lead_680491b2573d,2026-06-02T05:11:36,Daniel,Taylor,janet80@example.org,1 (971) 647-9473,Canada,Meta Ads,Mentorship VSL,Evergreen,/mentorship-vsl,meta_ads,paid_social,mentorship_vsl,Jordan Lee,Casey Bennett,Consultation Showed,52,2026-06-02T07:58:36,2026-06-02T05:34:36,book_e833d39835e1,
lead_c2f41a52bb59,2026-01-02T00:12:41,Richard,Mercer,elopez@example.com,1 (320) 716-7811,Canada,Google Ads,High Intent Search,Evergreen,/high-intent-search,google_ads,cpc,high_intent_search,Jordan Lee,Morgan Reed,Consultation Showed,49,2026-01-02T01:35:41,2026-01-02T00:51:41,book_a38c5e568306,
lead_6c3735df39e6,2026-03-25T16:30:36,Ralph,Neal,figueroapatricia@example.org,853.539.6136,Canada,Meta Ads,Evergreen Wealth,Evergreen,/evergreen-wealth,meta_ads,paid_social,evergreen_wealth,Taylor Brooks,Casey Bennett,No Show,42,2026-03-25T18:29:36,2026-03-25T18:00:36,book_d4801d78ae8e,
lead_3d93ab84b8b0,2026-03-10T17:21:36,Joshua,Reeves,katelyn65@example.com,+1 (878) 427-1147,Canada,Meta Ads,Evergreen Wealth,Evergreen,/evergreen-wealth,meta_ads,paid_social,evergreen_wealth,Taylor Brooks,Casey Bennett,New Lead,50,2026-03-10T19:47:36,2026-03-10T17:49:36,,
lead_fea35c4d9f18,2026-02-26T16:06:26,Jerry,Dunlap,garciabrian@example.org,802-695-2499 x118,Canada,Webinar,5-Day Investor Challenge,Webinar,/5-day-investor-challenge,webinar,organic,5-day_investor_challenge,Alex Morgan,Riley Carter,No Show,69,2026-02-26T17:56:26,2026-02-26T17:51:26,book_e45e6f31beb9,
lead_22ee575f1814,2026-04-22T01:31:43,Laura,Harris,qhenry@example.net,1 (788) 006-1675,Canada,Webinar,5-Day Investor Challenge,Webinar,/5-day-investor-challenge,webinar,organic,5-day_investor_challenge,Jordan Lee,Morgan Reed,New Lead,43,2026-04-22T03:49:43,2026-04-22T02:46:43,,
lead_acae552b15eb,2026-02-22T02:51:58,Scott,Johnson,angeladalton@example.com,976 246 7197,Canada,Meta Ads,Investor Calculator,Evergreen,/investor-calculator,meta_ads,paid_social,investor_calculator,Alex Morgan,Casey Bennett,New Lead,71,2026-02-22T05:02:58,2026-02-22T03:32:58,,
lead_6e5ae966ef8c,2026-04-05T00:40:53,Gina,Armstrong,khart@example.net,164-796-9545,Canada,Meta Ads,Investor Calculator,Evergreen,/investor-calculator,meta_ads,paid_social,investor_calculator,Alex Morgan,Riley Carter,New Lead,74,2026-04-05T01:04:53,2026-04-05T01:15:53,,
lead_c72615c21a5e,2026-03-30T21:47:23,Anthony,Williams,oscar65@example.com,+1 (550) 333-4911,Canada,Referral,Partner Referral,Referral,/partner-referral,referral,organic,partner_referral,Alex Morgan,Casey Bennett,No Show,90,2026-03-30T22:19:23,2026-03-30T22:08:23,book_13706c0002aa,
lead_69ba608f5259,2026-03-15T18:24:55,Danny,Jackson,benjamin69@example.net,+1 (640) 790-5696,Canada,Meta Ads,Mentorship VSL,Evergreen,/mentorship-vsl,meta_ads,paid_social,mentorship_vsl,Jordan Lee,Riley Carter,Call Booked,49,2026-03-15T19:53:55,2026-03-15T21:52:55,book_459727800d70,
lead_68c583a14ef0,2026-02-28T08:07:47,Ashley,Stokes,vazquezjamie@example.com,(552) 945-6371 x834,United States,Direct,Direct Traffic,Evergreen,/direct-traffic,direct,organic,direct_traffic,Taylor Brooks,Morgan Reed,New Lead,80,2026-02-28T09:34:47,2026-02-28T08:30:47,,
lead_e5cc7eebc745,2026-03-19T07:55:51,Brandon,Davies,nballard@example.net,791.954.1987,Canada,Organic,Organic Content,Organic,/organic-content,organic,organic,organic_content,Taylor Brooks,Riley Carter,New Lead,48,2026-03-19T09:21:51,2026-03-19T09:52:51,,
lead_f65c388dd797,2026-03-05T06:44:23,Jason,Flynn,william46@example.net,(353) 664-9878 x208,Canada,Organic,Organic Content,Organic,/organic-content,organic,organic,organic_content,Jordan Lee,Casey Bennett,New Lead,53,2026-03-05T08:25:23,2026-03-05T07:07:23,,
lead_b24d548e1dc6,2026-02-08T19:08:08,Barbara,Lewis,oadams@example.net,+1 (590) 835-7232,France,Meta Ads,Mentorship VSL,Evergreen,/mentorship-vsl,meta_ads,paid_social,mentorship_vsl,Alex Morgan,Riley Carter,New Lead,43,2026-02-08T21:44:08,2026-02-08T19:19:08,,
lead_8cda7fd484d2,2026-05-22T05:03:35,Megan,Jenkins,waltersmeghan@example.com,1-124-936-3123,Mexico,Webinar,5-Day Investor Challenge,Webinar,/5-day-investor-challenge,webinar,organic,5-day_investor_challenge,Alex Morgan,Casey Bennett,New Lead,55,2026-05-22T07:06:35,2026-05-22T05:17:35,,
lead_51f1987401e9,2026-06-09T00:39:22,John,Wilcox,bwashington@example.com,132-420-4482,United States,Webinar,5-Day Investor Challenge,Webinar,/5-day-investor-challenge,webinar,organic,5-day_investor_challenge,Alex Morgan,Riley Carter,New Lead,71,2026-06-09T02:28:22,2026-06-09T01:11:22,,
lead_3fcf0bb1e7ac,2026-05-08T21:35:30,Tamara,Tucker,brownpeggy@example.com,1-916-516-2319,United States,Meta Ads,Investor Calculator,Evergreen,/investor-calculator,meta_ads,paid_social,investor_calculator,Jordan Lee,Morgan Reed,No Show,40,2026-05-08T22:19:30,2026-05-08T23:29:30,book_65421b539ad4,
lead_954685f7a5c3,2026-04-24T01:27:13,Sarah,Boyd,tyler13@example.net,355.963.6321,Canada,Google Ads,Real Estate Mentorship,Evergreen,/real-estate-mentorship,google_ads,cpc,real_estate_mentorship,Taylor Brooks,Casey Bennett,New Lead,53,2026-04-24T03:14:13,2026-04-24T02:39:13,,
lead_78867dd19775,2026-05-17T05:51:09,Jason,Hill,lking@example.org,685-158-6734 x257,Canada,Organic,Organic Content,Organic,/organic-content,organic,organic,organic_content,Alex Morgan,Morgan Reed,New Lead,68,2026-05-17T08:13:09,2026-05-17T06:22:09,,
lead_08e658ea38b4,2026-02-02T07:11:36,Lori,Smith,skinnereileen@example.org,(748) 645-1837,United States,Webinar,VIP Webinar,Webinar,/vip-webinar,webinar,organic,vip_webinar,Taylor Brooks,Riley Carter,New Lead,73,2026-02-02T10:01:36,2026-02-02T07:24:36,,
lead_e41063ef33dc,2026-05-27T03:45:21,Alan,Yu,kevin34@example.org,675 604 1776,France,Referral,Client Referral,Referral,/client-referral,referral,organic,client_referral,Jordan Lee,Morgan Reed,New Lead,75,2026-05-27T05:14:21,2026-05-27T04:22:21,,
lead_3f4b47804fca,2026-02-13T02:36:00,Jennifer,Mcdowell,hollowayholly@example.net,856.985.7002,United States,Meta Ads,Investor Calculator,Evergreen,/investor-calculator,meta_ads,paid_social,investor_calculator,Taylor Brooks,Riley Carter,New Lead,96,2026-02-13T04:51:00,2026-02-13T03:17:00,,
lead_c1004be7aa5f,2026-03-28T13:28:43,Krystal,Taylor,tgonzalez@example.com,812.382.9657,Canada,Referral,Partner Referral,Referral,/partner-referral,referral,organic,partner_referral,Taylor Brooks,Riley Carter,Consultation Showed,59,2026-03-28T15:08:43,2026-03-28T13:47:43,book_c0e2c1dfd2ad,
lead_ed6332bb504f,2026-03-08T23:39:52,Morgan,Anderson,graceserrano@example.com,(116) 526-6930,Canada,Referral,Partner Referral,Referral,/partner-referral,referral,organic,partner_referral,Jordan Lee,Casey Bennett,Consultation Showed,58,2026-03-08T23:50:52,2026-03-08T23:59:52,book_e8c812a20927,
lead_64dc23b91d7b,2026-01-23T12:55:20,Sandra,Holland,rebeccamccann@example.org,1-620-696-9421,Canada,Email Campaign,Database Reactivation,Evergreen,/database-reactivation,email_campaign,organic,database_reactivation,Jordan Lee,Casey Bennett,New Lead,76,2026-01-23T13:36:20,2026-01-23T13:14:20,,
lead_c5a6b0e2c6ef,2026-03-09T15:11:49,George,Bradley,higginsryan@example.com,413-334-4762 x639,Canada,Webinar,VIP Webinar,Webinar,/vip-webinar,webinar,organic,vip_webinar,Taylor Brooks,Riley Carter,New Lead,57,2026-03-09T17:17:49,2026-03-09T16:54:49,,
lead_940d579a7111,2026-02-28T07:19:55,Wanda,Campbell,robertortiz@example.org,244-397-3597,Mexico,Google Ads,High Intent Search,Evergreen,/high-intent-search,google_ads,cpc,high_intent_search,Alex Morgan,Morgan Reed,Call Booked,65,2026-02-28T07:35:55,2026-02-28T07:36:55,book_712ef111871b,
lead_5403beddd349,2026-05-12T11:41:52,Alex,Anderson,terri63@example.net,+1 (469) 411-8005,Mexico,Webinar,5-Day Investor Challenge,Webinar,/5-day-investor-challenge,webinar,organic,5-day_investor_challenge,Taylor Brooks,Morgan Reed,Consultation Showed,77,2026-05-12T12:28:52,2026-05-12T12:02:52,book_407dc68d9331,
lead_298076e8d46f,2026-03-06T06:31:24,Thomas,Gomez,smithwilliam@example.com,1-965-280-9242,Canada,Organic,Organic Content,Organic,/organic-content,organic,organic,organic_content,Jordan Lee,Morgan Reed,New Lead,33,2026-03-06T08:59:24,2026-03-06T07:09:24,,
lead_f7b0032efdcc,2026-02-06T04:37:33,Trevor,Morgan,uanderson@example.net,(562) 415-0274 x564,United States,Webinar,5-Day Investor Challenge,Webinar,/5-day-investor-challenge,webinar,organic,5-day_investor_challenge,Jordan Lee,Morgan Reed,New Lead,95,2026-02-06T07:25:33,2026-02-06T06:31:33,,
lead_332fb6d07f52,2026-03-29T07:10:17,Chloe,Juarez,zachary62@example.com,328-703-2032 x074,Canada,Webinar,5-Day Investor Challenge,Webinar,/5-day-investor-challenge,webinar,organic,5-day_investor_challenge,Alex Morgan,Riley Carter,New Lead,61,2026-03-29T09:46:17,2026-03-29T07:30:17,,
lead_d11d1bc81012,2026-05-27T02:05:27,Janice,Graham,hellis@example.net,415 134 2284,Canada,Meta Ads,Investor Calculator,Evergreen,/investor-calculator,meta_ads,paid_social,investor_calculator,Taylor Brooks,Morgan Reed,New Lead,62,2026-05-27T02:26:27,2026-05-27T02:46:27,,
lead_c64dcd59296b,2026-03-30T20:20:22,Brandy,Bonilla,robertjones@example.com,350.416.5915,Canada,Google Ads,High Intent Search,Evergreen,/high-intent-search,google_ads,cpc,high_intent_search,Jordan Lee,Riley Carter,New Lead,89,2026-03-30T20:54:22,2026-03-30T21:16:22,,
lead_302bfb6a6b97,2026-04-26T22:05:08,Anthony,Stevens,rgibson@example.net,550-975-9230,United States,Direct,Direct Traffic,Evergreen,/direct-traffic,direct,organic,direct_traffic,Taylor Brooks,Morgan Reed,New Lead,44,2026-04-26T23:49:08,2026-04-26T22:33:08,,
lead_abbb6cd13696,2026-04-30T21:07:07,Marcus,Brown,paynecarrie@example.org,+1 (742) 361-0326,Mexico,Google Ads,Real Estate Mentorship,Evergreen,/real-estate-mentorship,google_ads,cpc,real_estate_mentorship,Taylor Brooks,Casey Bennett,New Lead,46,2026-04-30T21:56:07,2026-04-30T21:17:07,,
lead_cf1b9ff79f10,2026-05-11T12:15:36,Justin,Goodwin,davidhenry@example.com,1-792-515-8377,Canada,Email Campaign,Database Reactivation,Evergreen,/database-reactivation,email_campaign,organic,database_reactivation,Alex Morgan,Casey Bennett,New Lead,86,2026-05-11T12:54:36,2026-05-11T12:47:36,,
lead_d4daa4fe53ce,2026-05-15T15:38:54,Thomas,Hart,bdavis@example.com,866 108 5732,Canada,Meta Ads,Investor Calculator,Evergreen,/investor-calculator,meta_ads,paid_social,investor_calculator,Jordan Lee,Riley Carter,New Lead,61,2026-05-15T16:19:54,2026-05-15T15:59:54,,
lead_665a2d901405,2026-03-24T03:30:13,Alison,Holland,robertssamuel@example.com,1-922-438-6490,Canada,Meta Ads,Investor Calculator,Evergreen,/investor-calculator,meta_ads,paid_social,investor_calculator,Taylor Brooks,Riley Carter,New Lead,76,2026-03-24T04:22:13,2026-03-24T04:02:13,,
lead_e94f3b8986a2,2026-04-18T18:04:48,Charles,Williams,dixonrobert@example.com,1-354-918-0172,Canada,Email Campaign,Database Reactivation,Evergreen,/database-reactivation,email_campaign,organic,database_reactivation,Alex Morgan,Morgan Reed,New Lead,46,2026-04-18T18:51:48,2026-04-18T22:14:48,,
lead_9ef73e8efe9d,2026-05-01T06:39:35,Megan,Williams,tmcdowell@example.com,979-452-3219 x416,Mexico,Meta Ads,Investor Calculator,Evergreen,/investor-calculator,meta_ads,paid_social,investor_calculator,Alex Morgan,Casey Bennett,New Lead,74,2026-05-01T06:57:35,2026-05-01T07:01:35,,
lead_6de7dd631c5f,2026-04-20T01:09:43,Andrew,Foster,jacksonthomas@example.net,+1 (397) 499-5641,United States,Meta Ads,Investor Calculator,Evergreen,/investor-calculator,meta_ads,paid_social,investor_calculator,Jordan Lee,Riley Carter,Consultation Showed,86,2026-04-20T03:23:43,2026-04-20T02:06:43,book_e253fe1c2b33,
lead_95fec223a801,2026-04-05T21:30:17,Derek,Lee,hortonjacob@example.org,(372) 368-3147,Canada,Organic,Organic Content,Organic,/organic-content,organic,organic,organic_content,Alex Morgan,Morgan Reed,New Lead,51,2026-04-05T22:17:17,2026-04-05T22:22:17,,
lead_713a1738bb7d,2026-02-13T15:50:46,Thomas,Johnson,rachelrodgers@example.com,270-793-3496 x050,Canada,Meta Ads,Investor Calculator,Evergreen,/investor-calculator,meta_ads,paid_social,investor_calculator,Jordan Lee,Riley Carter,New Lead,75,2026-02-13T18:12:46,2026-02-13T16:43:46,,
lead_9898195a53ba,2026-04-17T17:54:34,Crystal,Marquez,vallison@example.net,(140) 767-8997 x308,Canada,Webinar,VIP Webinar,Webinar,/vip-webinar,webinar,organic,vip_webinar,Alex Morgan,Casey Bennett,Consultation Showed,75,2026-04-17T20:09:34,2026-04-17T18:57:34,book_93db498e584b,
lead_80f2bb0be7b8,2026-04-16T06:06:18,Robert,Stewart,adamsdeborah@example.com,879.576.0243,United States,Webinar,VIP Webinar,Webinar,/vip-webinar,webinar,organic,vip_webinar,Jordan Lee,Riley Carter,New Lead,85,2026-04-16T06:21:18,2026-04-16T07:23:18,,
lead_1405423524ab,2026-01-20T21:17:42,Maurice,Hall,brianacohen@example.net,324-665-7293 x417,United States,Meta Ads,Investor Calculator,Evergreen,/investor-calculator,meta_ads,paid_social,investor_calculator,Jordan Lee,Morgan Reed,Call Booked,67,2026-01-21T00:09:42,2026-01-20T22:57:42,book_b122fdc52f20,
lead_7d348e925993,2026-06-17T10:08:29,Glen,Moore,agarcia@example.com,1-333-800-5452,Canada,Google Ads,Real Estate Mentorship,Evergreen,/real-estate-mentorship,google_ads,cpc,real_estate_mentorship,Alex Morgan,Morgan Reed,New Lead,59,2026-06-17T10:35:29,2026-06-17T10:36:29,,
lead_72808c721b27,2026-04-25T03:55:26,Maria,Kline,romanmatthew@example.org,(518) 374-5508,Mexico,Meta Ads,Mentorship VSL,Evergreen,/mentorship-vsl,meta_ads,paid_social,mentorship_vsl,Taylor Brooks,Riley Carter,New Lead,43,2026-04-25T05:29:26,2026-04-25T05:21:26,,
lead_8cb30ac10ba7,2026-06-02T09:39:46,Paula,Castaneda,mccarthysara@example.com,611-991-8081 x213,Mexico,Google Ads,High Intent Search,Evergreen,/high-intent-search,google_ads,cpc,high_intent_search,Alex Morgan,Riley Carter,New Lead,51,2026-06-02T10:36:46,2026-06-02T10:23:46,,
lead_17339d565752,2026-04-26T21:33:30,Eric,Carter,fgill@example.net,425.521.3760,Canada,Google Ads,Real Estate Mentorship,Evergreen,/real-estate-mentorship,google_ads,cpc,real_estate_mentorship,Taylor Brooks,Casey Bennett,Consultation Showed,78,2026-04-26T23:55:30,2026-04-26T22:06:30,book_db32edf08ed8,
lead_694b57ee431a,2026-06-16T14:38:53,Mary,Wells,william14@example.com,+1 (753) 286-3266,France,Meta Ads,Investor Calculator,Evergreen,/investor-calculator,meta_ads,paid_social,investor_calculator,Taylor Brooks,Morgan Reed,New Lead,58,2026-06-16T16:54:53,2026-06-16T15:16:53,,
lead_a6b4c0f9f991,2026-06-28T09:46:21,Rachael,Crane,sherry72@example.org,(111) 556-2606 x029,France,Meta Ads,Investor Calculator,Evergreen,/investor-calculator,meta_ads,paid_social,investor_calculator,Taylor Brooks,Morgan Reed,New Lead,69,2026-06-28T10:06:21,2026-06-28T09:57:21,,
lead_f84b1204a7f9,2026-02-18T11:34:49,Tiffany,Whitney,robert84@example.net,1 (950) 489-2673,United States,Referral,Partner Referral,Referral,/partner-referral,referral,organic,partner_referral,Alex Morgan,Riley Carter,New Lead,100,2026-02-18T12:16:49,2026-02-18T12:29:49,,
lead_a8a5487d2cdf,2026-04-23T02:59:52,Claudia,Montgomery,zterry@example.net,+1 (934) 108-5628,Canada,Google Ads,High Intent Search,Evergreen,/high-intent-search,google_ads,cpc,high_intent_search,Jordan Lee,Casey Bennett,New Lead,61,2026-04-23T05:45:52,2026-04-23T03:24:52,,
lead_ef1d720fcdde,2026-03-20T05:25:14,Justin,Davis,adrienne20@example.org,(294) 346-8105 x485,United States,Google Ads,High Intent Search,Evergreen,/high-intent-search,google_ads,cpc,high_intent_search,Taylor Brooks,Casey Bennett,New Lead,82,2026-03-20T07:41:14,2026-03-20T06:05:14,,
lead_d1877b60618c,2026-03-05T13:16:42,Brandon,Curtis,westashley@example.org,753-998-9354 x492,Canada,Google Ads,Real Estate Mentorship,Evergreen,/real-estate-mentorship,google_ads,cpc,real_estate_mentorship,Taylor Brooks,Morgan Reed,Consultation Showed,62,2026-03-05T15:49:42,2026-03-05T13:46:42,book_53097accda50,
lead_cc0524e8c47f,2026-05-04T06:34:16,April,Wright,zachary35@example.com,426.611.0627,United States,Webinar,VIP Webinar,Webinar,/vip-webinar,webinar,organic,vip_webinar,Alex Morgan,Riley Carter,No Show,70,2026-05-04T09:29:16,2026-05-04T07:27:16,book_8af616d01377,
lead_ec2b73632b1a,2026-06-10T04:04:07,Sean,Wood,hchapman@example.com,1-397-677-6228,Canada,Google Ads,Real Estate Mentorship,Evergreen,/real-estate-mentorship,google_ads,cpc,real_estate_mentorship,Jordan Lee,Casey Bennett,New Lead,60,2026-06-10T05:03:07,2026-06-10T04:27:07,,
lead_0ed07cd8c5e3,2026-01-26T08:36:47,Todd,Ellis,bensonstanley@example.org,585 196 1159,Mexico,Meta Ads,Mentorship VSL,Evergreen,/mentorship-vsl,meta_ads,paid_social,mentorship_vsl,Jordan Lee,Riley Carter,New Lead,40,2026-01-26T11:05:47,2026-01-26T09:54:47,,
lead_68d9788f10db,2026-01-20T08:03:06,Billy,Hernandez,kevin54@example.com,202-296-0443 x270,United States,Webinar,5-Day Investor Challenge,Webinar,/5-day-investor-challenge,webinar,organic,5-day_investor_challenge,Jordan Lee,Morgan Reed,New Lead,56,2026-01-20T10:48:06,2026-01-20T08:39:06,,
lead_2a5a2f6920cd,2026-03-27T16:32:29,Amy,Jones,butlerashley@example.net,256-792-2877 x725,Canada,Meta Ads,Evergreen Wealth,Evergreen,/evergreen-wealth,meta_ads,paid_social,evergreen_wealth,Jordan Lee,Morgan Reed,New Lead,32,2026-03-27T18:33:29,2026-03-27T17:58:29,,
lead_69d0bc967606,2026-06-21T07:06:23,Lauren,Beck,zhughes@example.com,(407) 412-0948 x181,Canada,Direct,Direct Traffic,Evergreen,/direct-traffic,direct,organic,direct_traffic,Jordan Lee,Morgan Reed,New Lead,63,2026-06-21T09:57:23,2026-06-21T07:27:23,,
lead_3876cba8f1c6,2026-01-17T00:06:27,Stephanie,Weaver,bernardaimee@example.com,(601) 820-4339 x718,United States,Referral,Client Referral,Referral,/client-referral,referral,organic,client_referral,Taylor Brooks,Morgan Reed,New Lead,65,2026-01-17T01:46:27,2026-01-17T02:01:27,,
lead_1c9b2a997d0b,2026-03-01T07:46:34,Richard,Williams,morganhenry@example.org,(256) 411-1824 x224,Canada,Meta Ads,Mentorship VSL,Evergreen,/mentorship-vsl,meta_ads,paid_social,mentorship_vsl,Alex Morgan,Riley Carter,New Lead,87,2026-03-01T08:50:34,2026-03-01T08:07:34,,
lead_4e63b31e0844,2026-04-03T14:04:49,Eric,Farley,brianwoodward@example.org,704-615-2654,Canada,Meta Ads,Evergreen Wealth,Evergreen,/evergreen-wealth,meta_ads,paid_social,evergreen_wealth,Alex Morgan,Riley Carter,New Lead,22,2026-04-03T14:28:49,2026-04-03T14:14:49,,
lead_ba107f3a5034,2026-01-02T13:34:27,Shelly,Lam,harriskaren@example.net,(978) 861-4057,Mexico,Referral,Partner Referral,Referral,/partner-referral,referral,organic,partner_referral,Jordan Lee,Riley Carter,New Lead,59,2026-01-02T15:06:27,2026-01-02T14:21:27,,
lead_81701d79167b,2026-02-14T10:58:11,Richard,Washington,bschultz@example.com,(391) 382-4967 x183,Canada,Meta Ads,Evergreen Wealth,Evergreen,/evergreen-wealth,meta_ads,paid_social,evergreen_wealth,Alex Morgan,Morgan Reed,New Lead,69,2026-02-14T12:41:11,2026-02-14T11:12:11,,
lead_645bc68f582c,2026-01-27T15:04:07,Nathaniel,Galloway,amandahenderson@example.net,700-794-2007 x494,United States,Meta Ads,Investor Calculator,Evergreen,/investor-calculator,meta_ads,paid_social,investor_calculator,Alex Morgan,Riley Carter,New Lead,48,2026-01-27T16:46:07,2026-01-27T15:44:07,,
lead_5e9bd0f66b69,2026-01-14T06:49:16,Yvette,Kirby,brendadixon@example.org,589 141 6128,Canada,Direct,Direct Traffic,Evergreen,/direct-traffic,direct,organic,direct_traffic,Taylor Brooks,Riley Carter,Call Booked,71,2026-01-14T09:09:16,2026-01-14T07:00:16,book_4662997def67,
lead_32437dc8a0e9,2026-05-21T06:46:38,Natalie,Clark,nicole54@example.net,843-553-7950 x209,United States,Meta Ads,Investor Calculator,Evergreen,/investor-calculator,meta_ads,paid_social,investor_calculator,Alex Morgan,Casey Bennett,New Lead,55,2026-05-21T07:45:38,2026-05-21T07:41:38,,
lead_d5084a694c59,2026-06-16T23:42:57,Adam,Smith,robertwoodard@example.net,768-118-0715 x695,Canada,Organic,Organic Content,Organic,/organic-content,organic,organic,organic_content,Alex Morgan,Morgan Reed,Call Booked,38,2026-06-17T00:42:57,2026-06-17T02:07:57,book_56e6b137f650,
lead_36da79e64de9,2026-03-10T06:16:29,Gregory,Tate,martinezmitchell@example.org,603-045-3194 x337,Canada,Webinar,VIP Webinar,Webinar,/vip-webinar,webinar,organic,vip_webinar,Alex Morgan,Morgan Reed,New Lead,56,2026-03-10T08:10:29,2026-03-10T06:25:29,,
lead_8a18bdff6aa1,2026-02-18T04:32:31,Benjamin,Vasquez,adrianjoyce@example.net,+1 (314) 987-2839,United States,Meta Ads,Evergreen Wealth,Evergreen,/evergreen-wealth,meta_ads,paid_social,evergreen_wealth,Taylor Brooks,Riley Carter,New Lead,61,2026-02-18T06:58:31,2026-02-18T05:03:31,,
lead_d58ce4a3362e,2026-01-06T05:00:38,Cameron,Anderson,andersonsarah@example.org,(743) 089-4870 x605,Mexico,Meta Ads,Mentorship VSL,Evergreen,/mentorship-vsl,meta_ads,paid_social,mentorship_vsl,Alex Morgan,Riley Carter,New Lead,63,2026-01-06T07:53:38,2026-01-06T05:27:38,,
lead_57a4dacf040c,2026-05-26T05:12:14,Megan,Russell,fraziersteven@example.com,(203) 046-8750 x635,Canada,Organic,Organic Content,Organic,/organic-content,organic,organic,organic_content,Alex Morgan,Morgan Reed,Cancelled,80,2026-05-26T06:57:14,2026-05-26T05:24:14,book_6e4390517304,
lead_316205bf897c,2026-02-16T19:31:20,Nicole,Aguirre,tiffanycoleman@example.org,(132) 541-1076,United States,Organic,Organic Content,Organic,/organic-content,organic,organic,organic_content,Alex Morgan,Riley Carter,New Lead,75,2026-02-16T21:43:20,2026-02-16T20:02:20,,
lead_6220af01201a,2026-03-12T02:50:22,Brittany,Sims,mary31@example.com,(250) 583-1997,Canada,Webinar,5-Day Investor Challenge,Webinar,/5-day-investor-challenge,webinar,organic,5-day_investor_challenge,Taylor Brooks,Casey Bennett,Consultation Showed,74,2026-03-12T04:16:22,2026-03-12T03:33:22,book_83c0c809fdbc,
lead_64ae5a3d4f7f,2026-05-29T02:33:37,Colleen,Riley,villegassabrina@example.com,1 (212) 070-4961,France,Google Ads,High Intent Search,Evergreen,/high-intent-search,google_ads,cpc,high_intent_search,Alex Morgan,Morgan Reed,New Lead,64,2026-05-29T04:38:37,2026-05-29T03:25:37,,
lead_fd21691f9dc4,2026-02-20T21:52:19,Erica,Hansen,melissa61@example.net,+1 (239) 907-6769,Canada,Organic,Organic Content,Organic,/organic-content,organic,organic,organic_content,Alex Morgan,Casey Bennett,New Lead,78,2026-02-20T22:52:19,2026-02-20T22:47:19,,
lead_8b3d5ff8468e,2026-03-24T06:00:13,Matthew,Pace,gibsonmark@example.org,510.919.3928,Canada,Organic,Organic Content,Organic,/organic-content,organic,organic,organic_content,Taylor Brooks,Riley Carter,Consultation Showed,68,2026-03-24T07:47:13,2026-03-24T06:38:13,book_b1a340f231a5,
lead_c856f88266bd,2026-01-17T05:35:26,Michael,Olson,ilopez@example.org,324-968-5498,Canada,Organic,Organic Content,Organic,/organic-content,organic,organic,organic_content,Alex Morgan,Morgan Reed,Consultation Showed,80,2026-01-17T06:59:26,2026-01-17T06:05:26,book_53b90fb1fbbd,
lead_981186982a36,2026-04-24T20:59:42,Dylan,Parker,kelly08@example.net,403 880 6533,United States,Organic,Organic Content,Organic,/organic-content,organic,organic,organic_content,Taylor Brooks,Riley Carter,Consultation Showed,86,2026-04-24T23:46:42,2026-04-24T21:18:42,book_a0cf5a930fcf,
lead_a73dc892d98e,2026-05-16T16:03:56,Kristen,Peterson,dneal@example.net,1 (899) 594-6521,United States,Referral,Client Referral,Referral,/client-referral,referral,organic,client_referral,Alex Morgan,Morgan Reed,New Lead,44,2026-05-16T17:59:56,2026-05-16T16:35:56,,
lead_3ad3282571d5,2026-01-23T12:32:11,Nancy,Lozano,arobinson@example.net,(737) 933-7563,United States,Meta Ads,Investor Calculator,Evergreen,/investor-calculator,meta_ads,paid_social,investor_calculator,Alex Morgan,Casey Bennett,Consultation Showed,46,2026-01-23T14:33:11,2026-01-23T13:08:11,book_1aba834c6e5c,
lead_de9fab8f1419,2026-01-24T04:38:41,Jack,Fritz,alejandro50@example.net,424.739.5003,United States,Referral,Partner Referral,Referral,/partner-referral,referral,organic,partner_referral,Taylor Brooks,Morgan Reed,New Lead,56,2026-01-24T04:46:41,2026-01-24T05:42:41,,
lead_7aebbe346e01,2026-04-12T13:22:53,Justin,Robinson,jennifer58@example.org,630 241 0261,United States,Meta Ads,Investor Calculator,Evergreen,/investor-calculator,meta_ads,paid_social,investor_calculator,Taylor Brooks,Casey Bennett,New Lead,27,2026-04-12T15:39:53,2026-04-12T13:45:53,,
lead_62306c1050d3,2026-05-26T14:12:40,Sharon,Torres,mikewatson@example.org,(796) 112-2338 x655,United States,Meta Ads,Evergreen Wealth,Evergreen,/evergreen-wealth,meta_ads,paid_social,evergreen_wealth,Alex Morgan,Morgan Reed,New Lead,18,2026-05-26T15:25:40,2026-05-26T14:35:40,,
lead_9318442d78da,2026-02-22T19:31:17,Tiffany,Sanchez,hinesbrenda@example.net,1-425-304-2897,Canada,Meta Ads,Investor Calculator,Evergreen,/investor-calculator,meta_ads,paid_social,investor_calculator,Taylor Brooks,Riley Carter,New Lead,70,2026-02-22T21:50:17,2026-02-22T19:40:17,,
lead_18b682b8eaf2,2026-03-30T09:22:31,Jessica,Mueller,jacksonpaul@example.net,(757) 872-5587 x774,Canada,Referral,Client Referral,Referral,/client-referral,referral,organic,client_referral,Jordan Lee,Riley Carter,Consultation Showed,73,2026-03-30T11:37:31,2026-03-30T10:24:31,book_41d6b6792bee,
lead_7f83cdcb8251,2026-02-19T12:55:37,Danielle,Gibbs,clarkpatricia@example.com,(963) 466-9254,Mexico,Meta Ads,Evergreen Wealth,Evergreen,/evergreen-wealth,meta_ads,paid_social,evergreen_wealth,Taylor Brooks,Riley Carter,New Lead,57,2026-02-19T13:26:37,2026-02-19T13:10:37,,
lead_8092f12801b6,2026-04-09T19:17:45,Christopher,Walton,sean53@example.net,678-956-7766,Canada,Meta Ads,Mentorship VSL,Evergreen,/mentorship-vsl,meta_ads,paid_social,mentorship_vsl,Alex Morgan,Morgan Reed,Call Booked,39,2026-04-09T19:22:45,2026-04-09T19:50:45,book_7679463e8747,
lead_b0f02cafe046,2026-03-16T08:48:49,Linda,Stewart,cjohnson@example.org,1-415-148-8814,Canada,Meta Ads,Investor Calculator,Evergreen,/investor-calculator,meta_ads,paid_social,investor_calculator,Alex Morgan,Riley Carter,No Show,70,2026-03-16T09:31:49,2026-03-16T10:38:49,book_58ef0f2397b1,
lead_a930541b078b,2026-02-13T14:19:01,Corey,Jones,paynematthew@example.net,1 (544) 439-2840,Canada,Webinar,VIP Webinar,Webinar,/vip-webinar,webinar,organic,vip_webinar,Taylor Brooks,Casey Bennett,New Lead,68,2026-02-13T15:46:01,2026-02-13T14:46:01,,
lead_4abcb832841c,2026-04-21T23:33:02,Juan,Reed,lbautista@example.net,978-263-3373,Canada,Meta Ads,Evergreen Wealth,Evergreen,/evergreen-wealth,meta_ads,paid_social,evergreen_wealth,Taylor Brooks,Morgan Reed,New Lead,24,2026-04-22T01:13:02,2026-04-22T00:12:02,,
lead_ad2430a8dc91,2026-01-09T22:02:33,Brenda,Tran,dsharp@example.com,653.663.7780,Canada,Meta Ads,Mentorship VSL,Evergreen,/mentorship-vsl,meta_ads,paid_social,mentorship_vsl,Jordan Lee,Casey Bennett,New Lead,46,2026-01-09T23:49:33,2026-01-09T22:29:33,,
lead_cc0955676ef6,2026-03-05T13:19:58,Don,Russo,sherry07@example.net,1 (153) 666-8459,Canada,Webinar,VIP Webinar,Webinar,/vip-webinar,webinar,organic,vip_webinar,Alex Morgan,Casey Bennett,Cancelled,63,2026-03-05T13:46:58,2026-03-05T13:33:58,book_102c3960e4db,
lead_c01bbfe15fbf,2026-06-02T08:04:07,Ashley,Johnson,ericcisneros@example.com,+1 (663) 618-6371,United States,Meta Ads,Mentorship VSL,Evergreen,/mentorship-vsl,meta_ads,paid_social,mentorship_vsl,Alex Morgan,Casey Bennett,New Lead,66,2026-06-02T09:26:07,2026-06-02T10:23:07,,
lead_7572643f1de0,2026-05-31T00:38:19,Ashley,Hayes,christopher18@example.org,497-023-1643,United States,Google Ads,Real Estate Mentorship,Evergreen,/real-estate-mentorship,google_ads,cpc,real_estate_mentorship,Taylor Brooks,Morgan Reed,Consultation Showed,66,2026-05-31T01:33:19,2026-05-31T00:58:19,book_725b1e579dc9,
lead_0da8f10dd728,2026-01-05T15:25:47,Kelly,Warren,hbrown@example.org,256 621 2867,Canada,Meta Ads,Investor Calculator,Evergreen,/investor-calculator,meta_ads,paid_social,investor_calculator,Taylor Brooks,Riley Carter,Consultation Showed,71,2026-01-05T16:29:47,2026-01-05T17:06:47,book_3d9ca9cc81da,
lead_c1d41c16dd3c,2026-01-01T06:48:48,Paul,Berger,davidharris@example.com,829-949-3874 x302,Canada,Webinar,VIP Webinar,Webinar,/vip-webinar,webinar,organic,vip_webinar,Taylor Brooks,Riley Carter,No Show,57,2026-01-01T09:41:48,2026-01-01T07:22:48,book_6d0a3e755a23,
lead_45c5654a0278,2026-04-13T21:06:52,Caleb,Ross,aliciakent@example.com,479-014-7546 x926,Canada,Meta Ads,Evergreen Wealth,Evergreen,/evergreen-wealth,meta_ads,paid_social,evergreen_wealth,Alex Morgan,Morgan Reed,New Lead,63,2026-04-13T22:11:52,2026-04-13T22:03:52,,
lead_8661286c7723,2026-01-09T12:35:24,Hayden,Williamson,qellis@example.org,860.324.8413,Mexico,Webinar,5-Day Investor Challenge,Webinar,/5-day-investor-challenge,webinar,organic,5-day_investor_challenge,Taylor Brooks,Casey Bennett,New Lead,77,2026-01-09T13:39:24,2026-01-09T13:42:24,,
lead_8a89097c1ef5,2026-03-31T00:34:09,Robert,Gill,carneycharles@example.org,(756) 724-3807 x017,Canada,Referral,Client Referral,Referral,/client-referral,referral,organic,client_referral,Taylor Brooks,Morgan Reed,New Lead,58,2026-03-31T01:00:09,2026-03-31T01:50:09,,
lead_eb5d89c733d3,2026-01-15T12:44:07,Matthew,Ross,randysmith@example.org,357 771 1837,Canada,Referral,Client Referral,Referral,/client-referral,referral,organic,client_referral,Jordan Lee,Riley Carter,New Lead,69,2026-01-15T15:20:07,2026-01-15T14:19:07,,
lead_a06dc7444a67,2026-02-26T15:18:31,Thomas,Ramirez,georgesmith@example.org,841 862 1042,Mexico,Direct,Direct Traffic,Evergreen,/direct-traffic,direct,organic,direct_traffic,Jordan Lee,Riley Carter,New Lead,44,2026-02-26T16:29:31,2026-02-26T18:12:31,,
lead_1f7804900ca0,2026-03-03T18:15:23,Michael,Robinson,staffordamanda@example.com,781-647-0900,Canada,Webinar,VIP Webinar,Webinar,/vip-webinar,webinar,organic,vip_webinar,Alex Morgan,Morgan Reed,Consultation Showed,69,2026-03-03T20:15:23,2026-03-03T20:27:23,book_c40e692de4ef,
lead_91e0d6c05904,2026-01-22T03:51:00,Katie,Mcfarland,regina31@example.org,+1 (100) 531-3122,Canada,Meta Ads,Mentorship VSL,Evergreen,/mentorship-vsl,meta_ads,paid_social,mentorship_vsl,Jordan Lee,Casey Bennett,New Lead,50,2026-01-22T04:35:00,2026-01-22T04:10:00,,
lead_a8b7e5ba3247,2026-04-15T01:35:21,Robert,Rodriguez,marcus39@example.org,(166) 133-1552 x065,France,Meta Ads,Evergreen Wealth,Evergreen,/evergreen-wealth,meta_ads,paid_social,evergreen_wealth,Alex Morgan,Casey Bennett,Call Booked,64,2026-04-15T03:11:21,2026-04-15T02:00:21,book_2cd5856b99c7,
lead_91da6f32d885,2026-06-15T12:51:17,Paul,Ellis,barrettjoshua@example.net,1 (301) 364-9718,Canada,Meta Ads,Investor Calculator,Evergreen,/investor-calculator,meta_ads,paid_social,investor_calculator,Taylor Brooks,Casey Bennett,Call Booked,48,2026-06-15T13:26:17,2026-06-15T13:41:17,book_16fb41a60ef2,
lead_00a3c2657b43,2026-02-11T18:04:10,Johnathan,Davis,tina62@example.com,957 150 9976,Canada,Webinar,5-Day Investor Challenge,Webinar,/5-day-investor-challenge,webinar,organic,5-day_investor_challenge,Taylor Brooks,Morgan Reed,New Lead,100,2026-02-11T19:32:10,2026-02-11T18:36:10,,
lead_2a7d077f1535,2026-04-10T16:53:43,Danielle,Hall,hallchristina@example.org,1-536-391-0257,United States,Direct,Direct Traffic,Evergreen,/direct-traffic,direct,organic,direct_traffic,Jordan Lee,Morgan Reed,New Lead,63,2026-04-10T17:10:43,2026-04-10T19:04:43,,
lead_da5615c95384,2026-06-15T22:43:50,James,Bennett,youngjessica@example.com,1 (624) 508-6403,Canada,Meta Ads,Investor Calculator,Evergreen,/investor-calculator,meta_ads,paid_social,investor_calculator,Taylor Brooks,Morgan Reed,New Lead,59,2026-06-16T00:43:50,2026-06-15T23:17:50,,
lead_14cfd92500bf,2026-06-06T02:25:49,Matthew,Harris,knoxelizabeth@example.org,(296) 852-7017,Canada,Meta Ads,Evergreen Wealth,Evergreen,/evergreen-wealth,meta_ads,paid_social,evergreen_wealth,Alex Morgan,Morgan Reed,New Lead,40,2026-06-06T03:05:49,2026-06-06T03:19:49,,
lead_6e13b9d7303c,2026-03-14T06:45:46,Stephanie,Williams,shawnamartinez@example.org,(433) 816-7423 x362,United States,Meta Ads,Investor Calculator,Evergreen,/investor-calculator,meta_ads,paid_social,investor_calculator,Taylor Brooks,Morgan Reed,New Lead,30,2026-03-14T09:45:46,2026-03-14T07:11:46,,
lead_f511f962734c,2026-06-28T03:31:37,Kevin,Ray,josephharrington@example.org,1 (366) 277-6896,Canada,Organic,Organic Content,Organic,/organic-content,organic,organic,organic_content,Alex Morgan,Morgan Reed,New Lead,67,2026-06-28T03:55:37,2026-06-28T04:16:37,,
lead_664183f7c10b,2026-06-07T03:36:18,Lori,Leon,gillronald@example.org,1-898-282-4674,Canada,Webinar,VIP Webinar,Webinar,/vip-webinar,webinar,organic,vip_webinar,Jordan Lee,Morgan Reed,New Lead,92,2026-06-07T04:13:18,2026-06-07T03:58:18,,
lead_92d0aa411de0,2026-01-10T19:59:19,Justin,Hart,ijones@example.net,732-300-8576 x665,Mexico,Meta Ads,Investor Calculator,Evergreen,/investor-calculator,meta_ads,paid_social,investor_calculator,Jordan Lee,Riley Carter,New Lead,34,2026-01-10T20:47:19,2026-01-10T20:11:19,,
lead_f6b9b8f4d0b1,2026-03-16T07:38:54,Tracy,Davidson,ortizbenjamin@example.org,+1 (192) 364-5875,Canada,Google Ads,High Intent Search,Evergreen,/high-intent-search,google_ads,cpc,high_intent_search,Jordan Lee,Morgan Reed,New Lead,74,2026-03-16T10:37:54,2026-03-16T08:17:54,,
lead_b93ea92903c5,2026-02-24T08:13:00,Debra,House,johnjohnson@example.com,324-972-4399,Mexico,Webinar,VIP Webinar,Webinar,/vip-webinar,webinar,organic,vip_webinar,Alex Morgan,Riley Carter,New Lead,58,2026-02-24T10:12:00,2026-02-24T10:20:00,,
lead_bff312bb9309,2026-05-06T16:32:09,Alexander,Wise,lsanders@example.org,(236) 264-4886 x946,Canada,Organic,Organic Content,Organic,/organic-content,organic,organic,organic_content,Taylor Brooks,Casey Bennett,New Lead,56,2026-05-06T17:52:09,2026-05-06T17:50:09,,
lead_162999288ece,2026-03-16T08:58:50,Daniel,Armstrong,lisa43@example.net,+1 (740) 270-1168,Canada,Meta Ads,Investor Calculator,Evergreen,/investor-calculator,meta_ads,paid_social,investor_calculator,Taylor Brooks,Riley Carter,New Lead,71,2026-03-16T09:38:50,2026-03-16T09:26:50,,
lead_2281f177f36d,2026-06-04T08:15:07,Diamond,Quinn,gregorylopez@example.org,(172) 817-9323,France,Meta Ads,Mentorship VSL,Evergreen,/mentorship-vsl,meta_ads,paid_social,mentorship_vsl,Taylor Brooks,Casey Bennett,New Lead,32,2026-06-04T08:24:07,2026-06-04T09:10:07,,
lead_22e3018d3841,2026-03-08T19:18:54,Karen,Lamb,jordanbarrera@example.com,491-214-1614 x150,Canada,Organic,Organic Content,Organic,/organic-content,organic,organic,organic_content,Jordan Lee,Casey Bennett,New Lead,78,2026-03-08T21:47:54,2026-03-08T21:05:54,,
lead_f7546df47a4d,2026-04-26T22:45:50,Timothy,Chambers,smithjoseph@example.org,813-806-9847,Canada,Meta Ads,Investor Calculator,Evergreen,/investor-calculator,meta_ads,paid_social,investor_calculator,Jordan Lee,Morgan Reed,New Lead,64,2026-04-26T23:46:50,2026-04-26T23:05:50,,
lead_31c05d0834fc,2026-04-13T19:19:59,Katherine,Munoz,nathan55@example.org,1 (766) 905-5107,United States,Webinar,VIP Webinar,Webinar,/vip-webinar,webinar,organic,vip_webinar,Alex Morgan,Morgan Reed,New Lead,71,2026-04-13T20:55:59,2026-04-13T20:08:59,,
lead_7e010d5940c9,2026-02-16T19:51:12,Jessica,Barron,anthonymartinez@example.net,1-635-797-8630,Canada,Meta Ads,Mentorship VSL,Evergreen,/mentorship-vsl,meta_ads,paid_social,mentorship_vsl,Taylor Brooks,Morgan Reed,New Lead,46,2026-02-16T21:04:12,2026-02-16T20:12:12,,
lead_af8356cbc1a1,2026-04-22T18:55:10,Allen,Ward,montesjill@example.net,439-769-1567 x164,Canada,Webinar,5-Day Investor Challenge,Webinar,/5-day-investor-challenge,webinar,organic,5-day_investor_challenge,Alex Morgan,Morgan Reed,New Lead,86,2026-04-22T20:39:10,2026-04-22T19:27:10,,
lead_1d85ac43162b,2026-06-06T13:12:43,Jennifer,Kane,andersonlaura@example.com,(772) 717-8333 x211,Mexico,Meta Ads,Investor Calculator,Evergreen,/investor-calculator,meta_ads,paid_social,investor_calculator,Alex Morgan,Riley Carter,New Lead,51,2026-06-06T14:48:43,2026-06-06T14:03:43,,
lead_541e14324f18,2026-04-20T08:16:39,Victoria,Johnson,raven43@example.net,1-271-287-1539,Mexico,Referral,Partner Referral,Referral,/partner-referral,referral,organic,partner_referral,Jordan Lee,Riley Carter,New Lead,21,2026-04-20T09:09:39,2026-04-20T09:17:39,,
lead_4f6d87e00e48,2026-01-08T08:55:25,Dawn,Bennett,yvaldez@example.net,+1 (433) 414-1115,Canada,Meta Ads,Investor Calculator,Evergreen,/investor-calculator,meta_ads,paid_social,investor_calculator,Taylor Brooks,Morgan Reed,New Lead,29,2026-01-08T09:23:25,2026-01-08T10:18:25,,
lead_13bffbb3ad53,2026-01-01T03:11:07,Julie,Wilson,david56@example.net,340-983-6655,Mexico,Meta Ads,Investor Calculator,Evergreen,/investor-calculator,meta_ads,paid_social,investor_calculator,Alex Morgan,Morgan Reed,New Lead,39,2026-01-01T04:40:07,2026-01-01T03:35:07,,
lead_e998ed174ad2,2026-06-28T09:49:43,April,Guzman,danielsmith@example.com,1 (124) 377-2942,Canada,Google Ads,High Intent Search,Evergreen,/high-intent-search,google_ads,cpc,high_intent_search,Alex Morgan,Riley Carter,No Show,76,2026-06-28T11:16:43,2026-06-28T10:00:43,book_65cc57d1919c,
lead_cc50924651af,2026-05-31T08:48:34,Carol,Parker,hillmelanie@example.net,737-460-5233 x027,Mexico,Referral,Partner Referral,Referral,/partner-referral,referral,organic,partner_referral,Jordan Lee,Morgan Reed,New Lead,73,2026-05-31T09:21:34,2026-05-31T09:10:34,,
lead_5ba38c8fa182,2026-04-24T19:02:08,Kevin,Briggs,vickiekelley@example.com,+1 (975) 661-8443,Canada,Google Ads,Real Estate Mentorship,Evergreen,/real-estate-mentorship,google_ads,cpc,real_estate_mentorship,Jordan Lee,Morgan Reed,Consultation Showed,65,2026-04-24T19:32:08,2026-04-24T19:33:08,book_56853b5202a1,
lead_9cd154f136c9,2026-06-03T18:15:13,Phillip,Anderson,hornjenna@example.com,192 774 2333,France,Direct,Direct Traffic,Evergreen,/direct-traffic,direct,organic,direct_traffic,Taylor Brooks,Casey Bennett,Call Booked,37,2026-06-03T21:03:13,2026-06-03T18:50:13,book_7ab2639605db,
lead_eabc2c6a68a1,2026-05-15T16:13:32,Michael,Chase,gregoryvanessa@example.org,+1 (962) 015-7201,United States,Meta Ads,Mentorship VSL,Evergreen,/mentorship-vsl,meta_ads,paid_social,mentorship_vsl,Alex Morgan,Riley Carter,No Show,49,2026-05-15T18:55:32,2026-05-15T17:26:32,book_c68ea344729d,
lead_658547bd198b,2026-03-15T11:23:51,Debra,Watkins,courtneypowell@example.org,736.749.2617,United States,Organic,Organic Content,Organic,/organic-content,organic,organic,organic_content,Jordan Lee,Morgan Reed,Consultation Showed,51,2026-03-15T12:46:51,2026-03-15T11:32:51,book_cfd0cc022c15,
lead_47b22dc1e4d3,2026-05-17T07:35:47,Joshua,Delgado,alexander11@example.org,883-099-9741 x926,Canada,Meta Ads,Evergreen Wealth,Evergreen,/evergreen-wealth,meta_ads,paid_social,evergreen_wealth,Taylor Brooks,Morgan Reed,New Lead,70,2026-05-17T10:06:47,2026-05-17T09:25:47,,
lead_1bb0b234b44c,2026-06-28T20:20:57,Zoe,Park,ashley15@example.org,(226) 068-8871 x898,Canada,Meta Ads,Investor Calculator,Evergreen,/investor-calculator,meta_ads,paid_social,investor_calculator,Taylor Brooks,Morgan Reed,New Lead,52,2026-06-28T23:01:57,2026-06-28T20:45:57,,
lead_c84c5f5a0309,2026-03-06T07:21:24,Karen,Clark,whitecarol@example.org,287-510-2932,Canada,Email Campaign,Database Reactivation,Evergreen,/database-reactivation,email_campaign,organic,database_reactivation,Jordan Lee,Morgan Reed,New Lead,90,2026-03-06T07:45:24,2026-03-06T07:46:24,,
lead_99b088c480cd,2026-06-09T13:13:17,Anna,York,millerdavid@example.com,1 (982) 603-4084,United States,Referral,Partner Referral,Referral,/partner-referral,referral,organic,partner_referral,Jordan Lee,Casey Bennett,New Lead,74,2026-06-09T16:09:17,2026-06-09T13:57:17,,
lead_565928b4207e,2026-02-18T10:56:40,Sean,Ray,alexandra59@example.net,(431) 030-3243 x298,Canada,Meta Ads,Evergreen Wealth,Evergreen,/evergreen-wealth,meta_ads,paid_social,evergreen_wealth,Alex Morgan,Riley Carter,New Lead,60,2026-02-18T11:18:40,2026-02-18T12:11:40,,
lead_50e6b6eb7b87,2026-03-27T02:15:13,Brittany,Ramirez,qjones@example.com,+1 (226) 714-6283,France,Meta Ads,Investor Calculator,Evergreen,/investor-calculator,meta_ads,paid_social,investor_calculator,Jordan Lee,Casey Bennett,New Lead,54,2026-03-27T04:07:13,2026-03-27T02:41:13,,
lead_0341be20059f,2026-04-17T00:39:22,Crystal,Adams,jenniferelliott@example.net,(292) 625-6609 x314,Canada,Webinar,VIP Webinar,Webinar,/vip-webinar,webinar,organic,vip_webinar,Jordan Lee,Riley Carter,New Lead,66,2026-04-17T02:20:22,2026-04-17T01:10:22,,
lead_de602a728818,2026-02-01T14:02:03,Amanda,Sutton,ojones@example.org,1 (754) 234-0163,Canada,Referral,Partner Referral,Referral,/partner-referral,referral,organic,partner_referral,Alex Morgan,Casey Bennett,New Lead,68,2026-02-01T16:02:03,2026-02-01T15:01:03,,
lead_467475f3f563,2026-01-21T08:03:14,Stephanie,Patton,thompsonjessica@example.com,718-594-8491 x025,Canada,Meta Ads,Investor Calculator,Evergreen,/investor-calculator,meta_ads,paid_social,investor_calculator,Jordan Lee,Morgan Reed,New Lead,55,2026-01-21T08:26:14,2026-01-21T09:02:14,,
lead_37e4000f99b7,2026-03-07T14:57:49,Henry,Shaffer,iwoods@example.com,482-226-9405,France,Webinar,5-Day Investor Challenge,Webinar,/5-day-investor-challenge,webinar,organic,5-day_investor_challenge,Jordan Lee,Riley Carter,Call Booked,35,2026-03-07T17:34:49,2026-03-07T15:32:49,book_2f5c83f484a8,
lead_95efb043a19d,2026-02-02T00:56:33,Erika,Barnes,wwhite@example.com,(244) 683-4146 x511,Mexico,Meta Ads,Mentorship VSL,Evergreen,/mentorship-vsl,meta_ads,paid_social,mentorship_vsl,Alex Morgan,Morgan Reed,New Lead,62,2026-02-02T03:36:33,2026-02-02T02:04:33,,
lead_67f6dababcc2,2026-02-06T21:23:26,Jessica,Duffy,barbaramiller@example.com,(470) 682-7788 x160,United States,Meta Ads,Evergreen Wealth,Evergreen,/evergreen-wealth,meta_ads,paid_social,evergreen_wealth,Taylor Brooks,Riley Carter,New Lead,10,2026-02-06T23:12:26,2026-02-06T22:36:26,,
lead_e8f590ee5136,2026-02-27T17:59:14,Rhonda,Reese,vpark@example.com,(289) 097-2832,Canada,Organic,Organic Content,Organic,/organic-content,organic,organic,organic_content,Jordan Lee,Riley Carter,Consultation Showed,53,2026-02-27T19:04:14,2026-02-27T20:55:14,book_1d1f216f7824,
lead_09c6e4d4b6ae,2026-01-30T19:46:51,Michael,Anderson,stephanie67@example.com,551 538 1447,Canada,Organic,Organic Content,Organic,/organic-content,organic,organic,organic_content,Jordan Lee,Morgan Reed,New Lead,40,2026-01-30T20:04:51,2026-01-30T21:06:51,,
lead_f536188ebd75,2026-05-02T09:08:05,Joseph,Smith,trobinson@example.net,(207) 970-5097 x545,Canada,Meta Ads,Mentorship VSL,Evergreen,/mentorship-vsl,meta_ads,paid_social,mentorship_vsl,Alex Morgan,Morgan Reed,New Lead,40,2026-05-02T11:46:05,2026-05-02T10:02:05,,
lead_86952db93d6d,2026-02-26T15:56:23,Adam,Zamora,richardsmith@example.com,831-882-6170 x243,Canada,Meta Ads,Mentorship VSL,Evergreen,/mentorship-vsl,meta_ads,paid_social,mentorship_vsl,Alex Morgan,Casey Bennett,New Lead,88,2026-02-26T16:21:23,2026-02-26T16:16:23,,
lead_326b4aad589d,2026-04-05T23:21:22,Randall,Evans,imcclain@example.com,277.225.6053,Canada,Webinar,VIP Webinar,Webinar,/vip-webinar,webinar,organic,vip_webinar,Taylor Brooks,Riley Carter,New Lead,71,2026-04-06T02:15:22,2026-04-05T23:49:22,,
lead_6e63b8b3ec4d,2026-06-21T22:41:42,Jake,Williams,vfisher@example.org,637 416 7872,Canada,Google Ads,Real Estate Mentorship,Evergreen,/real-estate-mentorship,google_ads,cpc,real_estate_mentorship,Jordan Lee,Morgan Reed,New Lead,65,2026-06-22T00:23:42,2026-06-21T23:47:42,,
lead_975c324a272e,2026-02-21T03:32:12,Karen,Deleon,vshaw@example.com,111 022 5803,Mexico,Meta Ads,Investor Calculator,Evergreen,/investor-calculator,meta_ads,paid_social,investor_calculator,Taylor Brooks,Morgan Reed,Consultation Showed,63,2026-02-21T04:34:12,2026-02-21T04:09:12,book_a4900da0c9bc,
lead_f107d9bbbf71,2026-05-10T14:37:42,Erika,Peterson,hamiltonkeith@example.com,563.928.2341,Canada,Meta Ads,Mentorship VSL,Evergreen,/mentorship-vsl,meta_ads,paid_social,mentorship_vsl,Jordan Lee,Riley Carter,New Lead,54,2026-05-10T15:06:42,2026-05-10T18:23:42,,
lead_8827ae1dc22c,2026-04-18T11:58:18,Virginia,Wright,tgonzalez@example.org,(392) 392-3126 x043,Mexico,Google Ads,High Intent Search,Evergreen,/high-intent-search,google_ads,cpc,high_intent_search,Taylor Brooks,Casey Bennett,New Lead,74,2026-04-18T12:18:18,2026-04-18T12:36:18,,
lead_833f6db994ee,2026-04-22T05:02:31,Ronald,Jensen,linomar@example.net,1-533-567-0860,Canada,Direct,Direct Traffic,Evergreen,/direct-traffic,direct,organic,direct_traffic,Alex Morgan,Casey Bennett,New Lead,75,2026-04-22T06:07:31,2026-04-22T06:22:31,,
lead_edbafe4277c3,2026-04-08T11:57:44,Daniel,Cox,jennifer35@example.org,200 053 4749,Mexico,Webinar,5-Day Investor Challenge,Webinar,/5-day-investor-challenge,webinar,organic,5-day_investor_challenge,Taylor Brooks,Riley Carter,New Lead,48,2026-04-08T14:28:44,2026-04-08T12:52:44,,
lead_738a3b23e221,2026-01-24T08:33:14,Ryan,King,tcox@example.org,608.255.5989,Canada,Direct,Direct Traffic,Evergreen,/direct-traffic,direct,organic,direct_traffic,Alex Morgan,Morgan Reed,New Lead,38,2026-01-24T10:32:14,2026-01-24T10:35:14,,
lead_eb6073edb300,2026-01-09T06:53:02,John,Hill,gmiller@example.org,609.337.1189,Canada,Webinar,5-Day Investor Challenge,Webinar,/5-day-investor-challenge,webinar,organic,5-day_investor_challenge,Taylor Brooks,Casey Bennett,New Lead,55,2026-01-09T08:46:02,2026-01-09T07:35:02,,
lead_e482948a5366,2026-01-29T17:09:45,Kevin,Wells,amandahernandez@example.org,(268) 485-5716,Canada,Meta Ads,Mentorship VSL,Evergreen,/mentorship-vsl,meta_ads,paid_social,mentorship_vsl,Taylor Brooks,Morgan Reed,New Lead,62,2026-01-29T19:46:45,2026-01-29T17:40:45,,
lead_add6ef9afeae,2026-03-19T03:48:30,Timothy,Mills,jacksonjoshua@example.org,1-309-036-7881,Canada,Meta Ads,Mentorship VSL,Evergreen,/mentorship-vsl,meta_ads,paid_social,mentorship_vsl,Jordan Lee,Riley Carter,Consultation Showed,64,2026-03-19T06:14:30,2026-03-19T04:30:30,book_0708b4c1fb16,
lead_f0c260938e56,2026-06-02T17:35:29,Samuel,Hicks,rmorales@example.org,902 939 0878,Canada,Google Ads,High Intent Search,Evergreen,/high-intent-search,google_ads,cpc,high_intent_search,Jordan Lee,Morgan Reed,New Lead,63,2026-06-02T20:19:29,2026-06-02T19:35:29,,
lead_8acfb3678113,2026-04-21T00:31:08,Jonathan,Phelps,jeanette81@example.org,(108) 340-2424,Canada,Google Ads,High Intent Search,Evergreen,/high-intent-search,google_ads,cpc,high_intent_search,Alex Morgan,Morgan Reed,New Lead,73,2026-04-21T03:06:08,2026-04-21T00:58:08,,
lead_d6363481f607,2026-06-02T13:50:24,Dawn,Wright,amandasmith@example.com,1 (151) 842-6945,Mexico,Organic,Organic Content,Organic,/organic-content,organic,organic,organic_content,Jordan Lee,Casey Bennett,New Lead,37,2026-06-02T15:08:24,2026-06-02T15:15:24,,
lead_28911f920306,2026-04-05T06:59:20,Connie,Smith,jeffrey42@example.com,489-164-9837,United States,Meta Ads,Mentorship VSL,Evergreen,/mentorship-vsl,meta_ads,paid_social,mentorship_vsl,Alex Morgan,Morgan Reed,New Lead,68,2026-04-05T09:30:20,2026-04-05T07:52:20,,
lead_7da9b8bdf9e0,2026-05-01T01:13:41,Mark,Harris,omoore@example.net,+1 (452) 717-2722,United States,Meta Ads,Evergreen Wealth,Evergreen,/evergreen-wealth,meta_ads,paid_social,evergreen_wealth,Jordan Lee,Morgan Reed,New Lead,79,2026-05-01T03:53:41,2026-05-01T01:39:41,,
lead_20b5e510d37a,2026-05-15T02:01:38,Ashley,Harding,deborahsmith@example.org,769 312 1637,Canada,Google Ads,Real Estate Mentorship,Evergreen,/real-estate-mentorship,google_ads,cpc,real_estate_mentorship,Jordan Lee,Casey Bennett,New Lead,59,2026-05-15T03:06:38,2026-05-15T02:30:38,,
lead_08a164a56071,2026-03-07T14:34:12,Craig,Rose,morrisonnicholas@example.org,100.231.4290,Canada,Webinar,5-Day Investor Challenge,Webinar,/5-day-investor-challenge,webinar,organic,5-day_investor_challenge,Jordan Lee,Riley Carter,Consultation Showed,67,2026-03-07T15:56:12,2026-03-07T15:02:12,book_83047a3c9b4e,
lead_490c92bad516,2026-01-27T02:16:54,Susan,Rodriguez,melissa13@example.org,297-245-7230 x848,France,Referral,Partner Referral,Referral,/partner-referral,referral,organic,partner_referral,Jordan Lee,Casey Bennett,New Lead,44,2026-01-27T03:37:54,2026-01-27T02:29:54,,
lead_acfb429fa0cc,2026-04-28T11:24:25,Andrew,Williams,curtis62@example.org,(203) 662-5436,Canada,Meta Ads,Investor Calculator,Evergreen,/investor-calculator,meta_ads,paid_social,investor_calculator,Jordan Lee,Morgan Reed,New Lead,42,2026-04-28T14:14:25,2026-04-28T13:22:25,,
lead_db485f16825f,2026-05-24T21:03:10,Travis,Ewing,cristiansosa@example.com,795.151.0922,United States,Email Campaign,Database Reactivation,Evergreen,/database-reactivation,email_campaign,organic,database_reactivation,Jordan Lee,Morgan Reed,Consultation Showed,23,2026-05-24T23:12:10,2026-05-24T21:17:10,book_fe1c07a5ab1b,
lead_e9926f05c699,2026-01-13T17:47:50,Alyssa,Greene,qhernandez@example.net,1-194-514-7541,United States,Organic,Organic Content,Organic,/organic-content,organic,organic,organic_content,Jordan Lee,Morgan Reed,New Lead,36,2026-01-13T19:11:50,2026-01-13T18:06:50,,
lead_98b15d7a9f95,2026-02-03T17:40:29,Michelle,Spence,lukemyers@example.net,611-964-2152 x265,Mexico,Webinar,5-Day Investor Challenge,Webinar,/5-day-investor-challenge,webinar,organic,5-day_investor_challenge,Alex Morgan,Morgan Reed,New Lead,82,2026-02-03T18:34:29,2026-02-03T19:43:29,,
lead_60aa900ef8fe,2026-01-10T19:37:23,Troy,Olson,oguzman@example.com,936 687 8878,United States,Meta Ads,Investor Calculator,Evergreen,/investor-calculator,meta_ads,paid_social,investor_calculator,Jordan Lee,Casey Bennett,New Lead,93,2026-01-10T21:14:23,2026-01-10T19:56:23,,
lead_50becc087c3a,2026-05-04T09:13:27,Lori,Cruz,xrose@example.net,(313) 503-0587,United States,Webinar,VIP Webinar,Webinar,/vip-webinar,webinar,organic,vip_webinar,Alex Morgan,Casey Bennett,New Lead,61,2026-05-04T09:49:27,2026-05-04T10:25:27,,
lead_1ac93f90db24,2026-02-04T11:35:59,Samantha,Brown,michael24@example.com,786 333 0212,Canada,Organic,Organic Content,Organic,/organic-content,organic,organic,organic_content,Jordan Lee,Casey Bennett,Consultation Showed,94,2026-02-04T13:41:59,2026-02-04T11:39:59,book_74f0ee18665a,
lead_69e08517a0e2,2026-05-26T10:24:42,Jessica,Horton,swatson@example.org,279.202.5213,Canada,Meta Ads,Investor Calculator,Evergreen,/investor-calculator,meta_ads,paid_social,investor_calculator,Jordan Lee,Morgan Reed,New Lead,31,2026-05-26T10:52:42,2026-05-26T10:34:42,,
lead_80b59ec12336,2026-06-01T10:16:18,Alexander,Guerra,lhernandez@example.com,384 765 7041,Mexico,Meta Ads,Mentorship VSL,Evergreen,/mentorship-vsl,meta_ads,paid_social,mentorship_vsl,Taylor Brooks,Morgan Reed,New Lead,96,2026-06-01T11:15:18,2026-06-01T11:31:18,,
lead_fde38dd11bd9,2026-05-07T12:37:01,Brian,Day,wesleysmith@example.com,384-984-3624 x186,Canada,Referral,Client Referral,Referral,/client-referral,referral,organic,client_referral,Taylor Brooks,Morgan Reed,New Lead,75,2026-05-07T14:26:01,2026-05-07T14:17:01,,
lead_6d456ac7a5c3,2026-05-06T16:58:12,Julia,Morales,robinsonisaiah@example.net,(591) 775-6620 x563,United States,Organic,Organic Content,Organic,/organic-content,organic,organic,organic_content,Alex Morgan,Morgan Reed,New Lead,70,2026-05-06T17:47:12,2026-05-06T17:51:12,,
lead_85e978d7964a,2026-05-19T09:36:41,Daniel,Miller,anthony42@example.net,413.904.3830,Canada,Meta Ads,Investor Calculator,Evergreen,/investor-calculator,meta_ads,paid_social,investor_calculator,Jordan Lee,Casey Bennett,New Lead,61,2026-05-19T12:25:41,2026-05-19T10:36:41,,
lead_de1cff65e5a2,2026-04-01T14:58:13,Joseph,Davila,elliottkristy@example.org,651-405-4683,United States,Google Ads,High Intent Search,Evergreen,/high-intent-search,google_ads,cpc,high_intent_search,Taylor Brooks,Casey Bennett,New Lead,56,2026-04-01T16:20:13,2026-04-01T15:33:13,,
lead_aa3088bf7525,2026-04-10T07:49:36,Karen,Swanson,jacquelinedavis@example.com,(818) 209-6790 x422,France,Organic,Organic Content,Organic,/organic-content,organic,organic,organic_content,Jordan Lee,Riley Carter,New Lead,53,2026-04-10T10:43:36,2026-04-10T08:07:36,,
lead_a0aa8f86de15,2026-02-27T22:59:55,Christian,Garrett,nicoleaguirre@example.net,528 898 5725,Canada,Referral,Client Referral,Referral,/client-referral,referral,organic,client_referral,Alex Morgan,Casey Bennett,New Lead,66,2026-02-28T01:59:55,2026-02-27T23:07:55,,
lead_6de23d4fd4ef,2026-06-17T06:50:30,Michael,Chase,nallen@example.net,829.710.2481,Canada,Direct,Direct Traffic,Evergreen,/direct-traffic,direct,organic,direct_traffic,Taylor Brooks,Riley Carter,New Lead,40,2026-06-17T08:05:30,2026-06-17T07:05:30,,
lead_a900d83debd9,2026-04-11T10:45:46,Clinton,Edwards,evan49@example.com,1 (211) 274-7472,Mexico,Meta Ads,Evergreen Wealth,Evergreen,/evergreen-wealth,meta_ads,paid_social,evergreen_wealth,Taylor Brooks,Casey Bennett,New Lead,79,2026-04-11T11:51:46,2026-04-11T11:23:46,,
lead_3a454fe7414c,2026-05-21T01:25:24,Teresa,Freeman,michele66@example.net,875 895 5168,United States,Referral,Partner Referral,Referral,/partner-referral,referral,organic,partner_referral,Jordan Lee,Casey Bennett,New Lead,41,2026-05-21T01:36:24,2026-05-21T02:34:24,,
lead_5511a0da1af3,2026-03-17T09:29:32,Jose,Hutchinson,oliverdawn@example.net,(280) 214-6296,Canada,Webinar,VIP Webinar,Webinar,/vip-webinar,webinar,organic,vip_webinar,Taylor Brooks,Morgan Reed,New Lead,82,2026-03-17T09:43:32,2026-03-17T09:44:32,,
lead_9b40ec79f892,2026-05-14T06:28:27,Jeffrey,Sawyer,baileytaylor@example.net,811-216-6365 x155,United States,Google Ads,High Intent Search,Evergreen,/high-intent-search,google_ads,cpc,high_intent_search,Jordan Lee,Riley Carter,Consultation Showed,54,2026-05-14T08:49:27,2026-05-14T06:43:27,book_f5cee7d46dd4,
lead_362545c20d2a,2026-06-14T03:56:21,Jason,Figueroa,ramirezbenjamin@example.org,123-590-9605 x673,Mexico,Google Ads,Real Estate Mentorship,Evergreen,/real-estate-mentorship,google_ads,cpc,real_estate_mentorship,Taylor Brooks,Morgan Reed,New Lead,41,2026-06-14T04:44:21,2026-06-14T04:47:21,,
lead_8cac9aacc503,2026-01-25T20:15:46,Jason,Johnson,onelson@example.org,421.461.4768,United States,Meta Ads,Investor Calculator,Evergreen,/investor-calculator,meta_ads,paid_social,investor_calculator,Taylor Brooks,Morgan Reed,New Lead,36,2026-01-25T21:26:46,2026-01-25T20:51:46,,
lead_74ba3feab532,2026-05-08T01:53:11,Elizabeth,Green,davisrachel@example.com,1-623-567-7826,Canada,Email Campaign,Database Reactivation,Evergreen,/database-reactivation,email_campaign,organic,database_reactivation,Alex Morgan,Riley Carter,No Show,62,2026-05-08T02:20:11,2026-05-08T02:13:11,book_16ac2f40b72a,
lead_0fbf42093a9a,2026-06-03T00:46:03,Rita,Hudson,hoffmanpatricia@example.org,899.255.0272,Canada,Webinar,VIP Webinar,Webinar,/vip-webinar,webinar,organic,vip_webinar,Taylor Brooks,Casey Bennett,Consultation Showed,74,2026-06-03T02:15:03,2026-06-03T00:55:03,book_b43350c9d51f,
lead_2061d4b0e515,2026-04-02T08:51:33,Michelle,Wilson,ubaker@example.org,427-910-3368 x296,Mexico,Organic,Organic Content,Organic,/organic-content,organic,organic,organic_content,Taylor Brooks,Riley Carter,New Lead,66,2026-04-02T09:09:33,2026-04-02T09:23:33,,
lead_0d9d7d855626,2026-04-02T16:42:11,Michael,Farley,woodmichael@example.com,1-781-776-6558,Canada,Email Campaign,Database Reactivation,Evergreen,/database-reactivation,email_campaign,organic,database_reactivation,Taylor Brooks,Casey Bennett,New Lead,79,2026-04-02T17:36:11,2026-04-02T17:21:11,,
lead_b7400a18c877,2026-01-11T11:56:49,Alexandra,Hubbard,housestephen@example.com,289 286 6464,Canada,Organic,Organic Content,Organic,/organic-content,organic,organic,organic_content,Alex Morgan,Casey Bennett,New Lead,50,2026-01-11T12:39:49,2026-01-11T12:32:49,,
lead_e48fcd3cf7f5,2026-01-28T19:28:22,Wanda,Shaffer,davisallen@example.com,779.817.8904,Mexico,Google Ads,Real Estate Mentorship,Evergreen,/real-estate-mentorship,google_ads,cpc,real_estate_mentorship,Alex Morgan,Morgan Reed,New Lead,66,2026-01-28T20:53:22,2026-01-28T20:04:22,,
lead_8b138a416827,2026-03-02T20:36:55,Jason,Frank,ewilson@example.org,1 (576) 605-3844,Canada,Organic,Organic Content,Organic,/organic-content,organic,organic,organic_content,Jordan Lee,Casey Bennett,New Lead,58,2026-03-02T23:23:55,2026-03-02T21:10:55,,
lead_7c5cecf7c836,2026-04-22T21:39:15,Kyle,Orr,anunez@example.com,700-258-9552,Canada,Meta Ads,Evergreen Wealth,Evergreen,/evergreen-wealth,meta_ads,paid_social,evergreen_wealth,Alex Morgan,Morgan Reed,New Lead,47,2026-04-22T22:24:15,2026-04-22T21:57:15,,
lead_be763949c3ae,2026-03-20T07:56:59,John,Beltran,christinalong@example.org,+1 (226) 265-8263,France,Organic,Organic Content,Organic,/organic-content,organic,organic,organic_content,Jordan Lee,Morgan Reed,Cancelled,85,2026-03-20T09:50:59,2026-03-20T08:06:59,book_2d805393a6d2,
lead_46aeb37676c6,2026-05-22T21:07:05,Jennifer,Martinez,welchkristen@example.net,1-382-531-1060,France,Meta Ads,Evergreen Wealth,Evergreen,/evergreen-wealth,meta_ads,paid_social,evergreen_wealth,Jordan Lee,Riley Carter,New Lead,46,2026-05-22T22:47:05,2026-05-22T21:19:05,,
lead_323134deea6f,2026-01-01T19:13:06,Anthony,Zimmerman,armstronganthony@example.net,775 233 4383,United States,Meta Ads,Mentorship VSL,Evergreen,/mentorship-vsl,meta_ads,paid_social,mentorship_vsl,Alex Morgan,Riley Carter,New Lead,72,2026-01-01T21:58:06,2026-01-01T19:31:06,,
lead_5e0b0a6aa8fc,2026-01-26T00:51:39,Kaylee,Hopkins,christopher20@example.net,217.911.2442,Canada,Webinar,VIP Webinar,Webinar,/vip-webinar,webinar,organic,vip_webinar,Taylor Brooks,Casey Bennett,Consultation Showed,87,2026-01-26T01:22:39,2026-01-26T01:17:39,book_1d02ea874ef7,
lead_dde4c121d629,2026-02-27T21:43:23,Chris,Kirk,peterhenry@example.org,+1 (317) 136-6572,Canada,Meta Ads,Evergreen Wealth,Evergreen,/evergreen-wealth,meta_ads,paid_social,evergreen_wealth,Taylor Brooks,Riley Carter,New Lead,62,2026-02-27T23:02:23,2026-02-27T22:02:23,,
lead_15352a43fd2c,2026-06-22T10:15:32,Kent,Berger,wilsonmatthew@example.com,199-802-8413 x908,France,Organic,Organic Content,Organic,/organic-content,organic,organic,organic_content,Jordan Lee,Casey Bennett,New Lead,92,2026-06-22T13:15:32,2026-06-22T10:31:32,,
lead_ca8f9cb1f630,2026-02-02T00:24:46,April,Hodges,michellewilson@example.org,252-312-4473,Canada,Google Ads,High Intent Search,Evergreen,/high-intent-search,google_ads,cpc,high_intent_search,Alex Morgan,Riley Carter,New Lead,62,2026-02-02T02:12:46,2026-02-02T00:36:46,,
lead_adfd0708c423,2026-05-23T13:02:42,Michael,Arnold,stuart76@example.net,+1 (534) 234-6199,Canada,Direct,Direct Traffic,Evergreen,/direct-traffic,direct,organic,direct_traffic,Alex Morgan,Morgan Reed,New Lead,63,2026-05-23T13:12:42,2026-05-23T13:56:42,,
lead_1979cafa1025,2026-03-14T20:31:24,Gabriel,Harris,chamilton@example.com,1-659-196-6395,Canada,Google Ads,High Intent Search,Evergreen,/high-intent-search,google_ads,cpc,high_intent_search,Taylor Brooks,Riley Carter,New Lead,55,2026-03-14T23:19:24,2026-03-14T20:59:24,,
lead_21e0f4021a73,2026-05-09T13:00:12,Rachael,Weiss,cjackson@example.net,1-396-498-5601,United States,Meta Ads,Evergreen Wealth,Evergreen,/evergreen-wealth,meta_ads,paid_social,evergreen_wealth,Alex Morgan,Morgan Reed,Consultation Showed,55,2026-05-09T13:32:12,2026-05-09T13:34:12,book_d815663b9b95,
lead_09a7d84d9423,2026-03-28T06:39:16,Lisa,Jordan,nathan51@example.org,1 (705) 379-5381,Canada,Referral,Client Referral,Referral,/client-referral,referral,organic,client_referral,Jordan Lee,Casey Bennett,No Show,100,2026-03-28T08:21:16,2026-03-28T07:50:16,book_4196d5302809,
lead_359f1ef8b4d1,2026-05-15T23:49:46,Justin,Lewis,dakotaramirez@example.net,896.655.3307,United States,Referral,Partner Referral,Referral,/partner-referral,referral,organic,partner_referral,Jordan Lee,Casey Bennett,New Lead,45,2026-05-16T02:49:46,2026-05-16T00:10:46,,
lead_a5cfb174ae20,2026-05-01T22:26:52,Brandon,Hill,martinezgeorge@example.com,+1 (339) 040-9074,United States,Referral,Client Referral,Referral,/client-referral,referral,organic,client_referral,Jordan Lee,Morgan Reed,New Lead,100,2026-05-02T01:06:52,2026-05-01T22:56:52,,
lead_bf49915a5eb8,2026-02-24T21:30:32,Meagan,Powell,rogersallen@example.com,864.455.6185,United States,Organic,Organic Content,Organic,/organic-content,organic,organic,organic_content,Jordan Lee,Morgan Reed,New Lead,83,2026-02-24T22:04:32,2026-02-24T21:47:32,,
lead_ce7712c84a46,2026-06-11T11:03:55,Cheryl,Long,psnyder@example.org,1 (791) 030-0215,France,Organic,Organic Content,Organic,/organic-content,organic,organic,organic_content,Jordan Lee,Riley Carter,Consultation Showed,47,2026-06-11T13:21:55,2026-06-11T13:09:55,book_92901fd2fd17,
lead_fa9d0b8d21c5,2026-01-08T15:38:38,Jeremy,Miller,lisa80@example.net,740-104-1459,Canada,Google Ads,High Intent Search,Evergreen,/high-intent-search,google_ads,cpc,high_intent_search,Alex Morgan,Riley Carter,New Lead,83,2026-01-08T18:03:38,2026-01-08T16:30:38,,
lead_644942e0533c,2026-02-15T12:52:25,Joseph,Jackson,brandywilson@example.com,896 718 8397,Canada,Email Campaign,Database Reactivation,Evergreen,/database-reactivation,email_campaign,organic,database_reactivation,Alex Morgan,Morgan Reed,Call Booked,54,2026-02-15T12:57:25,2026-02-15T13:16:25,book_c971f2521b0f,
lead_73190e90ed5c,2026-01-29T23:03:49,Tiffany,Morris,qperez@example.com,158.331.1703,United States,Webinar,VIP Webinar,Webinar,/vip-webinar,webinar,organic,vip_webinar,Alex Morgan,Riley Carter,New Lead,51,2026-01-29T23:31:49,2026-01-29T23:23:49,,
lead_eaf3e3790e39,2026-05-06T02:49:37,Ellen,Mcdonald,glopez@example.com,(398) 854-7281,Canada,Webinar,VIP Webinar,Webinar,/vip-webinar,webinar,organic,vip_webinar,Jordan Lee,Casey Bennett,New Lead,48,2026-05-06T03:53:37,2026-05-06T03:08:37,,
lead_60c68dfb7098,2026-06-07T21:41:09,Jeffery,Cox,gparrish@example.org,+1 (831) 462-4912,Mexico,Organic,Organic Content,Organic,/organic-content,organic,organic,organic_content,Jordan Lee,Casey Bennett,New Lead,45,2026-06-07T22:30:09,2026-06-07T22:15:09,,
lead_58435ee38877,2026-03-24T17:16:53,Nancy,Mcgee,allenmurray@example.com,778-754-1815,Canada,Webinar,VIP Webinar,Webinar,/vip-webinar,webinar,organic,vip_webinar,Alex Morgan,Morgan Reed,Cancelled,42,2026-03-24T17:50:53,2026-03-24T17:55:53,book_80cd342c64fd,
lead_7a55c4c2cb0e,2026-03-05T19:40:13,Jason,Sanders,dromero@example.com,1-351-066-3436,Mexico,Webinar,5-Day Investor Challenge,Webinar,/5-day-investor-challenge,webinar,organic,5-day_investor_challenge,Taylor Brooks,Casey Bennett,New Lead,80,2026-03-05T21:16:13,2026-03-05T20:23:13,,
lead_be85e148bd1a,2026-03-14T08:32:42,Brooke,Moreno,gstone@example.net,231-310-0943,Canada,Webinar,5-Day Investor Challenge,Webinar,/5-day-investor-challenge,webinar,organic,5-day_investor_challenge,Jordan Lee,Casey Bennett,New Lead,73,2026-03-14T10:04:42,2026-03-14T08:38:42,,
lead_112510cef5df,2026-06-12T06:40:59,Amanda,Hill,gmyers@example.org,1-273-235-4940,United States,Direct,Direct Traffic,Evergreen,/direct-traffic,direct,organic,direct_traffic,Jordan Lee,Casey Bennett,New Lead,37,2026-06-12T08:23:59,2026-06-12T08:08:59,,
lead_2b7703a34fbd,2026-01-22T22:52:54,Jackson,Velez,sstevenson@example.org,751 225 7207,United States,Referral,Partner Referral,Referral,/partner-referral,referral,organic,partner_referral,Alex Morgan,Morgan Reed,New Lead,73,2026-01-22T23:30:54,2026-01-23T00:58:54,,
lead_3093130ccdfe,2026-04-04T17:25:40,Matthew,Thompson,nicole20@example.net,1 (579) 073-7100,United States,Meta Ads,Mentorship VSL,Evergreen,/mentorship-vsl,meta_ads,paid_social,mentorship_vsl,Alex Morgan,Riley Carter,New Lead,56,2026-04-04T19:55:40,2026-04-04T17:43:40,,
lead_89a3a3d7f8bb,2026-04-29T17:08:12,Mary,Fox,karirowe@example.org,1-857-758-4745,Mexico,Google Ads,Real Estate Mentorship,Evergreen,/real-estate-mentorship,google_ads,cpc,real_estate_mentorship,Taylor Brooks,Morgan Reed,New Lead,58,2026-04-29T17:20:12,2026-04-29T17:59:12,,
lead_d04c13a4aa43,2026-01-22T22:19:36,Alexander,Gomez,patricia97@example.org,1-480-263-2570,Canada,Organic,Organic Content,Organic,/organic-content,organic,organic,organic_content,Alex Morgan,Casey Bennett,Call Booked,42,2026-01-23T00:09:36,2026-01-22T23:09:36,book_af03ae1e4001,
lead_4b8ea285a438,2026-05-17T19:31:32,Becky,Dominguez,vhoward@example.org,(661) 487-8245,Canada,Referral,Partner Referral,Referral,/partner-referral,referral,organic,partner_referral,Taylor Brooks,Riley Carter,Consultation Showed,44,2026-05-17T22:29:32,2026-05-17T20:08:32,book_2d4fe825f921,
lead_628cce6bff78,2026-05-11T01:42:03,Peter,Butler,kyle09@example.net,1 (891) 679-5410,Canada,Webinar,5-Day Investor Challenge,Webinar,/5-day-investor-challenge,webinar,organic,5-day_investor_challenge,Taylor Brooks,Riley Carter,New Lead,53,2026-05-11T03:13:03,2026-05-11T02:12:03,,
lead_8e949076dd7d,2026-05-09T11:48:26,Sara,Thomas,alexandraroberts@example.net,547 414 0703,Canada,Organic,Organic Content,Organic,/organic-content,organic,organic,organic_content,Taylor Brooks,Riley Carter,New Lead,77,2026-05-09T12:56:26,2026-05-09T12:06:26,,
lead_a8219cbc738d,2026-06-12T22:10:38,Margaret,Martinez,btorres@example.com,504-254-8821,Mexico,Referral,Partner Referral,Referral,/partner-referral,referral,organic,partner_referral,Taylor Brooks,Morgan Reed,New Lead,76,2026-06-13T00:37:38,2026-06-12T23:29:38,,
lead_b04acbdfc6f7,2026-04-09T04:06:56,Douglas,Quinn,frichards@example.com,(507) 536-6614,Mexico,Meta Ads,Evergreen Wealth,Evergreen,/evergreen-wealth,meta_ads,paid_social,evergreen_wealth,Alex Morgan,Morgan Reed,New Lead,52,2026-04-09T06:11:56,2026-04-09T04:19:56,,
lead_2ecc74410343,2026-02-16T18:38:14,Carla,Thompson,ushelton@example.net,534 268 3441,France,Webinar,VIP Webinar,Webinar,/vip-webinar,webinar,organic,vip_webinar,Alex Morgan,Riley Carter,Consultation Showed,69,2026-02-16T20:07:14,2026-02-16T20:05:14,book_12ac231b7abc,
lead_3031f5222d16,2026-03-15T12:34:44,Ashley,Fuller,nicholasliu@example.com,828.758.5756,Mexico,Meta Ads,Mentorship VSL,Evergreen,/mentorship-vsl,meta_ads,paid_social,mentorship_vsl,Alex Morgan,Casey Bennett,New Lead,61,2026-03-15T14:22:44,2026-03-15T16:05:44,,
lead_c48f0ed51d19,2026-01-18T02:12:08,Robert,Jenkins,gainesanthony@example.com,929.439.8529,Canada,Google Ads,Real Estate Mentorship,Evergreen,/real-estate-mentorship,google_ads,cpc,real_estate_mentorship,Alex Morgan,Casey Bennett,New Lead,52,2026-01-18T04:24:08,2026-01-18T02:50:08,,
lead_8555612a376a,2026-01-20T22:21:09,Rachel,Rich,camposphilip@example.com,278-701-0415,Canada,Webinar,5-Day Investor Challenge,Webinar,/5-day-investor-challenge,webinar,organic,5-day_investor_challenge,Taylor Brooks,Riley Carter,New Lead,65,2026-01-21T00:09:09,2026-01-20T22:57:09,,
lead_f04881bca403,2026-06-03T17:58:39,Lynn,Cunningham,michelle19@example.net,(803) 828-7232 x440,France,Meta Ads,Evergreen Wealth,Evergreen,/evergreen-wealth,meta_ads,paid_social,evergreen_wealth,Taylor Brooks,Casey Bennett,New Lead,72,2026-06-03T20:37:39,2026-06-03T18:56:39,,
lead_3ed9130d1a41,2026-05-08T02:38:18,Cindy,Gonzalez,smithcassandra@example.org,(713) 317-0876 x014,Canada,Webinar,5-Day Investor Challenge,Webinar,/5-day-investor-challenge,webinar,organic,5-day_investor_challenge,Jordan Lee,Casey Bennett,New Lead,46,2026-05-08T05:34:18,2026-05-08T02:55:18,,
lead_7f1434543af3,2026-06-13T22:48:16,Timothy,White,meaganpayne@example.net,891-620-2232 x883,Canada,Webinar,5-Day Investor Challenge,Webinar,/5-day-investor-challenge,webinar,organic,5-day_investor_challenge,Taylor Brooks,Riley Carter,New Lead,76,2026-06-14T00:49:16,2026-06-13T22:55:16,,
lead_c1e2dc33fb46,2026-05-20T00:23:55,Timothy,Roberts,haleytrevor@example.net,1-866-176-6204,Canada,Organic,Organic Content,Organic,/organic-content,organic,organic,organic_content,Taylor Brooks,Morgan Reed,New Lead,23,2026-05-20T02:23:55,2026-05-20T00:36:55,,
lead_00466435a847,2026-06-11T03:32:21,David,Price,austin97@example.org,1 (427) 740-2588,France,Meta Ads,Investor Calculator,Evergreen,/investor-calculator,meta_ads,paid_social,investor_calculator,Jordan Lee,Riley Carter,New Lead,97,2026-06-11T06:19:21,2026-06-11T04:17:21,,
lead_1f16d9f5f51b,2026-01-09T21:20:29,Michael,Mccarthy,lpalmer@example.net,859 572 4461,Canada,Organic,Organic Content,Organic,/organic-content,organic,organic,organic_content,Taylor Brooks,Riley Carter,New Lead,70,2026-01-09T22:07:29,2026-01-09T21:52:29,,
lead_a59e55ab487c,2026-02-19T09:04:26,Nicholas,Ruiz,barbarapennington@example.net,(342) 599-5996 x100,Canada,Webinar,5-Day Investor Challenge,Webinar,/5-day-investor-challenge,webinar,organic,5-day_investor_challenge,Alex Morgan,Casey Bennett,New Lead,65,2026-02-19T11:45:26,2026-02-19T09:39:26,,
lead_b723616b70d1,2026-05-20T04:28:25,Jesse,Ortega,evilla@example.com,(231) 266-1094,Canada,Meta Ads,Evergreen Wealth,Evergreen,/evergreen-wealth,meta_ads,paid_social,evergreen_wealth,Jordan Lee,Morgan Reed,New Lead,52,2026-05-20T05:59:25,2026-05-20T05:37:25,,
lead_f3d62a117c98,2026-05-30T22:27:26,Benjamin,Brady,mhines@example.net,425-176-2983,Canada,Email Campaign,Database Reactivation,Evergreen,/database-reactivation,email_campaign,organic,database_reactivation,Taylor Brooks,Riley Carter,Consultation Showed,62,2026-05-31T00:27:26,2026-05-30T23:08:26,book_3b186e03e46e,
lead_4ac65edfe1ec,2026-01-01T20:12:53,Johnny,Kim,jeremiah26@example.net,(719) 013-0205,United States,Meta Ads,Investor Calculator,Evergreen,/investor-calculator,meta_ads,paid_social,investor_calculator,Taylor Brooks,Casey Bennett,New Lead,73,2026-01-01T22:32:53,2026-01-01T20:31:53,,
lead_f32c6dc31fca,2026-06-29T11:52:49,Ashley,Lin,jacob87@example.org,(897) 855-9821,United States,Webinar,VIP Webinar,Webinar,/vip-webinar,webinar,organic,vip_webinar,Alex Morgan,Riley Carter,New Lead,55,2026-06-29T14:07:49,2026-06-29T12:20:49,,
lead_22dae35de1df,2026-01-21T02:35:47,Ronald,Bennett,carrolldavid@example.net,1-411-730-9850,United States,Organic,Organic Content,Organic,/organic-content,organic,organic,organic_content,Taylor Brooks,Casey Bennett,Consultation Showed,42,2026-01-21T04:19:47,2026-01-21T03:25:47,book_07db6f720388,
lead_68ef4936b048,2026-03-23T07:07:08,Lori,Roberts,peter51@example.org,1-118-938-9846,Mexico,Organic,Organic Content,Organic,/organic-content,organic,organic,organic_content,Alex Morgan,Casey Bennett,New Lead,57,2026-03-23T09:47:08,2026-03-23T07:40:08,,
lead_cae634d92af3,2026-02-27T02:56:53,Amy,Snow,qgiles@example.net,905-643-5023,Mexico,Google Ads,Real Estate Mentorship,Evergreen,/real-estate-mentorship,google_ads,cpc,real_estate_mentorship,Alex Morgan,Casey Bennett,Consultation Showed,64,2026-02-27T04:56:53,2026-02-27T04:14:53,book_f296fa8f41c6,
lead_5f7ce4f571e6,2026-06-13T17:00:41,Lisa,Rivera,youngcharles@example.net,551-699-1872,Mexico,Organic,Organic Content,Organic,/organic-content,organic,organic,organic_content,Taylor Brooks,Riley Carter,New Lead,70,2026-06-13T19:25:41,2026-06-13T17:32:41,,
lead_e02ec67f154a,2026-02-09T00:12:39,Jennifer,Garcia,promero@example.com,+1 (774) 300-0389,United States,Email Campaign,Database Reactivation,Evergreen,/database-reactivation,email_campaign,organic,database_reactivation,Jordan Lee,Riley Carter,Call Booked,65,2026-02-09T01:10:39,2026-02-09T01:52:39,book_4dd8ab89954f,
lead_c6e7892f6aa6,2026-05-18T22:41:14,Evelyn,Rojas,xwilliams@example.com,666 821 7195,France,Google Ads,High Intent Search,Evergreen,/high-intent-search,google_ads,cpc,high_intent_search,Alex Morgan,Riley Carter,New Lead,36,2026-05-19T01:32:14,2026-05-18T23:14:14,,
lead_4baad320ca46,2026-05-18T22:29:01,James,Kim,allenchristopher@example.org,(368) 900-3010,United States,Organic,Organic Content,Organic,/organic-content,organic,organic,organic_content,Taylor Brooks,Casey Bennett,New Lead,52,2026-05-18T23:03:01,2026-05-18T22:43:01,,
lead_95061423c88a,2026-05-11T22:12:08,Samuel,Campbell,michael34@example.org,+1 (471) 114-8375,Canada,Organic,Organic Content,Organic,/organic-content,organic,organic,organic_content,Jordan Lee,Morgan Reed,New Lead,54,2026-05-12T00:33:08,2026-05-11T22:32:08,,
lead_045c33844f2a,2026-03-15T22:59:03,Scott,Turner,kimberly43@example.net,1-558-810-5697,Canada,Organic,Organic Content,Organic,/organic-content,organic,organic,organic_content,Alex Morgan,Morgan Reed,Call Booked,66,2026-03-15T23:41:03,2026-03-15T23:33:03,book_2264765bfd20,
lead_5a8bba22a56a,2026-02-25T15:43:30,Christian,Barr,kevintran@example.org,1 (520) 377-1070,Canada,Meta Ads,Evergreen Wealth,Evergreen,/evergreen-wealth,meta_ads,paid_social,evergreen_wealth,Alex Morgan,Riley Carter,New Lead,65,2026-02-25T18:42:30,2026-02-25T16:14:30,,
lead_6bd3490749ec,2026-05-27T08:00:08,Joshua,Cruz,brownmelissa@example.com,506-670-3362 x680,Canada,Webinar,5-Day Investor Challenge,Webinar,/5-day-investor-challenge,webinar,organic,5-day_investor_challenge,Jordan Lee,Morgan Reed,New Lead,35,2026-05-27T10:23:08,2026-05-27T08:34:08,,
lead_825059cf43df,2026-05-25T03:53:38,Anthony,Hines,kentkaren@example.com,1-993-059-6601,Canada,Organic,Organic Content,Organic,/organic-content,organic,organic,organic_content,Alex Morgan,Riley Carter,New Lead,55,2026-05-25T06:43:38,2026-05-25T04:08:38,,
lead_2df4ddda4001,2026-05-15T13:18:58,Paul,Griffith,michele87@example.com,(542) 673-2044 x138,Canada,Webinar,VIP Webinar,Webinar,/vip-webinar,webinar,organic,vip_webinar,Jordan Lee,Casey Bennett,New Lead,77,2026-05-15T16:13:58,2026-05-15T13:30:58,,
lead_b8b9f4b428f7,2026-04-18T05:05:13,Matthew,Foster,michael49@example.org,149.542.7707,Canada,Google Ads,Real Estate Mentorship,Evergreen,/real-estate-mentorship,google_ads,cpc,real_estate_mentorship,Jordan Lee,Morgan Reed,Cancelled,76,2026-04-18T05:23:13,2026-04-18T06:57:13,book_c0c4b3e27198,
lead_669b3b3ccb6b,2026-06-11T04:00:12,Steven,Church,jlittle@example.org,+1 (309) 149-8517,Mexico,Referral,Client Referral,Referral,/client-referral,referral,organic,client_referral,Taylor Brooks,Riley Carter,New Lead,91,2026-06-11T05:02:12,2026-06-11T04:27:12,,
lead_14dd8dee3189,2026-05-31T17:06:21,Jonathan,Buchanan,misty23@example.net,629 031 0287,Canada,Referral,Partner Referral,Referral,/partner-referral,referral,organic,partner_referral,Alex Morgan,Riley Carter,New Lead,62,2026-05-31T18:00:21,2026-05-31T17:43:21,,
lead_3a9d4c07da67,2026-05-23T17:43:07,Bobby,Love,lynnvictoria@example.com,858-093-5118,Canada,Meta Ads,Evergreen Wealth,Evergreen,/evergreen-wealth,meta_ads,paid_social,evergreen_wealth,Alex Morgan,Casey Bennett,New Lead,52,2026-05-23T19:59:07,2026-05-23T18:03:07,,
lead_8dd29d620829,2026-01-26T06:09:14,Daniel,Jones,markwatson@example.net,+1 (716) 420-5955,Canada,Meta Ads,Investor Calculator,Evergreen,/investor-calculator,meta_ads,paid_social,investor_calculator,Jordan Lee,Morgan Reed,New Lead,60,2026-01-26T06:55:14,2026-01-26T06:33:14,,
lead_07789ad792ec,2026-01-31T01:26:48,Phyllis,Brooks,christy25@example.org,1-629-019-3588,Canada,Meta Ads,Mentorship VSL,Evergreen,/mentorship-vsl,meta_ads,paid_social,mentorship_vsl,Jordan Lee,Riley Carter,New Lead,57,2026-01-31T01:41:48,2026-01-31T02:03:48,,
lead_92eda3234894,2026-04-30T12:56:39,Shelby,Gray,sandovaledward@example.net,913.989.8681,Canada,Meta Ads,Mentorship VSL,Evergreen,/mentorship-vsl,meta_ads,paid_social,mentorship_vsl,Taylor Brooks,Riley Carter,New Lead,76,2026-04-30T15:50:39,2026-04-30T13:42:39,,
lead_b954034ff5a4,2026-04-13T00:31:06,Lauren,Lawson,mstewart@example.net,1-835-353-7513,France,Google Ads,Real Estate Mentorship,Evergreen,/real-estate-mentorship,google_ads,cpc,real_estate_mentorship,Taylor Brooks,Morgan Reed,New Lead,33,2026-04-13T01:32:06,2026-04-13T01:41:06,,
lead_7effb0501265,2026-03-22T18:22:48,Jessica,Beard,christopher88@example.org,1 (479) 376-3928,Canada,Webinar,5-Day Investor Challenge,Webinar,/5-day-investor-challenge,webinar,organic,5-day_investor_challenge,Alex Morgan,Casey Bennett,Consultation Showed,82,2026-03-22T20:46:48,2026-03-22T18:26:48,book_22d3524fe070,
lead_5d97668cece2,2026-05-09T19:21:45,Kimberly,Russell,catherineflynn@example.com,1 (311) 668-2973,Canada,Meta Ads,Evergreen Wealth,Evergreen,/evergreen-wealth,meta_ads,paid_social,evergreen_wealth,Jordan Lee,Morgan Reed,New Lead,54,2026-05-09T20:50:45,2026-05-09T19:32:45,,
lead_d4846763e43a,2026-04-20T00:00:33,Nancy,Smith,barneskathy@example.net,612-060-2128 x866,Canada,Email Campaign,Database Reactivation,Evergreen,/database-reactivation,email_campaign,organic,database_reactivation,Taylor Brooks,Casey Bennett,New Lead,29,2026-04-20T02:51:33,2026-04-20T00:12:33,,
lead_12a87721b837,2026-01-08T17:50:29,David,Terry,jenniferwilson@example.com,301.576.7647,Mexico,Google Ads,High Intent Search,Evergreen,/high-intent-search,google_ads,cpc,high_intent_search,Jordan Lee,Morgan Reed,New Lead,69,2026-01-08T20:49:29,2026-01-08T18:41:29,,
lead_5b57235da786,2026-01-05T19:08:13,Jessica,Cummings,hernandezalan@example.net,1 (476) 572-8941,Mexico,Google Ads,Real Estate Mentorship,Evergreen,/real-estate-mentorship,google_ads,cpc,real_estate_mentorship,Jordan Lee,Riley Carter,New Lead,16,2026-01-05T21:25:13,2026-01-05T19:28:13,,
lead_352082a9c70f,2026-04-05T12:40:27,Kenneth,Peterson,ymitchell@example.com,220 368 4995,Canada,Webinar,VIP Webinar,Webinar,/vip-webinar,webinar,organic,vip_webinar,Taylor Brooks,Morgan Reed,Consultation Showed,73,2026-04-05T12:56:27,2026-04-05T13:01:27,book_4caef255bc9f,
lead_1fb02bbb4440,2026-01-19T15:11:21,Michael,Martin,joshua73@example.org,1-949-134-2138,France,Meta Ads,Evergreen Wealth,Evergreen,/evergreen-wealth,meta_ads,paid_social,evergreen_wealth,Taylor Brooks,Riley Carter,New Lead,60,2026-01-19T15:58:21,2026-01-19T15:21:21,,
lead_42620229cea3,2026-02-10T22:18:46,Kari,Johnson,moyeramber@example.org,370-534-9678,United States,Meta Ads,Evergreen Wealth,Evergreen,/evergreen-wealth,meta_ads,paid_social,evergreen_wealth,Alex Morgan,Riley Carter,New Lead,66,2026-02-11T01:14:46,2026-02-10T22:50:46,,
lead_2ff91a0caaa6,2026-02-09T22:04:12,Mariah,Phillips,moransamantha@example.org,367-412-4151 x315,Mexico,Google Ads,High Intent Search,Evergreen,/high-intent-search,google_ads,cpc,high_intent_search,Taylor Brooks,Casey Bennett,Consultation Showed,41,2026-02-10T00:26:12,2026-02-09T22:40:12,book_6546e68b71a4,
lead_784296a0b209,2026-05-26T00:45:48,William,Hill,mannleroy@example.org,+1 (718) 538-0032,Canada,Referral,Partner Referral,Referral,/partner-referral,referral,organic,partner_referral,Jordan Lee,Riley Carter,New Lead,64,2026-05-26T03:45:48,2026-05-26T02:11:48,,
lead_2439a99da51b,2026-01-15T05:21:38,Monica,Robinson,josephhernandez@example.org,442-318-3061 x789,Canada,Meta Ads,Evergreen Wealth,Evergreen,/evergreen-wealth,meta_ads,paid_social,evergreen_wealth,Jordan Lee,Riley Carter,Cancelled,42,2026-01-15T05:39:38,2026-01-15T05:53:38,book_fb0cc789bf2f,
lead_c900e0385dfc,2026-06-26T21:30:18,Jennifer,Williams,christina93@example.net,1 (678) 243-4776,Canada,Meta Ads,Evergreen Wealth,Evergreen,/evergreen-wealth,meta_ads,paid_social,evergreen_wealth,Jordan Lee,Riley Carter,New Lead,43,2026-06-26T22:41:18,2026-06-26T21:53:18,,
lead_aac129d263f6,2026-01-04T06:43:03,Amy,Phillips,danielibarra@example.com,+1 (675) 361-2751,United States,Google Ads,Real Estate Mentorship,Evergreen,/real-estate-mentorship,google_ads,cpc,real_estate_mentorship,Taylor Brooks,Morgan Reed,New Lead,85,2026-01-04T08:27:03,2026-01-04T07:11:03,,
lead_4729f3c2dae6,2026-05-27T19:01:54,Heidi,Bush,flarsen@example.net,+1 (630) 448-3608,Canada,Referral,Partner Referral,Referral,/partner-referral,referral,organic,partner_referral,Alex Morgan,Casey Bennett,New Lead,42,2026-05-27T21:35:54,2026-05-27T19:12:54,,
lead_c522c9c34fe8,2026-02-26T06:44:11,Jose,Stewart,blamb@example.com,1-404-735-0476,Canada,Email Campaign,Database Reactivation,Evergreen,/database-reactivation,email_campaign,organic,database_reactivation,Alex Morgan,Casey Bennett,New Lead,53,2026-02-26T09:44:11,2026-02-26T08:31:11,,
lead_1c8e032cc310,2026-03-16T01:30:57,Ashley,Jackson,kimberlyrodriguez@example.net,1 (929) 800-6155,Mexico,Webinar,VIP Webinar,Webinar,/vip-webinar,webinar,organic,vip_webinar,Alex Morgan,Casey Bennett,Consultation Showed,84,2026-03-16T03:16:57,2026-03-16T01:49:57,book_6eccd6c8a0ac,
lead_b2aa1130278b,2026-01-27T11:35:01,Bryan,Williams,michaelgonzalez@example.org,(163) 425-5638 x300,United States,Meta Ads,Evergreen Wealth,Evergreen,/evergreen-wealth,meta_ads,paid_social,evergreen_wealth,Taylor Brooks,Casey Bennett,Consultation Showed,86,2026-01-27T13:20:01,2026-01-27T11:55:01,book_1382f1efc287,
lead_4f66756486a4,2026-02-27T21:02:38,Kari,Rose,cmoody@example.org,1-340-330-4166,Mexico,Direct,Direct Traffic,Evergreen,/direct-traffic,direct,organic,direct_traffic,Taylor Brooks,Riley Carter,New Lead,49,2026-02-28T00:00:38,2026-02-27T21:58:38,,
lead_82700e250276,2026-04-18T11:36:34,Loretta,Mcdowell,joneswilliam@example.net,+1 (500) 892-1963,Canada,Google Ads,High Intent Search,Evergreen,/high-intent-search,google_ads,cpc,high_intent_search,Alex Morgan,Morgan Reed,New Lead,45,2026-04-18T14:03:34,2026-04-18T14:42:34,,
lead_76b1977aa9ae,2026-04-15T07:18:35,Kristen,Coleman,turnerstephen@example.org,1-597-646-1368,Mexico,Organic,Organic Content,Organic,/organic-content,organic,organic,organic_content,Jordan Lee,Morgan Reed,New Lead,62,2026-04-15T09:43:35,2026-04-15T08:17:35,,
lead_c59e87c6349c,2026-02-11T02:45:56,Timothy,Velez,patrickkaiser@example.net,+1 (858) 173-9063,Mexico,Webinar,VIP Webinar,Webinar,/vip-webinar,webinar,organic,vip_webinar,Taylor Brooks,Morgan Reed,Consultation Showed,91,2026-02-11T04:35:56,2026-02-11T04:18:56,book_350ba3bcaa5b,
lead_e27ebe01fa6f,2026-04-30T18:53:31,Mitchell,Hart,martin11@example.net,937 931 2697,Canada,Meta Ads,Evergreen Wealth,Evergreen,/evergreen-wealth,meta_ads,paid_social,evergreen_wealth,Alex Morgan,Riley Carter,No Show,45,2026-04-30T20:02:31,2026-04-30T19:26:31,book_169066f28787,
lead_0229fead6601,2026-06-15T07:45:15,Jennifer,Knight,briansnyder@example.com,1-452-059-9604,Canada,Webinar,5-Day Investor Challenge,Webinar,/5-day-investor-challenge,webinar,organic,5-day_investor_challenge,Taylor Brooks,Morgan Reed,Cancelled,56,2026-06-15T10:10:15,2026-06-15T08:32:15,book_e882dfc0bf49,
lead_86839a52e7b7,2026-02-18T16:17:20,Kari,Norton,pedwards@example.org,1 (377) 881-1616,Canada,Meta Ads,Evergreen Wealth,Evergreen,/evergreen-wealth,meta_ads,paid_social,evergreen_wealth,Taylor Brooks,Casey Bennett,New Lead,57,2026-02-18T16:47:20,2026-02-18T19:02:20,,
lead_8e8f8bb2d24e,2026-01-25T21:31:33,Katherine,Martin,martinsamuel@example.org,167-287-2866,United States,Email Campaign,Database Reactivation,Evergreen,/database-reactivation,email_campaign,organic,database_reactivation,Alex Morgan,Casey Bennett,New Lead,60,2026-01-26T00:27:33,2026-01-25T21:55:33,,
lead_0e20e0ddd5a9,2026-03-03T16:59:23,Kenneth,Graham,jennifer48@example.com,1 (592) 248-3958,Canada,Organic,Organic Content,Organic,/organic-content,organic,organic,organic_content,Taylor Brooks,Riley Carter,New Lead,42,2026-03-03T19:08:23,2026-03-03T17:10:23,,
lead_60e5ff05bf69,2026-01-30T14:12:43,Thomas,Clark,sara22@example.net,905-622-7104 x331,Canada,Meta Ads,Mentorship VSL,Evergreen,/mentorship-vsl,meta_ads,paid_social,mentorship_vsl,Jordan Lee,Casey Bennett,New Lead,46,2026-01-30T16:41:43,2026-01-30T15:38:43,,
lead_414e0738179b,2026-02-17T19:15:33,Stephen,Davis,ewheeler@example.com,(535) 034-4694 x596,United States,Meta Ads,Investor Calculator,Evergreen,/investor-calculator,meta_ads,paid_social,investor_calculator,Taylor Brooks,Casey Bennett,New Lead,66,2026-02-17T20:16:33,2026-02-17T19:29:33,,
lead_caab0d0b1f19,2026-01-27T01:54:37,Ann,May,chrishernandez@example.net,(642) 491-2896,United States,Meta Ads,Investor Calculator,Evergreen,/investor-calculator,meta_ads,paid_social,investor_calculator,Jordan Lee,Casey Bennett,Consultation Showed,68,2026-01-27T04:52:37,2026-01-27T03:19:37,book_f5be35006bf8,
lead_a929ffbfb140,2026-04-05T13:27:04,Barbara,Castaneda,tammy97@example.org,103 319 2227,Canada,Google Ads,Real Estate Mentorship,Evergreen,/real-estate-mentorship,google_ads,cpc,real_estate_mentorship,Taylor Brooks,Riley Carter,Call Booked,44,2026-04-05T15:53:04,2026-04-05T14:40:04,book_f47a435da036,
lead_cdc223ee580e,2026-06-16T17:53:44,Marcus,Huang,taylorlindsay@example.com,954-813-8666 x754,Mexico,Meta Ads,Investor Calculator,Evergreen,/investor-calculator,meta_ads,paid_social,investor_calculator,Alex Morgan,Casey Bennett,New Lead,81,2026-06-16T18:33:44,2026-06-16T18:03:44,,
lead_11480516f827,2026-05-22T06:02:52,Logan,Miller,stephaniedougherty@example.com,368 774 1865,Mexico,Webinar,5-Day Investor Challenge,Webinar,/5-day-investor-challenge,webinar,organic,5-day_investor_challenge,Taylor Brooks,Riley Carter,New Lead,63,2026-05-22T06:26:52,2026-05-22T06:27:52,,
lead_9037d6c17417,2026-04-23T09:52:23,Anthony,Diaz,wtownsend@example.net,+1 (839) 836-5203,United States,Meta Ads,Mentorship VSL,Evergreen,/mentorship-vsl,meta_ads,paid_social,mentorship_vsl,Alex Morgan,Morgan Reed,New Lead,65,2026-04-23T11:40:23,2026-04-23T11:27:23,,
lead_c31936df2239,2026-05-07T23:25:58,Michael,Lee,mark54@example.net,194-047-6044,Canada,Organic,Organic Content,Organic,/organic-content,organic,organic,organic_content,Alex Morgan,Riley Carter,Consultation Showed,92,2026-05-08T00:08:58,2026-05-08T00:12:58,book_3286a3faad7a,
lead_6324a52a89c4,2026-01-26T23:55:54,Teresa,Morrow,oosborn@example.com,727-810-5092 x221,Canada,Webinar,VIP Webinar,Webinar,/vip-webinar,webinar,organic,vip_webinar,Alex Morgan,Casey Bennett,New Lead,82,2026-01-27T01:58:54,2026-01-27T00:14:54,,
lead_a30af5391807,2026-05-09T16:18:20,Mary,Wilson,dwalsh@example.com,684.390.5529,Mexico,Google Ads,High Intent Search,Evergreen,/high-intent-search,google_ads,cpc,high_intent_search,Taylor Brooks,Riley Carter,Call Booked,61,2026-05-09T17:24:20,2026-05-09T16:52:20,book_ba3ff82c2f5e,
lead_337928ad2a5d,2026-01-28T06:10:29,Zachary,Shepard,qbutler@example.net,513-824-1270,Canada,Meta Ads,Mentorship VSL,Evergreen,/mentorship-vsl,meta_ads,paid_social,mentorship_vsl,Taylor Brooks,Riley Carter,Consultation Showed,64,2026-01-28T08:09:29,2026-01-28T08:02:29,book_7c911e85b380,
lead_93871201145c,2026-05-23T21:38:05,Charlotte,Barker,vthompson@example.org,1-848-515-7919,Mexico,Referral,Partner Referral,Referral,/partner-referral,referral,organic,partner_referral,Alex Morgan,Morgan Reed,Consultation Showed,84,2026-05-23T23:46:05,2026-05-23T22:28:05,book_ec4ece02d894,
lead_06b708002d7c,2026-01-13T04:57:15,Christopher,Hardin,jessicalopez@example.net,320-357-1343,Canada,Webinar,5-Day Investor Challenge,Webinar,/5-day-investor-challenge,webinar,organic,5-day_investor_challenge,Alex Morgan,Riley Carter,New Lead,54,2026-01-13T06:09:15,2026-01-13T05:21:15,,
lead_5d803f052a1f,2026-03-17T08:38:41,Lance,Gray,gregory29@example.com,+1 (233) 432-4474,Mexico,Meta Ads,Investor Calculator,Evergreen,/investor-calculator,meta_ads,paid_social,investor_calculator,Alex Morgan,Morgan Reed,New Lead,26,2026-03-17T10:43:41,2026-03-17T08:52:41,,
lead_fd6af4f7b2f2,2026-01-21T01:03:48,Tracy,Lane,kelsey87@example.net,509 628 9365,United States,Direct,Direct Traffic,Evergreen,/direct-traffic,direct,organic,direct_traffic,Jordan Lee,Riley Carter,New Lead,38,2026-01-21T03:21:48,2026-01-21T03:54:48,,
lead_ed7e7b2f94cd,2026-04-21T17:08:20,Jared,Lyons,christopher34@example.org,740-182-7279 x559,Canada,Meta Ads,Mentorship VSL,Evergreen,/mentorship-vsl,meta_ads,paid_social,mentorship_vsl,Jordan Lee,Casey Bennett,New Lead,53,2026-04-21T17:57:20,2026-04-21T17:35:20,,
lead_6e40453a8646,2026-04-11T07:49:25,Dominique,Valenzuela,jacqueline50@example.org,+1 (975) 512-5427,Canada,Organic,Organic Content,Organic,/organic-content,organic,organic,organic_content,Alex Morgan,Riley Carter,New Lead,70,2026-04-11T08:58:25,2026-04-11T08:31:25,,
lead_b92266fc55b7,2026-04-05T12:56:21,Jacob,Johnson,swatkins@example.com,+1 (173) 459-5764,Mexico,Google Ads,Real Estate Mentorship,Evergreen,/real-estate-mentorship,google_ads,cpc,real_estate_mentorship,Alex Morgan,Riley Carter,New Lead,47,2026-04-05T15:04:21,2026-04-05T14:01:21,,
lead_a5d74695c7f7,2026-02-02T03:46:44,Tara,Rich,fisherkim@example.net,+1 (390) 282-4983,Canada,Webinar,VIP Webinar,Webinar,/vip-webinar,webinar,organic,vip_webinar,Taylor Brooks,Casey Bennett,New Lead,72,2026-02-02T04:49:44,2026-02-02T04:14:44,,
lead_cd68bfff73d2,2026-01-31T13:20:18,David,Cook,wallerkyle@example.org,1 (576) 270-2324,United States,Meta Ads,Evergreen Wealth,Evergreen,/evergreen-wealth,meta_ads,paid_social,evergreen_wealth,Alex Morgan,Riley Carter,New Lead,83,2026-01-31T14:57:18,2026-01-31T13:47:18,,
lead_0b501a2dfe3a,2026-05-20T20:38:04,Christopher,Young,samuelramsey@example.org,(850) 725-1786 x376,Canada,Meta Ads,Investor Calculator,Evergreen,/investor-calculator,meta_ads,paid_social,investor_calculator,Jordan Lee,Casey Bennett,New Lead,69,2026-05-20T21:12:04,2026-05-20T21:27:04,,
lead_db4d7bf9570d,2026-05-06T16:26:47,Jasmin,Hines,hugheslucas@example.org,+1 (154) 696-8157,Canada,Meta Ads,Evergreen Wealth,Evergreen,/evergreen-wealth,meta_ads,paid_social,evergreen_wealth,Alex Morgan,Morgan Reed,Consultation Showed,76,2026-05-06T18:16:47,2026-05-06T17:22:47,book_b3b0d9e50310,
lead_55f1286c18e8,2026-01-27T03:51:34,Jeffrey,Franklin,mikemorgan@example.org,+1 (213) 273-0346,Canada,Organic,Organic Content,Organic,/organic-content,organic,organic,organic_content,Taylor Brooks,Morgan Reed,New Lead,36,2026-01-27T06:37:34,2026-01-27T04:29:34,,
lead_54c0a4516b38,2026-06-29T02:54:50,Matthew,Valdez,thernandez@example.com,704-622-6817 x151,Canada,Meta Ads,Investor Calculator,Evergreen,/investor-calculator,meta_ads,paid_social,investor_calculator,Jordan Lee,Riley Carter,New Lead,46,2026-06-29T03:45:50,2026-06-29T03:39:50,,
lead_55a5d3996b0a,2026-06-20T14:08:54,Linda,Smith,david86@example.net,607-660-4641 x978,Mexico,Direct,Direct Traffic,Evergreen,/direct-traffic,direct,organic,direct_traffic,Alex Morgan,Morgan Reed,New Lead,67,2026-06-20T17:02:54,2026-06-20T14:29:54,,
lead_0bfa18c547d5,2026-06-18T09:55:19,Kimberly,Joseph,daniel26@example.net,+1 (812) 059-4389,Canada,Google Ads,Real Estate Mentorship,Evergreen,/real-estate-mentorship,google_ads,cpc,real_estate_mentorship,Jordan Lee,Riley Carter,Consultation Showed,57,2026-06-18T12:03:19,2026-06-18T11:24:19,book_a6fe8d18373e,
lead_dcf72a3061e3,2026-06-09T07:35:20,Ryan,Marshall,martineztracy@example.com,395-465-4084,United States,Meta Ads,Mentorship VSL,Evergreen,/mentorship-vsl,meta_ads,paid_social,mentorship_vsl,Taylor Brooks,Casey Bennett,New Lead,84,2026-06-09T08:26:20,2026-06-09T08:17:20,,
lead_233b327ee960,2026-03-08T12:57:49,Kelly,Butler,onguyen@example.org,350.863.2181,Canada,Meta Ads,Mentorship VSL,Evergreen,/mentorship-vsl,meta_ads,paid_social,mentorship_vsl,Alex Morgan,Morgan Reed,New Lead,99,2026-03-08T14:58:49,2026-03-08T13:37:49,,
lead_45feea08e8e4,2026-01-22T01:58:24,Jessica,Schultz,worozco@example.com,(289) 701-5502,Canada,Google Ads,High Intent Search,Evergreen,/high-intent-search,google_ads,cpc,high_intent_search,Taylor Brooks,Riley Carter,New Lead,29,2026-01-22T02:07:24,2026-01-22T02:50:24,,
lead_69dbaaac216a,2026-04-28T13:53:09,Patrick,Baird,morgandana@example.com,+1 (560) 241-6139,Canada,Google Ads,High Intent Search,Evergreen,/high-intent-search,google_ads,cpc,high_intent_search,Taylor Brooks,Riley Carter,Consultation Showed,63,2026-04-28T14:22:09,2026-04-28T14:53:09,book_a7005a8498d8,
lead_6b27a99b8118,2026-04-08T17:41:02,Wanda,Gilbert,heatherwilliams@example.net,136-424-8096 x244,Canada,Meta Ads,Mentorship VSL,Evergreen,/mentorship-vsl,meta_ads,paid_social,mentorship_vsl,Taylor Brooks,Morgan Reed,Consultation Showed,67,2026-04-08T18:16:02,2026-04-08T19:13:02,book_4b9b374ced16,
lead_4e5dd2468301,2026-06-24T04:10:41,Richard,Smith,rsandoval@example.com,895-133-0531 x949,United States,Webinar,5-Day Investor Challenge,Webinar,/5-day-investor-challenge,webinar,organic,5-day_investor_challenge,Taylor Brooks,Casey Bennett,New Lead,48,2026-06-24T07:08:41,2026-06-24T04:39:41,,
lead_16229c823878,2026-05-16T11:15:04,Brianna,Walters,amber78@example.org,1 (355) 572-7738,Canada,Google Ads,High Intent Search,Evergreen,/high-intent-search,google_ads,cpc,high_intent_search,Jordan Lee,Casey Bennett,New Lead,44,2026-05-16T13:35:04,2026-05-16T11:43:04,,
lead_03a161c1a549,2026-03-24T14:55:27,Emily,Scott,guerreroashley@example.org,385-138-5445 x770,Canada,Google Ads,High Intent Search,Evergreen,/high-intent-search,google_ads,cpc,high_intent_search,Alex Morgan,Morgan Reed,New Lead,67,2026-03-24T15:34:27,2026-03-24T15:15:27,,
lead_cafba7b35580,2026-03-21T08:25:54,Colleen,Jackson,annette60@example.com,(273) 682-6911 x633,Canada,Meta Ads,Mentorship VSL,Evergreen,/mentorship-vsl,meta_ads,paid_social,mentorship_vsl,Taylor Brooks,Riley Carter,New Lead,62,2026-03-21T09:35:54,2026-03-21T10:30:54,,
lead_e8d29947cb3a,2026-04-11T22:15:56,Ashley,White,katiejoyce@example.com,(965) 369-4551 x588,Canada,Webinar,5-Day Investor Challenge,Webinar,/5-day-investor-challenge,webinar,organic,5-day_investor_challenge,Alex Morgan,Riley Carter,New Lead,74,2026-04-11T22:21:56,2026-04-11T22:27:56,,
lead_cb9754b9ba9f,2026-03-12T08:17:58,Philip,Trevino,ssherman@example.com,726 408 5721,Canada,Webinar,VIP Webinar,Webinar,/vip-webinar,webinar,organic,vip_webinar,Taylor Brooks,Riley Carter,Consultation Showed,57,2026-03-12T08:49:58,2026-03-12T09:43:58,book_44a5d751683e,
lead_e22daf6ec8e8,2026-03-24T05:56:23,Betty,Barnes,ojenkins@example.org,(629) 981-9960,Canada,Meta Ads,Mentorship VSL,Evergreen,/mentorship-vsl,meta_ads,paid_social,mentorship_vsl,Jordan Lee,Riley Carter,New Lead,57,2026-03-24T08:25:23,2026-03-24T06:25:23,,
lead_d1073cc85390,2026-03-22T05:46:58,Chelsea,Jackson,xcohen@example.org,+1 (488) 327-5327,United States,Google Ads,High Intent Search,Evergreen,/high-intent-search,google_ads,cpc,high_intent_search,Jordan Lee,Morgan Reed,New Lead,68,2026-03-22T08:12:58,2026-03-22T06:03:58,,
lead_2cb1642f91b8,2026-02-19T06:41:22,Marcus,Carter,clarksteven@example.org,132-781-9523 x710,Canada,Google Ads,Real Estate Mentorship,Evergreen,/real-estate-mentorship,google_ads,cpc,real_estate_mentorship,Taylor Brooks,Casey Bennett,New Lead,64,2026-02-19T08:04:22,2026-02-19T07:11:22,,
lead_20496c06bf66,2026-05-26T05:04:00,Evelyn,Russell,eatkins@example.com,1-781-980-7704,Canada,Webinar,5-Day Investor Challenge,Webinar,/5-day-investor-challenge,webinar,organic,5-day_investor_challenge,Taylor Brooks,Morgan Reed,Consultation Showed,60,2026-05-26T06:07:00,2026-05-26T05:20:00,book_31c1a3d915ac,
lead_0d16da590fe9,2026-03-19T18:44:56,Maria,Hardy,coxjennifer@example.net,461-124-9125 x652,Mexico,Meta Ads,Mentorship VSL,Evergreen,/mentorship-vsl,meta_ads,paid_social,mentorship_vsl,Taylor Brooks,Riley Carter,New Lead,51,2026-03-19T20:15:56,2026-03-19T19:43:56,,
lead_1b47c34e2eee,2026-02-01T05:05:36,Laura,Clark,riveraheather@example.com,334-547-5749 x490,France,Referral,Partner Referral,Referral,/partner-referral,referral,organic,partner_referral,Alex Morgan,Morgan Reed,Consultation Showed,59,2026-02-01T06:49:36,2026-02-01T07:16:36,book_04cee21b0e6c,
lead_f68c1d0ffa18,2026-06-29T18:49:43,Earl,Roberts,nicoleelliott@example.net,1-342-947-7422,Canada,Webinar,VIP Webinar,Webinar,/vip-webinar,webinar,organic,vip_webinar,Alex Morgan,Casey Bennett,New Lead,82,2026-06-29T21:27:43,2026-06-29T19:28:43,,
lead_717708666270,2026-04-29T06:16:48,Catherine,Villarreal,dana03@example.net,1-329-045-8867,United States,Meta Ads,Evergreen Wealth,Evergreen,/evergreen-wealth,meta_ads,paid_social,evergreen_wealth,Jordan Lee,Riley Carter,Call Booked,29,2026-04-29T06:30:48,2026-04-29T06:26:48,book_faacd90ef98a,
lead_f71525e48713,2026-05-19T04:19:24,Teresa,Schneider,alexandra67@example.net,587 276 0153,Canada,Referral,Client Referral,Referral,/client-referral,referral,organic,client_referral,Alex Morgan,Riley Carter,Consultation Showed,88,2026-05-19T06:56:24,2026-05-19T04:28:24,book_2ba186ea0b57,
lead_17c2a0f6a385,2026-02-09T04:01:25,Jamie,Hernandez,santosmichael@example.com,283-350-6158,Mexico,Organic,Organic Content,Organic,/organic-content,organic,organic,organic_content,Taylor Brooks,Casey Bennett,New Lead,98,2026-02-09T06:54:25,2026-02-09T04:22:25,,
lead_6388d70b2347,2026-04-10T03:19:31,Joseph,Nixon,wallerbrian@example.net,(533) 423-3720 x948,United States,Meta Ads,Mentorship VSL,Evergreen,/mentorship-vsl,meta_ads,paid_social,mentorship_vsl,Taylor Brooks,Morgan Reed,New Lead,60,2026-04-10T05:36:31,2026-04-10T03:40:31,,
lead_ea260d349803,2026-02-16T11:01:00,Christopher,Lee,escobardavid@example.com,133-399-7718,Canada,Referral,Client Referral,Referral,/client-referral,referral,organic,client_referral,Alex Morgan,Morgan Reed,New Lead,98,2026-02-16T13:53:00,2026-02-16T12:54:00,,
lead_edbdd8c33068,2026-03-10T13:41:39,Luis,Walters,timothyramos@example.com,(718) 939-7490,Canada,Direct,Direct Traffic,Evergreen,/direct-traffic,direct,organic,direct_traffic,Taylor Brooks,Morgan Reed,New Lead,75,2026-03-10T16:37:39,2026-03-10T16:33:39,,
lead_c7f0468b032f,2026-06-28T11:40:38,Michelle,Rodriguez,mwaters@example.net,504-694-7258 x784,Canada,Organic,Organic Content,Organic,/organic-content,organic,organic,organic_content,Taylor Brooks,Riley Carter,No Show,66,2026-06-28T12:08:38,2026-06-28T12:55:38,book_e6feef7829b4,
lead_e3ff8ff61916,2026-03-09T11:21:04,Joseph,Patel,joshua88@example.com,512-705-8772 x216,Canada,Email Campaign,Database Reactivation,Evergreen,/database-reactivation,email_campaign,organic,database_reactivation,Alex Morgan,Casey Bennett,New Lead,48,2026-03-09T12:36:04,2026-03-09T12:22:04,,
lead_2bd36ab271fa,2026-02-20T16:50:57,Cody,Atkins,dana82@example.org,533.484.5871,Canada,Email Campaign,Database Reactivation,Evergreen,/database-reactivation,email_campaign,organic,database_reactivation,Alex Morgan,Riley Carter,New Lead,57,2026-02-20T17:39:57,2026-02-20T17:07:57,,
lead_19e5cbef121a,2026-03-08T00:21:21,Sara,Clark,mariolee@example.com,429 258 7964,Mexico,Meta Ads,Investor Calculator,Evergreen,/investor-calculator,meta_ads,paid_social,investor_calculator,Jordan Lee,Riley Carter,New Lead,50,2026-03-08T00:55:21,2026-03-08T00:49:21,,
lead_51a6feb03e53,2026-05-15T19:10:06,Sarah,Kennedy,nathan45@example.net,1 (157) 469-6606,France,Webinar,VIP Webinar,Webinar,/vip-webinar,webinar,organic,vip_webinar,Taylor Brooks,Casey Bennett,New Lead,82,2026-05-15T21:08:06,2026-05-15T20:07:06,,
lead_664335c64e6f,2026-05-31T14:33:08,Tanya,Gomez,theresawang@example.org,(934) 450-5665,United States,Webinar,VIP Webinar,Webinar,/vip-webinar,webinar,organic,vip_webinar,Taylor Brooks,Morgan Reed,Consultation Showed,91,2026-05-31T16:35:08,2026-05-31T15:08:08,book_2233bd53832e,
lead_e04ebcf4a271,2026-01-14T02:49:32,Ann,Gonzalez,christinaalexander@example.com,813.257.9706,United States,Organic,Organic Content,Organic,/organic-content,organic,organic,organic_content,Alex Morgan,Riley Carter,New Lead,54,2026-01-14T04:31:32,2026-01-14T03:02:32,,
lead_c347c98073a1,2026-03-22T02:02:39,John,Benitez,dbrown@example.net,1 (648) 574-1721,Canada,Referral,Client Referral,Referral,/client-referral,referral,organic,client_referral,Alex Morgan,Riley Carter,Call Booked,37,2026-03-22T03:37:39,2026-03-22T02:20:39,book_e966c6a86459,
lead_93a8416bafd7,2026-02-25T18:51:59,Tiffany,Oconnor,morganlawrence@example.net,(981) 735-9848,Canada,Webinar,5-Day Investor Challenge,Webinar,/5-day-investor-challenge,webinar,organic,5-day_investor_challenge,Taylor Brooks,Casey Bennett,No Show,65,2026-02-25T19:19:59,2026-02-25T19:21:59,book_75a148c88041,
lead_b7b89c3ffcc9,2026-04-03T12:54:33,Lisa,Norris,kelseyjones@example.net,1 (657) 325-7375,Canada,Meta Ads,Evergreen Wealth,Evergreen,/evergreen-wealth,meta_ads,paid_social,evergreen_wealth,Taylor Brooks,Casey Bennett,New Lead,66,2026-04-03T14:19:33,2026-04-03T14:45:33,,
lead_da02e7f3ecd4,2026-05-13T15:30:38,James,Mata,jonathan02@example.org,+1 (766) 708-0850,Canada,Meta Ads,Mentorship VSL,Evergreen,/mentorship-vsl,meta_ads,paid_social,mentorship_vsl,Alex Morgan,Morgan Reed,No Show,87,2026-05-13T16:23:38,2026-05-13T15:44:38,book_3bfd2b1fcc77,
lead_c234da08c2e2,2026-02-10T03:39:29,Wendy,Moyer,kristy74@example.net,1 (211) 918-1828,Canada,Webinar,VIP Webinar,Webinar,/vip-webinar,webinar,organic,vip_webinar,Alex Morgan,Riley Carter,Consultation Showed,76,2026-02-10T04:42:29,2026-02-10T05:06:29,book_38f0b3307dc4,
lead_0ab0f47c5013,2026-01-24T06:40:27,Audrey,Mcdonald,karenwang@example.com,1-977-251-2957,United States,Google Ads,High Intent Search,Evergreen,/high-intent-search,google_ads,cpc,high_intent_search,Taylor Brooks,Casey Bennett,New Lead,42,2026-01-24T07:05:27,2026-01-24T07:07:27,,
lead_3e94d9396628,2026-06-14T16:00:56,Kimberly,Stevenson,zpreston@example.net,1-509-600-3562,Canada,Organic,Organic Content,Organic,/organic-content,organic,organic,organic_content,Jordan Lee,Casey Bennett,New Lead,75,2026-06-14T18:08:56,2026-06-14T16:24:56,,
lead_6872037fa8bd,2026-04-06T07:19:07,Melissa,Silva,amanda39@example.com,132 342 1089,France,Webinar,VIP Webinar,Webinar,/vip-webinar,webinar,organic,vip_webinar,Taylor Brooks,Casey Bennett,Consultation Showed,90,2026-04-06T08:10:07,2026-04-06T09:48:07,book_c62f6dc25a46,
lead_2cffb4efcfe3,2026-01-11T12:20:55,Kimberly,Fernandez,murphyleslie@example.org,(334) 264-3350,United States,Google Ads,High Intent Search,Evergreen,/high-intent-search,google_ads,cpc,high_intent_search,Jordan Lee,Riley Carter,New Lead,39,2026-01-11T14:39:55,2026-01-11T12:42:55,,
lead_8902b45b5070,2026-03-18T10:51:13,Natalie,Blackburn,flowersnicholas@example.com,(260) 776-3369,United States,Meta Ads,Investor Calculator,Evergreen,/investor-calculator,meta_ads,paid_social,investor_calculator,Jordan Lee,Morgan Reed,New Lead,29,2026-03-18T13:51:13,2026-03-18T11:28:13,,
lead_c88cc4190f0f,2026-03-03T07:02:29,Christopher,Thompson,martinjason@example.com,1 (956) 331-8574,Canada,Referral,Client Referral,Referral,/client-referral,referral,organic,client_referral,Alex Morgan,Casey Bennett,New Lead,65,2026-03-03T07:09:29,2026-03-03T07:44:29,,
lead_c909354d7dd1,2026-03-12T05:11:20,Daniel,Bryant,jamesrobert@example.org,1 (154) 164-3167,Mexico,Organic,Organic Content,Organic,/organic-content,organic,organic,organic_content,Alex Morgan,Riley Carter,New Lead,32,2026-03-12T07:52:20,2026-03-12T05:33:20,,
lead_dc5d935fcb9a,2026-04-02T12:37:42,Stephanie,Hill,brandon32@example.net,528-227-0093,Canada,Meta Ads,Investor Calculator,Evergreen,/investor-calculator,meta_ads,paid_social,investor_calculator,Alex Morgan,Casey Bennett,New Lead,48,2026-04-02T15:18:42,2026-04-02T13:26:42,,
lead_1d2993748363,2026-05-17T01:33:27,Nathan,Perry,robertthompson@example.net,625 120 7346,Canada,Google Ads,Real Estate Mentorship,Evergreen,/real-estate-mentorship,google_ads,cpc,real_estate_mentorship,Jordan Lee,Casey Bennett,New Lead,11,2026-05-17T03:13:27,2026-05-17T01:45:27,,
lead_61fb3d6e6793,2026-04-22T19:51:16,Regina,Baker,anthony05@example.org,602-608-6982 x210,Canada,Google Ads,High Intent Search,Evergreen,/high-intent-search,google_ads,cpc,high_intent_search,Alex Morgan,Riley Carter,New Lead,85,2026-04-22T22:51:16,2026-04-22T20:23:16,,
lead_2270ae503f48,2026-04-18T20:04:19,Phyllis,Davis,rodriguezthomas@example.com,(272) 904-7742 x585,Mexico,Meta Ads,Evergreen Wealth,Evergreen,/evergreen-wealth,meta_ads,paid_social,evergreen_wealth,Alex Morgan,Morgan Reed,New Lead,49,2026-04-18T21:59:19,2026-04-18T22:09:19,,
lead_749a7ae3779a,2026-04-02T20:16:45,Tim,Goodman,davidrobertson@example.org,(311) 649-1334,Canada,Webinar,5-Day Investor Challenge,Webinar,/5-day-investor-challenge,webinar,organic,5-day_investor_challenge,Jordan Lee,Morgan Reed,New Lead,75,2026-04-02T20:23:45,2026-04-02T20:36:45,,
lead_55f467d7432d,2026-06-02T11:55:00,Jessica,Turner,hbarnett@example.net,1-425-652-9060,Canada,Direct,Direct Traffic,Evergreen,/direct-traffic,direct,organic,direct_traffic,Taylor Brooks,Riley Carter,New Lead,62,2026-06-02T14:04:00,2026-06-02T12:09:00,,
lead_1a647de856f3,2026-05-15T02:09:52,Tiffany,Smith,conleyjohn@example.com,1 (409) 775-3967,Canada,Meta Ads,Evergreen Wealth,Evergreen,/evergreen-wealth,meta_ads,paid_social,evergreen_wealth,Jordan Lee,Casey Bennett,New Lead,76,2026-05-15T02:55:52,2026-05-15T03:10:52,,
lead_0047cfb90b62,2026-03-29T08:28:31,Shawn,Baker,rwilson@example.net,(255) 245-7871 x584,Canada,Webinar,5-Day Investor Challenge,Webinar,/5-day-investor-challenge,webinar,organic,5-day_investor_challenge,Jordan Lee,Riley Carter,No Show,64,2026-03-29T09:58:31,2026-03-29T08:58:31,book_f4a9544b05e0,
lead_55e833c8e4fe,2026-03-08T19:48:35,Kimberly,Simmons,oconnelldavid@example.org,311-842-5476 x818,Canada,Organic,Organic Content,Organic,/organic-content,organic,organic,organic_content,Jordan Lee,Riley Carter,New Lead,44,2026-03-08T19:58:35,2026-03-08T20:04:35,,
lead_8f83b54f8f18,2026-04-23T00:20:00,Raymond,Pugh,donaldbecker@example.org,(658) 929-8808,United States,Direct,Direct Traffic,Evergreen,/direct-traffic,direct,organic,direct_traffic,Taylor Brooks,Morgan Reed,Cancelled,63,2026-04-23T02:52:00,2026-04-23T00:47:00,book_c793a33d17ef,
lead_9631ea399fb2,2026-03-10T22:55:41,Amber,Steele,nicholasgarcia@example.org,(728) 963-4064,United States,Direct,Direct Traffic,Evergreen,/direct-traffic,direct,organic,direct_traffic,Jordan Lee,Riley Carter,New Lead,44,2026-03-11T00:23:41,2026-03-11T00:03:41,,
lead_c6f89d404568,2026-03-15T23:55:10,Rachel,Stanton,imcdonald@example.net,1-101-484-3991,Canada,Google Ads,High Intent Search,Evergreen,/high-intent-search,google_ads,cpc,high_intent_search,Taylor Brooks,Morgan Reed,No Show,52,2026-03-16T02:37:10,2026-03-16T01:44:10,book_f2a5f6315f4d,
lead_a18f40139662,2026-03-23T21:48:26,Karina,Taylor,wcarson@example.org,+1 (526) 693-3513,United States,Webinar,VIP Webinar,Webinar,/vip-webinar,webinar,organic,vip_webinar,Jordan Lee,Morgan Reed,Consultation Showed,55,2026-03-24T00:34:26,2026-03-23T22:20:26,book_94eebe61652c,
lead_186d2ae85d70,2026-02-14T07:34:21,Donald,Morales,jamiethomas@example.com,1 (801) 848-1973,Canada,Meta Ads,Investor Calculator,Evergreen,/investor-calculator,meta_ads,paid_social,investor_calculator,Jordan Lee,Riley Carter,New Lead,72,2026-02-14T08:59:21,2026-02-14T07:38:21,,
lead_00374ae7442f,2026-03-18T18:57:19,Kent,Martinez,whernandez@example.net,1 (840) 641-7692,Mexico,Meta Ads,Mentorship VSL,Evergreen,/mentorship-vsl,meta_ads,paid_social,mentorship_vsl,Jordan Lee,Riley Carter,New Lead,52,2026-03-18T20:11:19,2026-03-18T19:56:19,,
lead_395eb5c05c29,2026-03-22T09:19:43,Katherine,Walker,davisjessica@example.net,1 (937) 660-1444,Canada,Organic,Organic Content,Organic,/organic-content,organic,organic,organic_content,Alex Morgan,Morgan Reed,Consultation Showed,65,2026-03-22T10:06:43,2026-03-22T09:53:43,book_2c6d36fed2df,
lead_0ed4a28454a5,2026-05-25T10:42:37,Mark,Estrada,tonya10@example.org,739-739-6417 x899,Canada,Webinar,VIP Webinar,Webinar,/vip-webinar,webinar,organic,vip_webinar,Jordan Lee,Morgan Reed,Consultation Showed,59,2026-05-25T11:07:37,2026-05-25T10:51:37,book_11e65d7177bf,
lead_d2b9fcb0f702,2026-04-17T11:53:11,Catherine,Harrell,gwilliams@example.net,191.135.9966,Canada,Meta Ads,Investor Calculator,Evergreen,/investor-calculator,meta_ads,paid_social,investor_calculator,Jordan Lee,Riley Carter,New Lead,37,2026-04-17T12:11:11,2026-04-17T12:55:11,,
lead_8f749460c425,2026-01-21T04:20:29,Michael,French,hberry@example.org,+1 (760) 392-0514,United States,Webinar,5-Day Investor Challenge,Webinar,/5-day-investor-challenge,webinar,organic,5-day_investor_challenge,Alex Morgan,Riley Carter,New Lead,45,2026-01-21T05:32:29,2026-01-21T05:01:29,,
lead_15b314a092d7,2026-03-02T01:46:18,Laurie,Daniel,michael55@example.org,1-670-574-2388,Canada,Email Campaign,Database Reactivation,Evergreen,/database-reactivation,email_campaign,organic,database_reactivation,Jordan Lee,Casey Bennett,New Lead,56,2026-03-02T02:49:18,2026-03-02T02:34:18,,
lead_eb54bf5829f7,2026-04-13T06:47:49,Joy,Mullins,megangates@example.com,1 (898) 354-1165,Canada,Referral,Partner Referral,Referral,/partner-referral,referral,organic,partner_referral,Taylor Brooks,Casey Bennett,Consultation Showed,86,2026-04-13T07:35:49,2026-04-13T06:56:49,book_0b3fbf9db3c7,
lead_35720654a1bf,2026-06-17T19:39:20,Danielle,Sherman,josephzimmerman@example.com,1 (575) 225-0139,Canada,Webinar,VIP Webinar,Webinar,/vip-webinar,webinar,organic,vip_webinar,Taylor Brooks,Casey Bennett,New Lead,54,2026-06-17T21:45:20,2026-06-17T19:57:20,,
lead_72213626a895,2026-05-16T11:09:29,Regina,Graves,katherine82@example.com,631.196.4258,Canada,Organic,Organic Content,Organic,/organic-content,organic,organic,organic_content,Taylor Brooks,Casey Bennett,New Lead,75,2026-05-16T13:32:29,2026-05-16T11:47:29,,
lead_9235cbb7f22b,2026-04-12T15:29:58,Randy,Morse,kirkjill@example.com,853.703.8240,United States,Referral,Client Referral,Referral,/client-referral,referral,organic,client_referral,Jordan Lee,Casey Bennett,Consultation Showed,68,2026-04-12T18:17:58,2026-04-12T15:43:58,book_da2ea4ee7273,
lead_37f2da49cc8e,2026-06-06T06:12:36,Jeffrey,Neal,johnperez@example.net,(920) 430-9776,Canada,Organic,Organic Content,Organic,/organic-content,organic,organic,organic_content,Jordan Lee,Casey Bennett,New Lead,68,2026-06-06T06:39:36,2026-06-06T06:58:36,,
lead_60b2051d23e8,2026-01-03T01:11:37,Andrea,Carroll,yburton@example.net,1-254-655-3585,Canada,Meta Ads,Investor Calculator,Evergreen,/investor-calculator,meta_ads,paid_social,investor_calculator,Alex Morgan,Casey Bennett,New Lead,51,2026-01-03T01:16:37,2026-01-03T01:49:37,,
lead_fa000176a5d6,2026-01-02T14:45:37,Susan,Taylor,laurariley@example.org,(178) 519-3583 x749,Mexico,Meta Ads,Mentorship VSL,Evergreen,/mentorship-vsl,meta_ads,paid_social,mentorship_vsl,Jordan Lee,Casey Bennett,New Lead,59,2026-01-02T16:55:37,2026-01-02T15:02:37,,
lead_30bc99be918c,2026-06-04T22:47:07,Steve,Kim,kbrown@example.org,(178) 057-2151 x494,Canada,Meta Ads,Investor Calculator,Evergreen,/investor-calculator,meta_ads,paid_social,investor_calculator,Alex Morgan,Riley Carter,New Lead,11,2026-06-05T00:06:07,2026-06-04T23:01:07,,
lead_9786c3e48e6f,2026-06-21T07:10:23,Jennifer,Henry,valerielewis@example.com,1-684-539-8628,Canada,Google Ads,Real Estate Mentorship,Evergreen,/real-estate-mentorship,google_ads,cpc,real_estate_mentorship,Alex Morgan,Morgan Reed,New Lead,71,2026-06-21T09:38:23,2026-06-21T07:56:23,,
lead_57dcb80d3208,2026-06-10T20:44:56,Michelle,Arellano,josephmichael@example.org,391.862.3392,Canada,Webinar,VIP Webinar,Webinar,/vip-webinar,webinar,organic,vip_webinar,Alex Morgan,Casey Bennett,Cancelled,51,2026-06-10T22:25:56,2026-06-10T20:49:56,book_2dff2995999c,
lead_b14a4c28f6cf,2026-02-25T06:41:25,Anthony,Mcfarland,riveraclinton@example.com,+1 (366) 725-2145,United States,Referral,Client Referral,Referral,/client-referral,referral,organic,client_referral,Jordan Lee,Casey Bennett,No Show,100,2026-02-25T09:32:25,2026-02-25T07:35:25,book_c2501cf16be1,
lead_4fa556a79d29,2026-02-05T10:04:44,Jasmine,Koch,qdavis@example.com,(135) 157-1840,Canada,Meta Ads,Evergreen Wealth,Evergreen,/evergreen-wealth,meta_ads,paid_social,evergreen_wealth,Taylor Brooks,Casey Bennett,New Lead,45,2026-02-05T10:43:44,2026-02-05T10:37:44,,
lead_5085ceabda7a,2026-05-17T00:26:20,Tina,Brown,cody08@example.org,456-409-9512,Canada,Organic,Organic Content,Organic,/organic-content,organic,organic,organic_content,Jordan Lee,Morgan Reed,New Lead,79,2026-05-17T03:10:20,2026-05-17T00:54:20,,
lead_f58beeab8b49,2026-01-05T07:08:14,Dana,Jimenez,theresadavis@example.net,195 927 2827,France,Meta Ads,Mentorship VSL,Evergreen,/mentorship-vsl,meta_ads,paid_social,mentorship_vsl,Jordan Lee,Casey Bennett,Consultation Showed,44,2026-01-05T08:00:14,2026-01-05T07:27:14,book_9eeaedadb582,
lead_05e081c6c147,2026-05-22T04:33:52,Christy,Mcconnell,aguirrelarry@example.com,352.982.1739,Canada,Meta Ads,Investor Calculator,Evergreen,/investor-calculator,meta_ads,paid_social,investor_calculator,Alex Morgan,Morgan Reed,New Lead,42,2026-05-22T04:40:52,2026-05-22T04:55:52,,
lead_9353466a3edd,2026-03-23T14:28:28,Wendy,Mora,jmcfarland@example.com,618-153-5237 x360,United States,Organic,Organic Content,Organic,/organic-content,organic,organic,organic_content,Jordan Lee,Casey Bennett,New Lead,83,2026-03-23T15:52:28,2026-03-23T15:04:28,,
lead_37b274aab629,2026-03-06T03:04:12,Brian,Haas,qcochran@example.net,981.589.9886,Mexico,Organic,Organic Content,Organic,/organic-content,organic,organic,organic_content,Alex Morgan,Morgan Reed,New Lead,53,2026-03-06T03:29:12,2026-03-06T03:46:12,,
lead_f024ab5e2fb7,2026-01-14T20:40:36,Dawn,Campbell,sethgonzalez@example.net,+1 (966) 617-0715,Canada,Meta Ads,Investor Calculator,Evergreen,/investor-calculator,meta_ads,paid_social,investor_calculator,Alex Morgan,Casey Bennett,New Lead,32,2026-01-14T23:04:36,2026-01-14T21:06:36,,
lead_f1be8498b7c0,2026-01-24T16:22:55,Timothy,Price,xgay@example.com,680-314-9982,Canada,Webinar,5-Day Investor Challenge,Webinar,/5-day-investor-challenge,webinar,organic,5-day_investor_challenge,Jordan Lee,Morgan Reed,New Lead,65,2026-01-24T17:30:55,2026-01-24T17:29:55,,
lead_4439c772a013,2026-02-08T16:14:43,Jocelyn,Ferguson,rasmussenpaul@example.com,(406) 882-8503 x172,United States,Webinar,5-Day Investor Challenge,Webinar,/5-day-investor-challenge,webinar,organic,5-day_investor_challenge,Alex Morgan,Riley Carter,New Lead,100,2026-02-08T18:16:43,2026-02-08T16:42:43,,
lead_64bc649d52bd,2026-04-02T19:31:36,Jennifer,Jones,tylerduncan@example.net,706-314-0352,United States,Referral,Partner Referral,Referral,/partner-referral,referral,organic,partner_referral,Jordan Lee,Casey Bennett,Consultation Showed,55,2026-04-02T21:15:36,2026-04-02T20:13:36,book_92023388fc2f,
lead_8ee5c1f562eb,2026-01-09T04:36:02,Margaret,Watson,jwilliams@example.net,(794) 694-3460,Canada,Meta Ads,Mentorship VSL,Evergreen,/mentorship-vsl,meta_ads,paid_social,mentorship_vsl,Jordan Lee,Casey Bennett,New Lead,76,2026-01-09T07:01:02,2026-01-09T04:59:02,,
lead_30d0d6fb030a,2026-03-11T23:42:35,Madison,Bennett,lisafreeman@example.net,860-723-1112,Mexico,Referral,Partner Referral,Referral,/partner-referral,referral,organic,partner_referral,Alex Morgan,Morgan Reed,New Lead,44,2026-03-12T00:00:35,2026-03-12T00:18:35,,
lead_c204ec9d0474,2026-03-05T00:20:32,Carl,Herrera,sherryscott@example.net,+1 (448) 449-4116,Canada,Meta Ads,Investor Calculator,Evergreen,/investor-calculator,meta_ads,paid_social,investor_calculator,Jordan Lee,Riley Carter,New Lead,46,2026-03-05T00:28:32,2026-03-05T01:29:32,,
lead_c5babfb5425a,2026-01-02T17:36:58,Stephanie,Peters,hgonzalez@example.org,671-130-6211 x369,Canada,Meta Ads,Evergreen Wealth,Evergreen,/evergreen-wealth,meta_ads,paid_social,evergreen_wealth,Taylor Brooks,Casey Bennett,New Lead,73,2026-01-02T17:51:58,2026-01-02T20:04:58,,
lead_f4f78ba4713a,2026-03-14T02:50:35,Samuel,Thomas,bateswilliam@example.org,(850) 902-5425,Canada,Referral,Partner Referral,Referral,/partner-referral,referral,organic,partner_referral,Jordan Lee,Morgan Reed,Consultation Showed,88,2026-03-14T03:17:35,2026-03-14T03:13:35,book_fb9f7db0c637,
lead_c6d68ce9c4b2,2026-06-30T18:04:11,James,Schneider,sjames@example.net,932.357.0713,Canada,Referral,Client Referral,Referral,/client-referral,referral,organic,client_referral,Jordan Lee,Riley Carter,New Lead,81,2026-06-30T20:49:11,2026-06-30T18:38:11,,
lead_b60aa4328f0f,2026-06-03T16:30:00,Keith,Martin,brian16@example.net,(109) 255-0213 x060,Canada,Meta Ads,Mentorship VSL,Evergreen,/mentorship-vsl,meta_ads,paid_social,mentorship_vsl,Alex Morgan,Casey Bennett,New Lead,43,2026-06-03T17:02:00,2026-06-03T17:18:00,,
lead_99c512cc1b66,2026-06-06T10:01:13,Lisa,Mack,vincentkathleen@example.org,(510) 796-4967 x379,United States,Direct,Direct Traffic,Evergreen,/direct-traffic,direct,organic,direct_traffic,Alex Morgan,Riley Carter,New Lead,74,2026-06-06T11:58:13,2026-06-06T10:20:13,,
lead_f47ccb006d29,2026-02-18T16:19:44,Michael,Travis,jmendoza@example.com,(353) 242-6425 x064,Canada,Google Ads,High Intent Search,Evergreen,/high-intent-search,google_ads,cpc,high_intent_search,Jordan Lee,Riley Carter,Consultation Showed,51,2026-02-18T16:34:44,2026-02-18T16:44:44,book_e3f956ac5b35,
lead_99cd10d579ac,2026-04-06T03:59:39,Brad,Jenkins,vanessamartinez@example.net,1 (636) 667-7767,Canada,Meta Ads,Mentorship VSL,Evergreen,/mentorship-vsl,meta_ads,paid_social,mentorship_vsl,Taylor Brooks,Casey Bennett,No Show,64,2026-04-06T04:52:39,2026-04-06T04:14:39,book_70684dfdf14d,
lead_94c04a05ec90,2026-02-23T11:06:17,Matthew,Ortega,jenniferharris@example.org,(493) 957-8654,Mexico,Meta Ads,Investor Calculator,Evergreen,/investor-calculator,meta_ads,paid_social,investor_calculator,Taylor Brooks,Morgan Reed,New Lead,38,2026-02-23T13:44:17,2026-02-23T13:58:17,,
lead_4e5b6faaba00,2026-03-29T06:16:55,Philip,Harrison,xevans@example.net,+1 (303) 358-2686,Mexico,Meta Ads,Evergreen Wealth,Evergreen,/evergreen-wealth,meta_ads,paid_social,evergreen_wealth,Taylor Brooks,Casey Bennett,Call Booked,80,2026-03-29T07:36:55,2026-03-29T06:49:55,book_f4d76e526a2a,
lead_0fec52078d74,2026-05-23T11:05:34,Sherry,Johnson,paulestrada@example.com,869 326 5732,Mexico,Google Ads,Real Estate Mentorship,Evergreen,/real-estate-mentorship,google_ads,cpc,real_estate_mentorship,Taylor Brooks,Casey Bennett,New Lead,64,2026-05-23T11:57:34,2026-05-23T11:36:34,,
lead_9e6104c4db6a,2026-03-04T06:32:34,Leslie,Fitzpatrick,lowekristin@example.org,500-515-5323,United States,Webinar,5-Day Investor Challenge,Webinar,/5-day-investor-challenge,webinar,organic,5-day_investor_challenge,Taylor Brooks,Casey Bennett,New Lead,74,2026-03-04T06:53:34,2026-03-04T06:46:34,,
lead_a4790f2f0e26,2026-04-07T14:44:49,Mary,Cox,brandy77@example.com,944 182 2261,Canada,Meta Ads,Mentorship VSL,Evergreen,/mentorship-vsl,meta_ads,paid_social,mentorship_vsl,Jordan Lee,Casey Bennett,Consultation Showed,73,2026-04-07T17:10:49,2026-04-07T15:12:49,book_cbb596ba75ab,
lead_41e3449b6540,2026-01-22T10:48:00,Renee,Ortiz,rgraves@example.net,(812) 710-2676,Canada,Google Ads,Real Estate Mentorship,Evergreen,/real-estate-mentorship,google_ads,cpc,real_estate_mentorship,Alex Morgan,Morgan Reed,Consultation Showed,98,2026-01-22T11:17:00,2026-01-22T12:13:00,book_9dbd255e0ebf,
lead_b1e1c378cdd5,2026-02-04T16:31:01,George,Smith,sarah99@example.org,707-955-1512 x294,Canada,Webinar,5-Day Investor Challenge,Webinar,/5-day-investor-challenge,webinar,organic,5-day_investor_challenge,Jordan Lee,Morgan Reed,New Lead,72,2026-02-04T16:44:01,2026-02-04T17:23:01,,
lead_53fb034d5756,2026-05-05T14:46:46,Sabrina,Rodriguez,suzanneflores@example.net,559.709.9625,United States,Meta Ads,Mentorship VSL,Evergreen,/mentorship-vsl,meta_ads,paid_social,mentorship_vsl,Taylor Brooks,Riley Carter,New Lead,51,2026-05-05T16:30:46,2026-05-05T15:24:46,,
lead_52a4f7349a54,2026-01-10T12:45:20,James,Ramirez,burnsrebecca@example.org,(644) 765-0471,Canada,Referral,Client Referral,Referral,/client-referral,referral,organic,client_referral,Taylor Brooks,Morgan Reed,New Lead,62,2026-01-10T14:23:20,2026-01-10T13:28:20,,
lead_f2fd2870e662,2026-05-08T08:00:48,Andrea,Anderson,navarroandrew@example.com,(776) 604-6558,Mexico,Meta Ads,Evergreen Wealth,Evergreen,/evergreen-wealth,meta_ads,paid_social,evergreen_wealth,Alex Morgan,Casey Bennett,New Lead,78,2026-05-08T10:10:48,2026-05-08T08:37:48,,
lead_8d4032e50523,2026-03-12T02:02:14,Richard,Peterson,jennifer83@example.com,1-241-715-8102,United States,Webinar,5-Day Investor Challenge,Webinar,/5-day-investor-challenge,webinar,organic,5-day_investor_challenge,Jordan Lee,Casey Bennett,New Lead,86,2026-03-12T04:29:14,2026-03-12T02:16:14,,
lead_08705bb1d6e7,2026-06-09T22:27:15,John,Thompson,moorelaurie@example.org,200.591.2975,Canada,Webinar,5-Day Investor Challenge,Webinar,/5-day-investor-challenge,webinar,organic,5-day_investor_challenge,Alex Morgan,Riley Carter,New Lead,64,2026-06-10T01:09:15,2026-06-10T00:01:15,,
lead_44863e860cc0,2026-01-16T03:12:18,Cheyenne,Brown,jamesreese@example.org,611 063 3016,France,Meta Ads,Investor Calculator,Evergreen,/investor-calculator,meta_ads,paid_social,investor_calculator,Alex Morgan,Morgan Reed,New Lead,48,2026-01-16T04:12:18,2026-01-16T03:18:18,,
lead_6d6dfaeab56d,2026-02-06T18:56:58,Colleen,Lee,jeanettesimpson@example.net,374 907 2801,Canada,Webinar,VIP Webinar,Webinar,/vip-webinar,webinar,organic,vip_webinar,Alex Morgan,Riley Carter,Consultation Showed,66,2026-02-06T19:50:58,2026-02-06T20:29:58,book_08dc43857b90,
lead_8eb40dfe7927,2026-04-19T10:26:31,Terri,Baker,hollywarner@example.org,(925) 326-9496,Canada,Referral,Partner Referral,Referral,/partner-referral,referral,organic,partner_referral,Alex Morgan,Riley Carter,No Show,59,2026-04-19T12:53:31,2026-04-19T10:40:31,book_9b72265a1bf3,
lead_3dde89dd3c00,2026-05-17T10:07:20,Danielle,Robinson,madison38@example.org,1-742-101-7509,Canada,Organic,Organic Content,Organic,/organic-content,organic,organic,organic_content,Alex Morgan,Morgan Reed,New Lead,65,2026-05-17T13:02:20,2026-05-17T11:11:20,,
lead_58411b2bb6ff,2026-04-09T00:02:19,Christopher,Duran,vsmith@example.net,659.591.9457,United States,Webinar,VIP Webinar,Webinar,/vip-webinar,webinar,organic,vip_webinar,Taylor Brooks,Riley Carter,New Lead,61,2026-04-09T01:33:19,2026-04-09T00:29:19,,
lead_657e5bce0a1f,2026-06-25T05:53:05,Judy,Castillo,fevans@example.com,(833) 920-5677 x567,Canada,Google Ads,Real Estate Mentorship,Evergreen,/real-estate-mentorship,google_ads,cpc,real_estate_mentorship,Jordan Lee,Casey Bennett,New Lead,42,2026-06-25T07:18:05,2026-06-25T06:17:05,,
lead_4f2691fb055b,2026-06-10T10:09:40,Shannon,Thomas,bbarnes@example.org,1 (362) 650-6229,United States,Google Ads,Real Estate Mentorship,Evergreen,/real-estate-mentorship,google_ads,cpc,real_estate_mentorship,Taylor Brooks,Riley Carter,New Lead,51,2026-06-10T11:36:40,2026-06-10T12:09:40,,
lead_a6862317d212,2026-06-29T20:09:26,Jay,Smith,crawforderic@example.net,1-133-797-6627,Canada,Meta Ads,Mentorship VSL,Evergreen,/mentorship-vsl,meta_ads,paid_social,mentorship_vsl,Jordan Lee,Casey Bennett,New Lead,81,2026-06-29T21:19:26,2026-06-29T21:36:26,,
lead_ff5808e5fa8b,2026-05-22T00:51:54,Michael,Rodriguez,janice94@example.org,(587) 367-0425,France,Email Campaign,Database Reactivation,Evergreen,/database-reactivation,email_campaign,organic,database_reactivation,Taylor Brooks,Morgan Reed,New Lead,50,2026-05-22T01:04:54,2026-05-22T02:04:54,,
lead_416153cf65fc,2026-01-02T06:36:46,Gabriella,Patterson,georgealyssa@example.com,1 (425) 971-0756,France,Organic,Organic Content,Organic,/organic-content,organic,organic,organic_content,Alex Morgan,Casey Bennett,No Show,57,2026-01-02T07:57:46,2026-01-02T07:21:46,book_0257db3e39a6,
lead_07a60b5cfa02,2026-06-09T16:22:13,Jason,Nguyen,reneeorr@example.net,448-595-3259 x399,Mexico,Meta Ads,Mentorship VSL,Evergreen,/mentorship-vsl,meta_ads,paid_social,mentorship_vsl,Taylor Brooks,Riley Carter,New Lead,62,2026-06-09T17:37:13,2026-06-09T16:38:13,,
lead_a23834377b98,2026-01-19T07:24:35,Lisa,Wright,uzamora@example.net,562.951.8779,Canada,Organic,Organic Content,Organic,/organic-content,organic,organic,organic_content,Alex Morgan,Morgan Reed,New Lead,76,2026-01-19T07:38:35,2026-01-19T07:36:35,,
lead_8097bde51715,2026-02-18T12:25:03,Carl,Price,laceyhill@example.org,1 (907) 330-5597,Canada,Meta Ads,Mentorship VSL,Evergreen,/mentorship-vsl,meta_ads,paid_social,mentorship_vsl,Jordan Lee,Morgan Reed,New Lead,60,2026-02-18T13:29:03,2026-02-18T12:47:03,,
lead_0906aa9f24b7,2026-05-23T13:55:38,Dustin,Nelson,todd59@example.net,(539) 914-0388,United States,Organic,Organic Content,Organic,/organic-content,organic,organic,organic_content,Jordan Lee,Morgan Reed,New Lead,53,2026-05-23T14:19:38,2026-05-23T14:36:38,,
lead_e1596f0cb6a8,2026-04-26T13:58:42,John,Bennett,evansjames@example.com,306-157-2768,Canada,Organic,Organic Content,Organic,/organic-content,organic,organic,organic_content,Taylor Brooks,Riley Carter,Call Booked,49,2026-04-26T16:47:42,2026-04-26T14:50:42,book_5aded4c47a04,
lead_3f8b866b8498,2026-06-29T00:13:57,Brittney,Blake,gilesstephen@example.org,342-925-0105 x875,Canada,Google Ads,High Intent Search,Evergreen,/high-intent-search,google_ads,cpc,high_intent_search,Jordan Lee,Casey Bennett,New Lead,35,2026-06-29T01:43:57,2026-06-29T01:19:57,,
lead_9b8139d3cf6b,2026-06-18T21:29:56,Leslie,Le,fullerdebbie@example.com,159 045 9908,United States,Email Campaign,Database Reactivation,Evergreen,/database-reactivation,email_campaign,organic,database_reactivation,Taylor Brooks,Morgan Reed,New Lead,88,2026-06-18T22:32:56,2026-06-18T22:05:56,,
lead_2f8286d9f73d,2026-01-11T12:15:16,Jennifer,Reeves,ebrown@example.org,718 231 5551,Canada,Referral,Client Referral,Referral,/client-referral,referral,organic,client_referral,Jordan Lee,Riley Carter,No Show,56,2026-01-11T13:38:16,2026-01-11T12:29:16,book_ee9a0738e5ac,
lead_510659b695e9,2026-04-08T13:21:40,Matthew,Jones,hgardner@example.com,+1 (428) 137-2143,Canada,Organic,Organic Content,Organic,/organic-content,organic,organic,organic_content,Taylor Brooks,Riley Carter,New Lead,60,2026-04-08T14:22:40,2026-04-08T14:10:40,,
lead_3f42b4d34416,2026-05-27T04:29:22,Brian,Vega,williamsmegan@example.org,900-332-2855 x660,Canada,Direct,Direct Traffic,Evergreen,/direct-traffic,direct,organic,direct_traffic,Alex Morgan,Morgan Reed,New Lead,65,2026-05-27T07:06:22,2026-05-27T05:12:22,,
lead_c8008578b22a,2026-01-29T17:47:16,Kathy,Vasquez,cpierce@example.org,933-970-5195,Canada,Google Ads,Real Estate Mentorship,Evergreen,/real-estate-mentorship,google_ads,cpc,real_estate_mentorship,Jordan Lee,Riley Carter,New Lead,75,2026-01-29T18:25:16,2026-01-29T18:42:16,,
lead_6bb9208e90b6,2026-02-20T23:36:31,Rachel,Martin,edwinsmith@example.net,1-648-586-2394,Canada,Webinar,VIP Webinar,Webinar,/vip-webinar,webinar,organic,vip_webinar,Jordan Lee,Riley Carter,New Lead,63,2026-02-21T00:02:31,2026-02-21T00:21:31,,
lead_0c2b585ba246,2026-04-04T09:15:40,James,Hurst,swilson@example.com,279-863-2106,Canada,Meta Ads,Evergreen Wealth,Evergreen,/evergreen-wealth,meta_ads,paid_social,evergreen_wealth,Jordan Lee,Riley Carter,New Lead,87,2026-04-04T11:43:40,2026-04-04T10:11:40,,
lead_a6f2bc260c6a,2026-02-17T01:16:12,Julia,Sawyer,kathleenfitzgerald@example.com,(994) 570-3943,Canada,Organic,Organic Content,Organic,/organic-content,organic,organic,organic_content,Jordan Lee,Casey Bennett,Consultation Showed,42,2026-02-17T01:39:12,2026-02-17T01:45:12,book_0a6bce24909b,
lead_0b3986e3df0a,2026-01-22T20:25:37,Andrew,Smith,michelleclark@example.net,+1 (557) 692-7789,Canada,Referral,Partner Referral,Referral,/partner-referral,referral,organic,partner_referral,Jordan Lee,Casey Bennett,Consultation Showed,65,2026-01-22T23:21:37,2026-01-22T21:45:37,book_692570ba08c1,
lead_7280003040ab,2026-04-26T07:40:05,Laura,Estrada,chrisrodriguez@example.org,390-040-4769,Canada,Meta Ads,Investor Calculator,Evergreen,/investor-calculator,meta_ads,paid_social,investor_calculator,Jordan Lee,Morgan Reed,New Lead,71,2026-04-26T10:32:05,2026-04-26T07:45:05,,
lead_4b38f4eb941e,2026-05-02T00:14:21,Colton,Richardson,tashaharmon@example.com,846.040.1424,Canada,Direct,Direct Traffic,Evergreen,/direct-traffic,direct,organic,direct_traffic,Alex Morgan,Morgan Reed,New Lead,56,2026-05-02T00:56:21,2026-05-02T00:35:21,,
lead_99b6f338973f,2026-05-28T03:17:43,Sarah,Clay,davidfields@example.net,572-011-3798,Canada,Referral,Partner Referral,Referral,/partner-referral,referral,organic,partner_referral,Alex Morgan,Morgan Reed,New Lead,70,2026-05-28T03:43:43,2026-05-28T04:00:43,,
lead_c3b7fd650d26,2026-06-18T16:40:45,Joseph,Warner,sbrown@example.org,(316) 600-7676,Canada,Email Campaign,Database Reactivation,Evergreen,/database-reactivation,email_campaign,organic,database_reactivation,Taylor Brooks,Morgan Reed,New Lead,50,2026-06-18T17:58:45,2026-06-18T17:38:45,,
lead_0ea1703423f1,2026-01-05T10:00:50,Teresa,Ray,douglassusan@example.com,1-173-404-3370,Canada,Meta Ads,Investor Calculator,Evergreen,/investor-calculator,meta_ads,paid_social,investor_calculator,Taylor Brooks,Morgan Reed,New Lead,53,2026-01-05T11:29:50,2026-01-05T10:49:50,,
lead_7562d65fbcd8,2026-05-26T16:54:30,Morgan,Conley,shansen@example.com,(304) 519-5778,Canada,Meta Ads,Mentorship VSL,Evergreen,/mentorship-vsl,meta_ads,paid_social,mentorship_vsl,Taylor Brooks,Riley Carter,Consultation Showed,67,2026-05-26T18:05:30,2026-05-26T17:53:30,book_153b8c01adc9,
lead_2ba19b45e670,2026-03-15T03:06:51,Nathaniel,Winters,malikfowler@example.com,796 575 4278,Mexico,Direct,Direct Traffic,Evergreen,/direct-traffic,direct,organic,direct_traffic,Taylor Brooks,Morgan Reed,Consultation Showed,75,2026-03-15T05:40:51,2026-03-15T03:21:51,book_d836f6392820,
lead_f72b78e92a7c,2026-02-25T03:35:56,Michael,Reynolds,nicole55@example.net,378-205-8295 x829,United States,Meta Ads,Evergreen Wealth,Evergreen,/evergreen-wealth,meta_ads,paid_social,evergreen_wealth,Taylor Brooks,Casey Bennett,New Lead,70,2026-02-25T04:31:56,2026-02-25T03:56:56,,
lead_314d937951d2,2026-01-02T14:50:24,Tiffany,Sparks,amiller@example.org,(280) 819-0482 x357,Canada,Meta Ads,Mentorship VSL,Evergreen,/mentorship-vsl,meta_ads,paid_social,mentorship_vsl,Jordan Lee,Riley Carter,Consultation Showed,86,2026-01-02T15:12:24,2026-01-02T15:34:24,book_1edace61b33b,
lead_8de97772ea6d,2026-06-17T19:50:50,Mark,Copeland,amy68@example.net,+1 (139) 561-3723,Canada,Webinar,VIP Webinar,Webinar,/vip-webinar,webinar,organic,vip_webinar,Taylor Brooks,Casey Bennett,New Lead,62,2026-06-17T20:22:50,2026-06-17T20:17:50,,
lead_c98d18aa55a0,2026-04-09T17:58:10,Patricia,Costa,simpsonruth@example.net,1-136-438-1300,Mexico,Meta Ads,Investor Calculator,Evergreen,/investor-calculator,meta_ads,paid_social,investor_calculator,Jordan Lee,Riley Carter,New Lead,52,2026-04-09T18:28:10,2026-04-09T18:30:10,,
lead_c8f6b43346b7,2026-02-08T14:49:32,Kenneth,Clark,jonesshaun@example.org,+1 (556) 094-5653,France,Organic,Organic Content,Organic,/organic-content,organic,organic,organic_content,Taylor Brooks,Riley Carter,Call Booked,31,2026-02-08T17:02:32,2026-02-08T15:51:32,book_59503f243d49,
lead_3bccd7dd76d4,2026-06-29T02:05:24,Roy,Lawrence,lreid@example.org,607-550-4768 x169,Canada,Meta Ads,Evergreen Wealth,Evergreen,/evergreen-wealth,meta_ads,paid_social,evergreen_wealth,Jordan Lee,Casey Bennett,Call Booked,40,2026-06-29T04:25:24,2026-06-29T02:19:24,book_d07d42a8b427,
lead_b4a0ce30c75f,2026-03-09T08:06:41,Stacy,Cohen,jamessydney@example.org,148-113-1765 x397,Canada,Webinar,5-Day Investor Challenge,Webinar,/5-day-investor-challenge,webinar,organic,5-day_investor_challenge,Taylor Brooks,Casey Bennett,New Lead,94,2026-03-09T11:06:41,2026-03-09T09:16:41,,
lead_f089374fe397,2026-02-23T13:41:09,Marcus,Tran,arobinson@example.org,529-087-1827,United States,Meta Ads,Mentorship VSL,Evergreen,/mentorship-vsl,meta_ads,paid_social,mentorship_vsl,Jordan Lee,Morgan Reed,New Lead,54,2026-02-23T14:01:09,2026-02-23T14:11:09,,
lead_2782ff053864,2026-02-13T19:17:29,Heidi,Price,kingdavid@example.net,427-420-4956 x121,Canada,Email Campaign,Database Reactivation,Evergreen,/database-reactivation,email_campaign,organic,database_reactivation,Jordan Lee,Riley Carter,New Lead,76,2026-02-13T20:00:29,2026-02-13T19:52:29,,
lead_0387e0b184d2,2026-03-16T05:12:51,Timothy,Wright,zparsons@example.net,860 423 5973,France,Meta Ads,Mentorship VSL,Evergreen,/mentorship-vsl,meta_ads,paid_social,mentorship_vsl,Taylor Brooks,Riley Carter,Consultation Showed,61,2026-03-16T07:30:51,2026-03-16T05:27:51,book_2d6cb03e2d60,
lead_e23ebf8f7406,2026-02-16T16:09:45,Lindsey,Gould,garciadonald@example.net,777-560-8581,Canada,Referral,Client Referral,Referral,/client-referral,referral,organic,client_referral,Jordan Lee,Riley Carter,New Lead,75,2026-02-16T18:40:45,2026-02-16T17:21:45,,
lead_fad42aacf55b,2026-01-26T14:06:09,Thomas,Ramirez,fjones@example.com,1 (376) 832-1021,United States,Meta Ads,Mentorship VSL,Evergreen,/mentorship-vsl,meta_ads,paid_social,mentorship_vsl,Taylor Brooks,Riley Carter,New Lead,73,2026-01-26T15:03:09,2026-01-26T14:44:09,,
lead_2c2bac48360a,2026-06-17T11:56:59,Elizabeth,Griffin,angela71@example.net,396 180 3324,Canada,Referral,Partner Referral,Referral,/partner-referral,referral,organic,partner_referral,Taylor Brooks,Riley Carter,Consultation Showed,78,2026-06-17T12:36:59,2026-06-17T11:59:59,book_9916fb0b10f9,
lead_60b733556925,2026-06-26T12:15:24,Julie,Myers,brian01@example.net,1-498-042-5373,United States,Webinar,VIP Webinar,Webinar,/vip-webinar,webinar,organic,vip_webinar,Taylor Brooks,Morgan Reed,New Lead,38,2026-06-26T12:57:24,2026-06-26T12:34:24,,
lead_1b864b7a3d8d,2026-04-14T11:46:50,Elizabeth,Mendoza,coryhughes@example.net,(712) 282-1781 x923,Canada,Meta Ads,Mentorship VSL,Evergreen,/mentorship-vsl,meta_ads,paid_social,mentorship_vsl,Alex Morgan,Riley Carter,New Lead,79,2026-04-14T12:21:50,2026-04-14T12:35:50,,
lead_aa018efe09da,2026-06-20T21:42:42,Mary,Ward,mariarussell@example.com,356-035-6793,France,Meta Ads,Investor Calculator,Evergreen,/investor-calculator,meta_ads,paid_social,investor_calculator,Jordan Lee,Casey Bennett,New Lead,72,2026-06-20T23:32:42,2026-06-20T22:11:42,,
lead_5a861836e651,2026-01-30T12:10:16,Timothy,Avery,wlucas@example.net,739 847 1690,Canada,Webinar,VIP Webinar,Webinar,/vip-webinar,webinar,organic,vip_webinar,Alex Morgan,Morgan Reed,New Lead,87,2026-01-30T13:03:16,2026-01-30T14:10:16,,
lead_7c8aba856743,2026-04-28T14:19:17,Carl,Miller,kendrawilliams@example.com,+1 (947) 548-9547,United States,Webinar,VIP Webinar,Webinar,/vip-webinar,webinar,organic,vip_webinar,Taylor Brooks,Morgan Reed,No Show,78,2026-04-28T16:49:17,2026-04-28T16:21:17,book_7f63adc7f2c9,
lead_1fa6686d2c5c,2026-03-11T18:16:45,Tony,Todd,taylordavis@example.com,1 (988) 914-4449,United States,Meta Ads,Evergreen Wealth,Evergreen,/evergreen-wealth,meta_ads,paid_social,evergreen_wealth,Jordan Lee,Morgan Reed,New Lead,31,2026-03-11T18:41:45,2026-03-11T18:51:45,,
lead_cad123639f3b,2026-05-19T06:14:58,Jeremy,Mcintosh,rebecca93@example.com,1-335-864-4963,Canada,Organic,Organic Content,Organic,/organic-content,organic,organic,organic_content,Jordan Lee,Casey Bennett,Consultation Showed,44,2026-05-19T09:05:58,2026-05-19T06:41:58,book_0c70f2c7cc3d,
lead_97579c076c98,2026-02-07T12:39:21,Leah,Barker,gloriaward@example.net,(353) 798-2143 x395,Canada,Organic,Organic Content,Organic,/organic-content,organic,organic,organic_content,Alex Morgan,Casey Bennett,Consultation Showed,52,2026-02-07T13:41:21,2026-02-07T15:47:21,book_224f2e272a65,
lead_75a5b5e9afd4,2026-05-25T03:40:45,Paige,Pacheco,john74@example.net,285-249-1416 x860,France,Email Campaign,Database Reactivation,Evergreen,/database-reactivation,email_campaign,organic,database_reactivation,Alex Morgan,Morgan Reed,No Show,66,2026-05-25T06:36:45,2026-05-25T04:16:45,book_c8e7c67e3668,
lead_f9171d97e338,2026-06-18T09:06:50,Jacob,Villa,jgibson@example.net,1-289-634-0679,Canada,Meta Ads,Investor Calculator,Evergreen,/investor-calculator,meta_ads,paid_social,investor_calculator,Jordan Lee,Casey Bennett,New Lead,84,2026-06-18T11:48:50,2026-06-18T09:40:50,,
lead_8e03435e9c0c,2026-03-20T14:48:57,Thomas,Hughes,taylordavid@example.org,414-188-4216,United States,Webinar,VIP Webinar,Webinar,/vip-webinar,webinar,organic,vip_webinar,Jordan Lee,Riley Carter,Consultation Showed,70,2026-03-20T15:03:57,2026-03-20T15:08:57,book_2cf6fee6a3be,
lead_4f440d746b45,2026-05-25T04:09:03,Bill,Keller,smithmatthew@example.net,1-946-333-9994,Canada,Meta Ads,Mentorship VSL,Evergreen,/mentorship-vsl,meta_ads,paid_social,mentorship_vsl,Taylor Brooks,Riley Carter,New Lead,36,2026-05-25T06:40:03,2026-05-25T04:27:03,,
lead_d769eb746748,2026-04-12T02:24:02,Michael,Young,spencerlevi@example.org,563 890 2199,Canada,Webinar,5-Day Investor Challenge,Webinar,/5-day-investor-challenge,webinar,organic,5-day_investor_challenge,Alex Morgan,Morgan Reed,New Lead,67,2026-04-12T02:56:02,2026-04-12T02:44:02,,
lead_224e0e1989fe,2026-05-23T18:08:27,Lisa,Martinez,meganwalker@example.com,723 410 3469,Canada,Organic,Organic Content,Organic,/organic-content,organic,organic,organic_content,Taylor Brooks,Riley Carter,New Lead,46,2026-05-23T18:23:27,2026-05-23T18:31:27,,
lead_2b87e724c7ee,2026-02-26T12:59:39,Sean,Hall,ortizsean@example.org,+1 (696) 084-3768,Canada,Direct,Direct Traffic,Evergreen,/direct-traffic,direct,organic,direct_traffic,Jordan Lee,Casey Bennett,New Lead,56,2026-02-26T14:56:39,2026-02-26T13:09:39,,
lead_c609989d4363,2026-02-27T04:05:43,Marc,Porter,mmassey@example.org,1 (621) 962-6335,Mexico,Organic,Organic Content,Organic,/organic-content,organic,organic,organic_content,Taylor Brooks,Riley Carter,New Lead,70,2026-02-27T06:46:43,2026-02-27T04:14:43,,
lead_5fc04697da4b,2026-06-11T03:35:02,Richard,Wright,rachel69@example.com,793-170-6955,Canada,Webinar,VIP Webinar,Webinar,/vip-webinar,webinar,organic,vip_webinar,Taylor Brooks,Riley Carter,New Lead,44,2026-06-11T06:25:02,2026-06-11T04:10:02,,
lead_61404b34c5e7,2026-06-23T15:52:14,Andrew,Graham,fblankenship@example.com,1-953-454-7223,Canada,Meta Ads,Mentorship VSL,Evergreen,/mentorship-vsl,meta_ads,paid_social,mentorship_vsl,Jordan Lee,Casey Bennett,New Lead,45,2026-06-23T18:16:14,2026-06-23T16:17:14,,
lead_36892f906377,2026-03-30T02:18:19,Carol,Patrick,wernermichael@example.org,821.980.4184,Mexico,Google Ads,High Intent Search,Evergreen,/high-intent-search,google_ads,cpc,high_intent_search,Alex Morgan,Casey Bennett,New Lead,78,2026-03-30T04:54:19,2026-03-30T03:00:19,,
lead_373b86844b5e,2026-05-15T07:38:12,Edward,Thomas,lramirez@example.org,+1 (342) 813-1909,Mexico,Meta Ads,Investor Calculator,Evergreen,/investor-calculator,meta_ads,paid_social,investor_calculator,Alex Morgan,Riley Carter,New Lead,59,2026-05-15T10:29:12,2026-05-15T07:45:12,,
lead_38c27c96ce94,2026-01-23T04:02:49,Keith,Harrison,pjacobson@example.org,(991) 114-2817,United States,Webinar,5-Day Investor Challenge,Webinar,/5-day-investor-challenge,webinar,organic,5-day_investor_challenge,Alex Morgan,Riley Carter,Consultation Showed,78,2026-01-23T06:02:49,2026-01-23T04:31:49,book_f06f0e2322af,
lead_e36b1299e856,2026-03-15T12:46:13,Kathleen,Cummings,amandalopez@example.org,1 (324) 808-8062,Canada,Referral,Partner Referral,Referral,/partner-referral,referral,organic,partner_referral,Alex Morgan,Casey Bennett,New Lead,55,2026-03-15T15:11:13,2026-03-15T13:25:13,,
lead_a1e011ce8e8d,2026-02-01T11:33:10,Brandon,Moore,johnlynch@example.com,1-273-721-3290,Canada,Organic,Organic Content,Organic,/organic-content,organic,organic,organic_content,Taylor Brooks,Morgan Reed,New Lead,44,2026-02-01T12:15:10,2026-02-01T11:58:10,,
lead_6987167b73ae,2026-05-22T18:48:01,Tonya,Taylor,steven76@example.net,(968) 785-9964 x862,Canada,Google Ads,Real Estate Mentorship,Evergreen,/real-estate-mentorship,google_ads,cpc,real_estate_mentorship,Alex Morgan,Morgan Reed,New Lead,57,2026-05-22T20:47:01,2026-05-22T20:06:01,,
lead_acf501392cd2,2026-01-01T16:27:52,Michaela,Martinez,clarkcarol@example.com,1-819-666-4505,United States,Webinar,5-Day Investor Challenge,Webinar,/5-day-investor-challenge,webinar,organic,5-day_investor_challenge,Alex Morgan,Casey Bennett,Consultation Showed,65,2026-01-01T19:11:52,2026-01-01T18:58:52,book_a59ffa0b71aa,
lead_585546f6b3e4,2026-04-16T12:53:56,James,Smith,whampton@example.org,892-463-2037 x476,United States,Organic,Organic Content,Organic,/organic-content,organic,organic,organic_content,Jordan Lee,Morgan Reed,New Lead,33,2026-04-16T12:59:56,2026-04-16T13:11:56,,
lead_cbb4e5f0ffa6,2026-04-03T08:58:42,Jennifer,Watson,stevenperry@example.org,(221) 450-5766,Canada,Meta Ads,Mentorship VSL,Evergreen,/mentorship-vsl,meta_ads,paid_social,mentorship_vsl,Alex Morgan,Riley Carter,New Lead,32,2026-04-03T10:59:42,2026-04-03T09:05:42,,
lead_3631f676d0dd,2026-06-21T07:12:00,Carmen,Kelly,ewilliams@example.org,1 (553) 482-0128,Canada,Organic,Organic Content,Organic,/organic-content,organic,organic,organic_content,Taylor Brooks,Riley Carter,New Lead,65,2026-06-21T09:37:00,2026-06-21T07:53:00,,
lead_2de391344fc5,2026-01-10T11:58:41,Brian,Hicks,andrew65@example.net,959-545-0891 x776,Canada,Webinar,5-Day Investor Challenge,Webinar,/5-day-investor-challenge,webinar,organic,5-day_investor_challenge,Taylor Brooks,Casey Bennett,Consultation Showed,82,2026-01-10T12:50:41,2026-01-10T12:07:41,book_67f9ae1d19f5,
lead_9814224420b0,2026-05-10T12:25:45,Barry,Maxwell,lutzeric@example.com,1 (774) 223-1964,Mexico,Meta Ads,Evergreen Wealth,Evergreen,/evergreen-wealth,meta_ads,paid_social,evergreen_wealth,Jordan Lee,Casey Bennett,New Lead,60,2026-05-10T14:57:45,2026-05-10T12:47:45,,
lead_dfc3c65d566a,2026-01-22T03:27:11,Jeffrey,Williams,mckayjames@example.net,(362) 689-4301,France,Email Campaign,Database Reactivation,Evergreen,/database-reactivation,email_campaign,organic,database_reactivation,Alex Morgan,Riley Carter,New Lead,70,2026-01-22T05:18:11,2026-01-22T05:27:11,,
lead_a8fc4fd11b42,2026-05-15T06:41:13,Michele,Baker,obuchanan@example.com,971 175 9574,Canada,Meta Ads,Mentorship VSL,Evergreen,/mentorship-vsl,meta_ads,paid_social,mentorship_vsl,Taylor Brooks,Morgan Reed,New Lead,43,2026-05-15T09:18:13,2026-05-15T07:07:13,,
lead_7fe30160c429,2026-06-30T21:00:38,Amy,Valenzuela,crystal58@example.org,(749) 330-6745 x847,Canada,Direct,Direct Traffic,Evergreen,/direct-traffic,direct,organic,direct_traffic,Jordan Lee,Casey Bennett,New Lead,46,2026-06-30T21:14:38,2026-06-30T21:05:38,,
lead_66f35b004ec1,2026-06-09T06:42:38,Brett,Vargas,daniel28@example.org,(737) 218-8566,United States,Google Ads,Real Estate Mentorship,Evergreen,/real-estate-mentorship,google_ads,cpc,real_estate_mentorship,Taylor Brooks,Morgan Reed,Cancelled,41,2026-06-09T07:04:38,2026-06-09T07:09:38,book_85c49117d540,
lead_0ae0ee254c4c,2026-01-24T16:40:10,Ashley,Evans,franciscoolson@example.net,650.666.2670,Canada,Meta Ads,Evergreen Wealth,Evergreen,/evergreen-wealth,meta_ads,paid_social,evergreen_wealth,Jordan Lee,Riley Carter,New Lead,58,2026-01-24T17:55:10,2026-01-24T17:09:10,,
lead_487aea772c46,2026-04-29T20:22:37,Sharon,Wilson,tommycuevas@example.com,(666) 343-9252,Canada,Meta Ads,Evergreen Wealth,Evergreen,/evergreen-wealth,meta_ads,paid_social,evergreen_wealth,Taylor Brooks,Riley Carter,New Lead,47,2026-04-29T20:41:37,2026-04-29T20:49:37,,
lead_bbdbbfe224fe,2026-04-04T22:01:58,Brittney,Castaneda,millerlaura@example.org,186 712 0072,Mexico,Organic,Organic Content,Organic,/organic-content,organic,organic,organic_content,Taylor Brooks,Casey Bennett,Consultation Showed,64,2026-04-05T00:40:58,2026-04-04T22:38:58,book_76e73a48a62e,
lead_897c95fe3a7d,2026-02-20T10:06:12,Dennis,Terrell,erika59@example.org,124-510-9109,Canada,Google Ads,Real Estate Mentorship,Evergreen,/real-estate-mentorship,google_ads,cpc,real_estate_mentorship,Taylor Brooks,Casey Bennett,New Lead,80,2026-02-20T12:25:12,2026-02-20T10:19:12,,
lead_79e385cbffe5,2026-04-11T22:00:16,Lori,Lee,pennyholloway@example.com,249.498.1942,Canada,Email Campaign,Database Reactivation,Evergreen,/database-reactivation,email_campaign,organic,database_reactivation,Alex Morgan,Riley Carter,Consultation Showed,57,2026-04-12T00:46:16,2026-04-11T22:30:16,book_d10bcbbf38d3,
lead_fbf69919473c,2026-02-07T14:02:01,Steven,Phelps,dawngraves@example.org,593-406-5277 x584,Canada,Meta Ads,Investor Calculator,Evergreen,/investor-calculator,meta_ads,paid_social,investor_calculator,Jordan Lee,Riley Carter,New Lead,60,2026-02-07T14:07:01,2026-02-07T15:00:01,,
lead_62c9e249b041,2026-06-05T06:14:23,Desiree,Briggs,proman@example.com,1 (233) 722-0109,France,Webinar,5-Day Investor Challenge,Webinar,/5-day-investor-challenge,webinar,organic,5-day_investor_challenge,Jordan Lee,Morgan Reed,New Lead,71,2026-06-05T08:56:23,2026-06-05T07:24:23,,
lead_482ae8bd0d27,2026-06-06T12:26:06,Dylan,Bolton,edwardjones@example.com,1 (493) 766-1894,Canada,Meta Ads,Mentorship VSL,Evergreen,/mentorship-vsl,meta_ads,paid_social,mentorship_vsl,Taylor Brooks,Morgan Reed,New Lead,63,2026-06-06T15:14:06,2026-06-06T12:46:06,,
lead_03ae2b505c3e,2026-06-03T10:34:40,Paula,Douglas,eric35@example.org,304-627-7657,Canada,Referral,Client Referral,Referral,/client-referral,referral,organic,client_referral,Taylor Brooks,Riley Carter,New Lead,69,2026-06-03T10:56:40,2026-06-03T10:47:40,,
lead_a882dbf16f65,2026-01-23T02:31:03,Lisa,Mcgee,wbarrett@example.net,302 461 7520,Canada,Meta Ads,Evergreen Wealth,Evergreen,/evergreen-wealth,meta_ads,paid_social,evergreen_wealth,Jordan Lee,Riley Carter,No Show,54,2026-01-23T05:31:03,2026-01-23T03:03:03,book_42113f202bda,
lead_43dac4a82318,2026-06-11T13:36:01,John,Munoz,rebecca26@example.org,455-955-0178,Canada,Organic,Organic Content,Organic,/organic-content,organic,organic,organic_content,Jordan Lee,Riley Carter,New Lead,27,2026-06-11T14:25:01,2026-06-11T14:05:01,,
lead_f09a39d0cd20,2026-06-04T19:28:29,Jason,Cook,alyssa89@example.net,(560) 798-4870,United States,Organic,Organic Content,Organic,/organic-content,organic,organic,organic_content,Jordan Lee,Morgan Reed,New Lead,59,2026-06-04T19:42:29,2026-06-04T19:49:29,,
lead_9770ac108881,2026-03-31T19:16:00,Marvin,Russell,wellsnatalie@example.com,(559) 374-4039,Mexico,Referral,Client Referral,Referral,/client-referral,referral,organic,client_referral,Alex Morgan,Riley Carter,New Lead,51,2026-03-31T21:06:00,2026-03-31T19:53:00,,
lead_0474a18a8162,2026-05-12T16:37:48,Ralph,Smith,billycrane@example.com,(160) 601-4886,Canada,Meta Ads,Mentorship VSL,Evergreen,/mentorship-vsl,meta_ads,paid_social,mentorship_vsl,Alex Morgan,Morgan Reed,New Lead,42,2026-05-12T18:02:48,2026-05-12T18:08:48,,
lead_5c59e8b2c137,2026-06-05T06:06:16,Warren,Cisneros,kayla07@example.net,(988) 413-6852,Canada,Organic,Organic Content,Organic,/organic-content,organic,organic,organic_content,Alex Morgan,Casey Bennett,New Lead,63,2026-06-05T07:41:16,2026-06-05T07:17:16,,
lead_e0893c6c3f88,2026-03-14T20:44:55,Diana,Smith,pmiller@example.org,601-242-4462 x632,Canada,Webinar,VIP Webinar,Webinar,/vip-webinar,webinar,organic,vip_webinar,Alex Morgan,Riley Carter,Consultation Showed,96,2026-03-14T23:29:55,2026-03-14T21:03:55,book_55c664f0bcdf,
lead_66c4da594ec3,2026-04-26T13:47:42,Connor,Huynh,whitney81@example.org,210 314 2175,Mexico,Organic,Organic Content,Organic,/organic-content,organic,organic,organic_content,Jordan Lee,Riley Carter,Consultation Showed,72,2026-04-26T14:21:42,2026-04-26T13:59:42,book_ee78ae16be97,
lead_fdba01950dce,2026-02-22T17:16:10,Vincent,Conley,edixon@example.net,1-115-152-6384,Canada,Webinar,5-Day Investor Challenge,Webinar,/5-day-investor-challenge,webinar,organic,5-day_investor_challenge,Alex Morgan,Casey Bennett,New Lead,56,2026-02-22T19:06:10,2026-02-22T18:29:10,,
lead_bc183e3068a3,2026-02-11T23:17:05,Rhonda,Oliver,gayfrancis@example.com,288 375 0566,Canada,Google Ads,Real Estate Mentorship,Evergreen,/real-estate-mentorship,google_ads,cpc,real_estate_mentorship,Alex Morgan,Casey Bennett,New Lead,52,2026-02-12T01:36:05,2026-02-12T00:57:05,,
lead_f703684c7550,2026-06-27T08:32:14,Lindsay,Parsons,mlewis@example.net,891-378-7655 x300,Canada,Webinar,5-Day Investor Challenge,Webinar,/5-day-investor-challenge,webinar,organic,5-day_investor_challenge,Alex Morgan,Casey Bennett,New Lead,71,2026-06-27T09:00:14,2026-06-27T09:13:14,,
lead_b3260dc63f37,2026-02-06T22:27:02,Jacob,Duncan,huertasarah@example.net,1 (960) 571-2198,Mexico,Webinar,5-Day Investor Challenge,Webinar,/5-day-investor-challenge,webinar,organic,5-day_investor_challenge,Taylor Brooks,Riley Carter,Consultation Showed,80,2026-02-06T23:59:02,2026-02-06T22:56:02,book_3a11b5cac7a2,
lead_4f40862a8c5a,2026-01-28T19:48:11,Katie,Watkins,jsnyder@example.net,1 (119) 053-4864,Mexico,Meta Ads,Investor Calculator,Evergreen,/investor-calculator,meta_ads,paid_social,investor_calculator,Taylor Brooks,Riley Carter,New Lead,29,2026-01-28T20:18:11,2026-01-28T20:50:11,,
lead_d7e80811f8b7,2026-05-21T16:44:38,Michele,Brown,elizabeth24@example.com,545 618 5174,Canada,Direct,Direct Traffic,Evergreen,/direct-traffic,direct,organic,direct_traffic,Taylor Brooks,Riley Carter,Consultation Showed,30,2026-05-21T16:58:38,2026-05-21T18:18:38,book_ed96df1d5f57,
lead_1075e1ca6244,2026-01-09T13:11:40,Richard,Johnson,mark12@example.net,451.145.5129,Mexico,Meta Ads,Investor Calculator,Evergreen,/investor-calculator,meta_ads,paid_social,investor_calculator,Alex Morgan,Casey Bennett,New Lead,75,2026-01-09T16:11:40,2026-01-09T14:26:40,,
lead_718b89a1c8ad,2026-01-21T00:29:38,Brandi,Miller,hillmckenzie@example.net,(218) 984-8416 x046,United States,Organic,Organic Content,Organic,/organic-content,organic,organic,organic_content,Taylor Brooks,Casey Bennett,Consultation Showed,51,2026-01-21T02:47:38,2026-01-21T00:42:38,book_f8f616d99d72,
lead_e2c5d93f0217,2026-05-05T01:15:38,Diane,Adams,taylorclinton@example.net,317-075-6814,Canada,Meta Ads,Investor Calculator,Evergreen,/investor-calculator,meta_ads,paid_social,investor_calculator,Alex Morgan,Casey Bennett,No Show,54,2026-05-05T02:13:38,2026-05-05T01:28:38,book_7f97a3799370,
lead_a650770b11dd,2026-05-31T01:26:56,Brittany,Hoffman,christopherjackson@example.net,907.322.8360,United States,Meta Ads,Investor Calculator,Evergreen,/investor-calculator,meta_ads,paid_social,investor_calculator,Jordan Lee,Morgan Reed,New Lead,70,2026-05-31T03:23:56,2026-05-31T01:51:56,,
lead_8fa9cb986df3,2026-01-03T23:06:05,Nancy,Ray,travisyoung@example.com,(796) 384-5269,Canada,Meta Ads,Evergreen Wealth,Evergreen,/evergreen-wealth,meta_ads,paid_social,evergreen_wealth,Alex Morgan,Morgan Reed,New Lead,79,2026-01-04T01:50:05,2026-01-04T00:40:05,,
lead_84f7a6bb014d,2026-02-22T15:11:39,Renee,Roberts,christinapreston@example.net,+1 (349) 701-6934,Mexico,Organic,Organic Content,Organic,/organic-content,organic,organic,organic_content,Jordan Lee,Riley Carter,New Lead,54,2026-02-22T15:52:39,2026-02-22T15:32:39,,
lead_25fed3618a2f,2026-03-02T11:07:28,Barbara,Olsen,coffeyjohn@example.net,133-016-2341,Mexico,Meta Ads,Evergreen Wealth,Evergreen,/evergreen-wealth,meta_ads,paid_social,evergreen_wealth,Taylor Brooks,Casey Bennett,New Lead,44,2026-03-02T13:48:28,2026-03-02T11:15:28,,
lead_47d5c0b27b0d,2026-04-02T09:47:12,Denise,Love,gutierrezmatthew@example.com,421 556 6847,Canada,Meta Ads,Evergreen Wealth,Evergreen,/evergreen-wealth,meta_ads,paid_social,evergreen_wealth,Jordan Lee,Morgan Reed,New Lead,82,2026-04-02T12:44:12,2026-04-02T10:58:12,,
lead_2af3f12eb60f,2026-02-04T18:07:16,Michaela,Thomas,qgomez@example.net,(377) 460-4067,Mexico,Meta Ads,Investor Calculator,Evergreen,/investor-calculator,meta_ads,paid_social,investor_calculator,Taylor Brooks,Riley Carter,New Lead,48,2026-02-04T20:44:16,2026-02-04T18:19:16,,
lead_974f0468f1cd,2026-03-02T16:04:44,Bryan,Small,goodmanalice@example.org,+1 (914) 244-2607,Mexico,Referral,Client Referral,Referral,/client-referral,referral,organic,client_referral,Taylor Brooks,Riley Carter,New Lead,72,2026-03-02T17:34:44,2026-03-02T16:36:44,,
lead_665abfa91153,2026-06-29T04:29:06,Cameron,Gibson,dawn73@example.net,1-476-427-3720,Canada,Webinar,5-Day Investor Challenge,Webinar,/5-day-investor-challenge,webinar,organic,5-day_investor_challenge,Alex Morgan,Riley Carter,New Lead,74,2026-06-29T06:33:06,2026-06-29T04:46:06,,
lead_14de1005081f,2026-03-02T06:31:48,Deanna,Cruz,danielgriffith@example.net,1-414-846-0191,United States,Organic,Organic Content,Organic,/organic-content,organic,organic,organic_content,Jordan Lee,Casey Bennett,New Lead,57,2026-03-02T09:31:48,2026-03-02T06:53:48,,
lead_dee3a3d935d2,2026-01-28T21:47:29,Rachel,King,katherinebarnett@example.net,(827) 802-0586 x950,Canada,Meta Ads,Evergreen Wealth,Evergreen,/evergreen-wealth,meta_ads,paid_social,evergreen_wealth,Jordan Lee,Casey Bennett,New Lead,57,2026-01-29T00:29:29,2026-01-28T22:38:29,,
lead_d8176341afd2,2026-03-06T03:26:23,James,Rodriguez,jennifer64@example.net,1-893-699-9516,Canada,Meta Ads,Mentorship VSL,Evergreen,/mentorship-vsl,meta_ads,paid_social,mentorship_vsl,Alex Morgan,Morgan Reed,New Lead,55,2026-03-06T04:54:23,2026-03-06T03:49:23,,
lead_6c334881c913,2026-04-03T22:40:49,Colleen,Zamora,brandon55@example.com,(385) 736-8011,Mexico,Organic,Organic Content,Organic,/organic-content,organic,organic,organic_content,Jordan Lee,Casey Bennett,New Lead,51,2026-04-04T00:43:49,2026-04-03T23:10:49,,
lead_932733e15b7d,2026-04-09T15:13:01,Jesse,Delacruz,stuartnichols@example.net,118.723.3351,Canada,Organic,Organic Content,Organic,/organic-content,organic,organic,organic_content,Taylor Brooks,Morgan Reed,Consultation Showed,83,2026-04-09T15:44:01,2026-04-09T15:39:01,book_5a6950506c50,
lead_ea3dd13e6479,2026-01-14T18:31:47,Jonathan,Hull,rmartinez@example.net,831-539-1149 x830,Canada,Meta Ads,Mentorship VSL,Evergreen,/mentorship-vsl,meta_ads,paid_social,mentorship_vsl,Jordan Lee,Riley Carter,New Lead,52,2026-01-14T19:53:47,2026-01-14T19:22:47,,
lead_e3f4c977dbbe,2026-04-17T09:37:39,Hannah,Weaver,howetracy@example.org,+1 (751) 189-3940,France,Google Ads,High Intent Search,Evergreen,/high-intent-search,google_ads,cpc,high_intent_search,Jordan Lee,Morgan Reed,New Lead,51,2026-04-17T10:22:39,2026-04-17T10:34:39,,
lead_f5cd2bb46e50,2026-06-02T07:10:04,Heather,Michael,khawkins@example.org,490.432.2302,Canada,Google Ads,Real Estate Mentorship,Evergreen,/real-estate-mentorship,google_ads,cpc,real_estate_mentorship,Jordan Lee,Riley Carter,New Lead,62,2026-06-02T09:06:04,2026-06-02T08:34:04,,
lead_2b456a98ae76,2026-05-09T15:59:48,Margaret,Gonzalez,steven73@example.net,801 354 6212,Canada,Referral,Partner Referral,Referral,/partner-referral,referral,organic,partner_referral,Taylor Brooks,Riley Carter,Consultation Showed,74,2026-05-09T18:55:48,2026-05-09T16:29:48,book_797d4c01f0ad,
lead_fc72f2987281,2026-04-25T23:40:48,Nicholas,Jackson,patelgabrielle@example.com,312.312.6163,Canada,Webinar,5-Day Investor Challenge,Webinar,/5-day-investor-challenge,webinar,organic,5-day_investor_challenge,Taylor Brooks,Morgan Reed,New Lead,49,2026-04-26T02:17:48,2026-04-25T23:49:48,,
lead_7680aa53bd67,2026-03-01T19:33:01,Joseph,Meyer,olivia29@example.net,(476) 297-4549,Canada,Webinar,5-Day Investor Challenge,Webinar,/5-day-investor-challenge,webinar,organic,5-day_investor_challenge,Alex Morgan,Riley Carter,No Show,70,2026-03-01T21:21:01,2026-03-01T19:45:01,book_45e693dcbab7,
lead_3a54284e0a63,2026-03-05T13:49:58,Sara,Yates,gonzalezkenneth@example.net,319-120-3818 x769,United States,Webinar,VIP Webinar,Webinar,/vip-webinar,webinar,organic,vip_webinar,Alex Morgan,Morgan Reed,New Lead,100,2026-03-05T16:00:58,2026-03-05T16:01:58,,
lead_66b145596278,2026-06-22T06:56:18,Brian,White,laurenallen@example.org,(598) 138-8158 x814,Mexico,Meta Ads,Evergreen Wealth,Evergreen,/evergreen-wealth,meta_ads,paid_social,evergreen_wealth,Taylor Brooks,Morgan Reed,Consultation Showed,65,2026-06-22T09:29:18,2026-06-22T07:51:18,book_dbf7bb9235d3,
lead_b428dcb2a701,2026-03-29T23:00:49,Martin,Taylor,bradleyhenry@example.org,231 829 7168,Canada,Webinar,5-Day Investor Challenge,Webinar,/5-day-investor-challenge,webinar,organic,5-day_investor_challenge,Taylor Brooks,Riley Carter,Consultation Showed,59,2026-03-30T01:21:49,2026-03-29T23:07:49,book_cc1ba3927d7e,
lead_fa6f5f38d61d,2026-05-13T08:05:54,Joan,Morris,erinhaney@example.com,200-000-1529,Canada,Google Ads,High Intent Search,Evergreen,/high-intent-search,google_ads,cpc,high_intent_search,Taylor Brooks,Casey Bennett,New Lead,47,2026-05-13T09:31:54,2026-05-13T08:22:54,,
lead_72b094d4edc1,2026-05-20T09:08:58,Christopher,Lee,gonzalespatricia@example.net,1 (509) 025-5618,France,Email Campaign,Database Reactivation,Evergreen,/database-reactivation,email_campaign,organic,database_reactivation,Taylor Brooks,Morgan Reed,New Lead,50,2026-05-20T10:41:58,2026-05-20T09:36:58,,
lead_d09f12aadced,2026-06-14T14:16:24,Karen,Green,gardnerdylan@example.net,(774) 781-2248 x905,Mexico,Organic,Organic Content,Organic,/organic-content,organic,organic,organic_content,Alex Morgan,Casey Bennett,No Show,69,2026-06-14T14:53:24,2026-06-14T14:22:24,book_2bed0de53c7f,
lead_9f9eccfbc8d2,2026-01-01T03:55:48,Taylor,Hunter,mjohnson@example.org,943-655-1584,Mexico,Webinar,5-Day Investor Challenge,Webinar,/5-day-investor-challenge,webinar,organic,5-day_investor_challenge,Jordan Lee,Morgan Reed,Consultation Showed,71,2026-01-01T06:23:48,2026-01-01T04:09:48,book_5f9aea27b391,
lead_80b08e15add1,2026-02-15T16:18:11,Edward,Gray,youngedward@example.com,(835) 505-4296 x080,United States,Webinar,5-Day Investor Challenge,Webinar,/5-day-investor-challenge,webinar,organic,5-day_investor_challenge,Jordan Lee,Riley Carter,New Lead,50,2026-02-15T18:13:11,2026-02-15T19:12:11,,
lead_598215e7cc86,2026-03-20T20:14:57,Brian,Clark,nguzman@example.net,795-098-2210 x401,Canada,Meta Ads,Investor Calculator,Evergreen,/investor-calculator,meta_ads,paid_social,investor_calculator,Alex Morgan,Riley Carter,New Lead,53,2026-03-20T21:56:57,2026-03-20T20:18:57,,
lead_6316b5b3f4ea,2026-02-06T13:12:02,Johnny,Rice,greenjessica@example.net,287 738 3638,Canada,Meta Ads,Evergreen Wealth,Evergreen,/evergreen-wealth,meta_ads,paid_social,evergreen_wealth,Jordan Lee,Casey Bennett,New Lead,88,2026-02-06T15:39:02,2026-02-06T14:31:02,,
lead_4b94fd90fc4d,2026-01-25T09:06:05,Ricardo,Allen,thomasricardo@example.net,1-728-946-4203,Canada,Meta Ads,Mentorship VSL,Evergreen,/mentorship-vsl,meta_ads,paid_social,mentorship_vsl,Taylor Brooks,Morgan Reed,No Show,65,2026-01-25T09:45:05,2026-01-25T09:18:05,book_2562e3d85ef2,
lead_ed5bc8bc8099,2026-05-08T18:09:38,Katherine,Anderson,tlewis@example.com,170.646.2554,France,Meta Ads,Investor Calculator,Evergreen,/investor-calculator,meta_ads,paid_social,investor_calculator,Alex Morgan,Morgan Reed,New Lead,56,2026-05-08T20:05:38,2026-05-08T18:31:38,,
lead_d401df4a6e25,2026-06-17T00:36:08,Jacob,Kramer,matthew24@example.org,917-646-4489,Mexico,Meta Ads,Investor Calculator,Evergreen,/investor-calculator,meta_ads,paid_social,investor_calculator,Taylor Brooks,Riley Carter,New Lead,30,2026-06-17T02:37:08,2026-06-17T05:10:08,,
lead_56f6297803b0,2026-03-30T05:37:52,William,Hull,jessicarichardson@example.net,(582) 452-7905 x040,Canada,Email Campaign,Database Reactivation,Evergreen,/database-reactivation,email_campaign,organic,database_reactivation,Jordan Lee,Casey Bennett,New Lead,64,2026-03-30T07:52:52,2026-03-30T06:17:52,,
lead_af3c1948abc3,2026-03-24T11:34:49,John,Hendricks,taraholloway@example.org,(949) 516-3211 x197,Canada,Google Ads,High Intent Search,Evergreen,/high-intent-search,google_ads,cpc,high_intent_search,Jordan Lee,Riley Carter,New Lead,58,2026-03-24T14:13:49,2026-03-24T12:52:49,,
lead_474ac33b97f3,2026-02-22T06:47:52,Steven,Johns,stephenscatherine@example.org,(191) 373-2653,Mexico,Meta Ads,Mentorship VSL,Evergreen,/mentorship-vsl,meta_ads,paid_social,mentorship_vsl,Taylor Brooks,Casey Bennett,New Lead,51,2026-02-22T08:37:52,2026-02-22T07:29:52,,
lead_9a18d3bc6731,2026-04-21T07:46:08,Nicole,Bond,hubersamantha@example.net,(475) 617-8688 x002,United States,Meta Ads,Evergreen Wealth,Evergreen,/evergreen-wealth,meta_ads,paid_social,evergreen_wealth,Alex Morgan,Riley Carter,New Lead,51,2026-04-21T09:54:08,2026-04-21T08:27:08,,
lead_25a885fdf50f,2026-01-28T14:10:32,Lori,Osborn,willismatthew@example.com,882.980.3657,France,Organic,Organic Content,Organic,/organic-content,organic,organic,organic_content,Jordan Lee,Casey Bennett,New Lead,51,2026-01-28T16:29:32,2026-01-28T15:04:32,,
lead_c4fcb22d7863,2026-02-17T14:51:38,Joseph,Campbell,hornerebecca@example.org,(265) 952-0149,United States,Organic,Organic Content,Organic,/organic-content,organic,organic,organic_content,Taylor Brooks,Riley Carter,New Lead,56,2026-02-17T16:56:38,2026-02-17T15:35:38,,
lead_a9caa8189548,2026-04-15T16:50:28,Lindsey,Pitts,daniel43@example.org,+1 (387) 509-2632,Canada,Meta Ads,Mentorship VSL,Evergreen,/mentorship-vsl,meta_ads,paid_social,mentorship_vsl,Alex Morgan,Casey Bennett,New Lead,56,2026-04-15T19:23:28,2026-04-15T18:11:28,,
lead_69fb6bc2c180,2026-04-02T01:05:13,Shelly,Obrien,charleshayes@example.com,1 (761) 140-4288,Canada,Organic,Organic Content,Organic,/organic-content,organic,organic,organic_content,Jordan Lee,Riley Carter,New Lead,78,2026-04-02T03:06:13,2026-04-02T01:13:13,,
lead_91cde81380dd,2026-03-10T12:42:03,Shelia,Williams,crystal53@example.com,+1 (166) 081-1260,Canada,Webinar,VIP Webinar,Webinar,/vip-webinar,webinar,organic,vip_webinar,Alex Morgan,Riley Carter,New Lead,57,2026-03-10T14:02:03,2026-03-10T12:58:03,,
lead_b37cd0069e56,2026-05-22T03:56:01,Sherry,Golden,meyerjames@example.com,+1 (291) 062-7153,Canada,Email Campaign,Database Reactivation,Evergreen,/database-reactivation,email_campaign,organic,database_reactivation,Taylor Brooks,Casey Bennett,New Lead,79,2026-05-22T06:25:01,2026-05-22T04:16:01,,
lead_7a296d824e41,2026-05-08T10:40:20,Stephanie,Saunders,priscilla50@example.com,(982) 691-7768 x293,Mexico,Organic,Organic Content,Organic,/organic-content,organic,organic,organic_content,Taylor Brooks,Morgan Reed,New Lead,100,2026-05-08T11:59:20,2026-05-08T10:45:20,,
lead_4e06e728d274,2026-01-25T15:01:48,Marie,Roberts,wilsonkevin@example.net,387-354-3788,Canada,Meta Ads,Evergreen Wealth,Evergreen,/evergreen-wealth,meta_ads,paid_social,evergreen_wealth,Jordan Lee,Casey Bennett,New Lead,60,2026-01-25T17:15:48,2026-01-25T16:18:48,,
lead_23c01e138d35,2026-02-23T10:36:16,Rick,Lewis,christina10@example.org,1 (570) 908-5991,Canada,Meta Ads,Investor Calculator,Evergreen,/investor-calculator,meta_ads,paid_social,investor_calculator,Alex Morgan,Riley Carter,Call Booked,62,2026-02-23T11:46:16,2026-02-23T11:07:16,book_182b8c17f00d,
lead_dbfb7b435ab2,2026-05-24T11:50:12,Justin,White,espinozashawn@example.com,969 996 9964,United States,Meta Ads,Mentorship VSL,Evergreen,/mentorship-vsl,meta_ads,paid_social,mentorship_vsl,Jordan Lee,Morgan Reed,New Lead,67,2026-05-24T12:33:12,2026-05-24T12:40:12,,
lead_7cc678761544,2026-02-15T20:45:09,Darlene,Malone,hdavis@example.com,285 969 3259,Canada,Meta Ads,Mentorship VSL,Evergreen,/mentorship-vsl,meta_ads,paid_social,mentorship_vsl,Taylor Brooks,Morgan Reed,New Lead,58,2026-02-15T22:54:09,2026-02-15T21:36:09,,
lead_cc285a70aa80,2026-01-29T04:04:34,Kelly,Barton,ashley32@example.org,723.426.6980,Mexico,Google Ads,High Intent Search,Evergreen,/high-intent-search,google_ads,cpc,high_intent_search,Alex Morgan,Casey Bennett,New Lead,55,2026-01-29T06:41:34,2026-01-29T04:32:34,,
lead_29bfd3bc0cc7,2026-05-30T14:10:26,Cindy,Johnson,bgallagher@example.net,923-483-8935 x953,Canada,Webinar,VIP Webinar,Webinar,/vip-webinar,webinar,organic,vip_webinar,Jordan Lee,Riley Carter,New Lead,85,2026-05-30T15:53:26,2026-05-30T14:38:26,,
lead_88843e67c771,2026-04-23T04:32:40,Dillon,Prince,hufftina@example.org,1 (361) 299-6508,Canada,Referral,Partner Referral,Referral,/partner-referral,referral,organic,partner_referral,Jordan Lee,Morgan Reed,New Lead,20,2026-04-23T06:05:40,2026-04-23T05:25:40,,
lead_2ab1e6a75814,2026-03-19T10:17:07,Richard,Hines,ryanadams@example.net,+1 (796) 561-3087,Canada,Meta Ads,Investor Calculator,Evergreen,/investor-calculator,meta_ads,paid_social,investor_calculator,Taylor Brooks,Riley Carter,New Lead,60,2026-03-19T12:23:07,2026-03-19T11:12:07,,
lead_428b6a903358,2026-05-18T00:22:14,Corey,Rivas,katieaguirre@example.com,1 (514) 346-8239,Canada,Meta Ads,Mentorship VSL,Evergreen,/mentorship-vsl,meta_ads,paid_social,mentorship_vsl,Alex Morgan,Riley Carter,Consultation Showed,51,2026-05-18T02:06:14,2026-05-18T00:54:14,book_2f32ce61fdce,
lead_dd346a2ca163,2026-02-26T01:52:09,Melissa,Nelson,bondmarissa@example.org,930-086-9661 x016,Canada,Webinar,5-Day Investor Challenge,Webinar,/5-day-investor-challenge,webinar,organic,5-day_investor_challenge,Jordan Lee,Riley Carter,New Lead,82,2026-02-26T03:51:09,2026-02-26T03:13:09,,
lead_78c5f9a5982d,2026-01-19T21:45:02,James,Miller,lisarogers@example.org,216-809-4149,United States,Referral,Partner Referral,Referral,/partner-referral,referral,organic,partner_referral,Jordan Lee,Riley Carter,New Lead,74,2026-01-20T00:06:02,2026-01-19T22:02:02,,
lead_ed661290d0b2,2026-03-07T01:03:40,Michaela,Morris,lrussell@example.net,(839) 762-0534 x407,Canada,Email Campaign,Database Reactivation,Evergreen,/database-reactivation,email_campaign,organic,database_reactivation,Alex Morgan,Casey Bennett,New Lead,35,2026-03-07T02:17:40,2026-03-07T01:18:40,,
lead_e7082e563af7,2026-03-31T12:55:18,Scott,Campbell,brianhahn@example.org,+1 (862) 925-0817,United States,Referral,Client Referral,Referral,/client-referral,referral,organic,client_referral,Taylor Brooks,Riley Carter,Consultation Showed,81,2026-03-31T15:52:18,2026-03-31T13:15:18,book_2b769fa7fcae,
lead_760e852acaff,2026-04-11T23:09:12,Sandra,Leblanc,arianarandolph@example.org,1-806-884-1333,United States,Organic,Organic Content,Organic,/organic-content,organic,organic,organic_content,Alex Morgan,Casey Bennett,No Show,65,2026-04-12T00:40:12,2026-04-12T00:19:12,book_b3df2a617dea,
lead_c03dd99174b6,2026-06-11T11:57:14,Jesse,Pineda,michael23@example.com,+1 (217) 817-0321,Canada,Organic,Organic Content,Organic,/organic-content,organic,organic,organic_content,Alex Morgan,Riley Carter,Call Booked,65,2026-06-11T12:19:14,2026-06-11T12:56:14,book_a7b149e87c22,
lead_499aad5edbf2,2026-03-10T06:11:06,Carrie,Smith,robinsonrobert@example.net,1 (427) 789-5613,United States,Meta Ads,Investor Calculator,Evergreen,/investor-calculator,meta_ads,paid_social,investor_calculator,Jordan Lee,Morgan Reed,New Lead,64,2026-03-10T07:12:06,2026-03-10T06:30:06,,
lead_d92020d5dbc4,2026-01-18T20:28:38,Seth,Vance,kurt90@example.net,795 026 4801,Mexico,Meta Ads,Mentorship VSL,Evergreen,/mentorship-vsl,meta_ads,paid_social,mentorship_vsl,Taylor Brooks,Morgan Reed,Consultation Showed,69,2026-01-18T20:47:38,2026-01-18T21:30:38,book_3b492c3be987,
lead_e8a6cfbf3d76,2026-05-18T11:52:08,Joshua,Cooley,shannonfleming@example.org,+1 (278) 127-7822,Canada,Email Campaign,Database Reactivation,Evergreen,/database-reactivation,email_campaign,organic,database_reactivation,Taylor Brooks,Morgan Reed,New Lead,68,2026-05-18T12:27:08,2026-05-18T13:17:08,,
lead_3d715d648c1d,2026-06-23T23:40:12,Alexis,Martin,humphreypatricia@example.net,(821) 348-6298 x579,United States,Google Ads,High Intent Search,Evergreen,/high-intent-search,google_ads,cpc,high_intent_search,Jordan Lee,Casey Bennett,New Lead,74,2026-06-24T00:13:12,2026-06-24T00:23:12,,
lead_7fc9d4babde1,2026-05-05T00:55:58,Jesus,Simmons,nancyryan@example.org,(928) 560-5397 x079,Mexico,Organic,Organic Content,Organic,/organic-content,organic,organic,organic_content,Jordan Lee,Casey Bennett,New Lead,43,2026-05-05T02:56:58,2026-05-05T01:27:58,,
lead_0e5e719ec919,2026-02-19T23:16:31,Jennifer,Patterson,chavezisabel@example.com,336-820-5068 x212,United States,Referral,Client Referral,Referral,/client-referral,referral,organic,client_referral,Jordan Lee,Morgan Reed,New Lead,55,2026-02-20T00:02:31,2026-02-19T23:45:31,,
lead_3482d7cef663,2026-01-12T15:53:36,Jeffrey,Bailey,christopherlong@example.net,1 (205) 871-4692,France,Google Ads,Real Estate Mentorship,Evergreen,/real-estate-mentorship,google_ads,cpc,real_estate_mentorship,Jordan Lee,Morgan Reed,New Lead,55,2026-01-12T17:04:36,2026-01-12T16:12:36,,
lead_0d2a76c0820e,2026-06-30T07:31:32,Alexandra,Carrillo,charlesduncan@example.com,+1 (979) 089-8436,United States,Google Ads,Real Estate Mentorship,Evergreen,/real-estate-mentorship,google_ads,cpc,real_estate_mentorship,Alex Morgan,Riley Carter,New Lead,52,2026-06-30T08:27:32,2026-06-30T07:48:32,,
lead_8c1b2bf1d3db,2026-04-15T23:31:42,Keith,Payne,bentondavid@example.org,1 (309) 386-9484,Canada,Organic,Organic Content,Organic,/organic-content,organic,organic,organic_content,Taylor Brooks,Morgan Reed,New Lead,61,2026-04-16T01:26:42,2026-04-15T23:38:42,,
lead_3b2c3cc8638c,2026-01-21T01:21:10,Kenneth,Jacobs,hollandjustin@example.com,(887) 071-5238 x676,Canada,Email Campaign,Database Reactivation,Evergreen,/database-reactivation,email_campaign,organic,database_reactivation,Taylor Brooks,Riley Carter,New Lead,44,2026-01-21T01:34:10,2026-01-21T01:54:10,,
lead_5315c1de7592,2026-01-04T15:27:00,James,Hammond,anthonygilbert@example.com,+1 (919) 177-9876,Canada,Meta Ads,Investor Calculator,Evergreen,/investor-calculator,meta_ads,paid_social,investor_calculator,Taylor Brooks,Morgan Reed,Consultation Showed,72,2026-01-04T17:39:00,2026-01-04T16:23:00,book_dc1cf6d40b50,
lead_264ede3b067d,2026-02-21T17:41:02,Edward,Hanson,twagner@example.org,158 937 0858,United States,Email Campaign,Database Reactivation,Evergreen,/database-reactivation,email_campaign,organic,database_reactivation,Jordan Lee,Riley Carter,New Lead,45,2026-02-21T18:24:02,2026-02-21T17:50:02,,
lead_6f27d9c0abb5,2026-05-30T17:04:36,Raymond,Lopez,migueldominguez@example.org,1 (366) 957-9001,Canada,Meta Ads,Mentorship VSL,Evergreen,/mentorship-vsl,meta_ads,paid_social,mentorship_vsl,Jordan Lee,Riley Carter,New Lead,42,2026-05-30T19:14:36,2026-05-30T17:21:36,,
lead_d4309e1ba50d,2026-04-15T21:10:56,Joshua,Weaver,melissa44@example.org,(967) 963-2594 x232,Canada,Webinar,5-Day Investor Challenge,Webinar,/5-day-investor-challenge,webinar,organic,5-day_investor_challenge,Taylor Brooks,Casey Bennett,Consultation Showed,64,2026-04-15T22:12:56,2026-04-15T22:14:56,book_63bcc43a7499,
lead_414b76e87019,2026-03-11T16:40:50,Jodi,Bradford,ogreer@example.org,(391) 562-4152 x857,United States,Meta Ads,Mentorship VSL,Evergreen,/mentorship-vsl,meta_ads,paid_social,mentorship_vsl,Jordan Lee,Morgan Reed,New Lead,25,2026-03-11T18:10:50,2026-03-11T17:06:50,,
lead_fd2dbcd33909,2026-03-12T22:40:45,Robin,Cooper,tanyajackson@example.net,(935) 895-1381,Mexico,Referral,Partner Referral,Referral,/partner-referral,referral,organic,partner_referral,Jordan Lee,Morgan Reed,New Lead,47,2026-03-13T01:01:45,2026-03-12T23:35:45,,
lead_ded85d8ea6aa,2026-05-06T18:55:55,Jennifer,Wood,lynntracy@example.com,+1 (185) 095-7443,Canada,Webinar,VIP Webinar,Webinar,/vip-webinar,webinar,organic,vip_webinar,Alex Morgan,Casey Bennett,New Lead,71,2026-05-06T19:51:55,2026-05-06T19:29:55,,
lead_74d0462bfeec,2026-05-16T03:02:47,James,Fuller,richpatricia@example.net,417.972.0385,Mexico,Referral,Client Referral,Referral,/client-referral,referral,organic,client_referral,Taylor Brooks,Riley Carter,New Lead,45,2026-05-16T04:46:47,2026-05-16T04:40:47,,
lead_7722cba86b25,2026-06-21T21:23:49,Joseph,Johnson,jason41@example.com,1-471-553-1325,Canada,Google Ads,High Intent Search,Evergreen,/high-intent-search,google_ads,cpc,high_intent_search,Alex Morgan,Morgan Reed,New Lead,60,2026-06-22T00:09:49,2026-06-21T21:25:49,,
lead_47319d39deb7,2026-05-20T18:13:37,Lisa,Alvarez,allenronald@example.com,309-421-4105,Canada,Meta Ads,Evergreen Wealth,Evergreen,/evergreen-wealth,meta_ads,paid_social,evergreen_wealth,Jordan Lee,Morgan Reed,New Lead,75,2026-05-20T20:49:37,2026-05-20T20:32:37,,
lead_edbbcd1f957e,2026-04-08T00:41:48,Stephen,Gilbert,hortonalexandra@example.net,992-704-5238,France,Webinar,VIP Webinar,Webinar,/vip-webinar,webinar,organic,vip_webinar,Jordan Lee,Morgan Reed,New Lead,59,2026-04-08T03:02:48,2026-04-08T01:20:48,,
lead_4ec02bb25a36,2026-03-07T13:52:57,Angela,Wang,imartin@example.com,(366) 059-8678 x744,Canada,Meta Ads,Evergreen Wealth,Evergreen,/evergreen-wealth,meta_ads,paid_social,evergreen_wealth,Alex Morgan,Riley Carter,New Lead,41,2026-03-07T14:07:57,2026-03-07T14:55:57,,
lead_ab1fbac3103a,2026-05-12T16:04:18,Devon,Mccarthy,tonya48@example.net,1 (596) 559-4282,Canada,Referral,Client Referral,Referral,/client-referral,referral,organic,client_referral,Taylor Brooks,Morgan Reed,No Show,75,2026-05-12T18:26:18,2026-05-12T16:52:18,book_8b3a0e61c695,
lead_c0f0769c85b3,2026-05-23T19:29:26,Susan,Lozano,burnettronnie@example.com,420-002-4539,Canada,Email Campaign,Database Reactivation,Evergreen,/database-reactivation,email_campaign,organic,database_reactivation,Alex Morgan,Casey Bennett,New Lead,100,2026-05-23T20:10:26,2026-05-23T20:46:26,,
lead_fcc9692e57c8,2026-02-17T02:58:57,Charles,Young,lloydmiranda@example.org,(305) 570-8368,Canada,Webinar,5-Day Investor Challenge,Webinar,/5-day-investor-challenge,webinar,organic,5-day_investor_challenge,Alex Morgan,Riley Carter,New Lead,59,2026-02-17T05:49:57,2026-02-17T03:43:57,,
lead_4703f8a83259,2026-06-09T08:55:19,Evelyn,Campbell,melissa89@example.com,+1 (599) 727-3677,Canada,Meta Ads,Investor Calculator,Evergreen,/investor-calculator,meta_ads,paid_social,investor_calculator,Alex Morgan,Riley Carter,New Lead,29,2026-06-09T09:24:19,2026-06-09T09:27:19,,
lead_7119ea41fb80,2026-01-23T04:06:57,Dawn,Hernandez,andersonmeghan@example.net,354 318 3281,Canada,Meta Ads,Evergreen Wealth,Evergreen,/evergreen-wealth,meta_ads,paid_social,evergreen_wealth,Taylor Brooks,Morgan Reed,New Lead,51,2026-01-23T06:18:57,2026-01-23T04:24:57,,
lead_ffde36b81093,2026-03-24T18:17:21,James,Brown,catherinejohns@example.net,749-106-0183,Mexico,Meta Ads,Evergreen Wealth,Evergreen,/evergreen-wealth,meta_ads,paid_social,evergreen_wealth,Taylor Brooks,Riley Carter,New Lead,60,2026-03-24T19:48:21,2026-03-24T18:38:21,,
lead_b592781dac05,2026-05-13T20:04:58,Jose,Moore,icooper@example.org,968-172-2577 x545,Canada,Google Ads,High Intent Search,Evergreen,/high-intent-search,google_ads,cpc,high_intent_search,Jordan Lee,Morgan Reed,Consultation Showed,75,2026-05-13T22:36:58,2026-05-13T20:21:58,book_91d59801177e,
lead_d35aad1f6662,2026-03-07T03:33:38,Courtney,Webb,kmoore@example.org,1 (729) 187-6831,Canada,Webinar,5-Day Investor Challenge,Webinar,/5-day-investor-challenge,webinar,organic,5-day_investor_challenge,Alex Morgan,Casey Bennett,No Show,67,2026-03-07T03:54:38,2026-03-07T04:06:38,book_bf6bcdc4ca3d,
lead_88e8f1909c12,2026-04-18T11:04:01,Brian,Melton,phorne@example.com,117 337 3992,Canada,Meta Ads,Investor Calculator,Evergreen,/investor-calculator,meta_ads,paid_social,investor_calculator,Taylor Brooks,Morgan Reed,Consultation Showed,60,2026-04-18T11:51:01,2026-04-18T11:29:01,book_b1b95012741d,
lead_3f061718b803,2026-04-29T22:11:03,Mark,Thompson,joycekeith@example.org,+1 (359) 143-8823,United States,Meta Ads,Mentorship VSL,Evergreen,/mentorship-vsl,meta_ads,paid_social,mentorship_vsl,Alex Morgan,Casey Bennett,New Lead,43,2026-04-29T23:52:03,2026-04-29T23:15:03,,
lead_f530fe31a0af,2026-02-04T20:07:28,Mark,Cox,kristinafoley@example.net,(458) 446-1777,United States,Meta Ads,Evergreen Wealth,Evergreen,/evergreen-wealth,meta_ads,paid_social,evergreen_wealth,Taylor Brooks,Casey Bennett,New Lead,52,2026-02-04T20:34:28,2026-02-04T20:26:28,,
lead_548eb06f2d33,2026-05-15T10:37:25,Evan,Long,sheriduncan@example.com,1-197-912-7997,Canada,Google Ads,Real Estate Mentorship,Evergreen,/real-estate-mentorship,google_ads,cpc,real_estate_mentorship,Taylor Brooks,Casey Bennett,New Lead,44,2026-05-15T11:14:25,2026-05-15T10:48:25,,
lead_9ba35d378b0a,2026-02-16T11:00:11,Jacob,Thompson,martinmark@example.net,387-137-5298 x832,United States,Organic,Organic Content,Organic,/organic-content,organic,organic,organic_content,Alex Morgan,Riley Carter,Consultation Showed,71,2026-02-16T11:49:11,2026-02-16T11:22:11,book_54cd6057e5ff,
lead_09cf0737466f,2026-04-29T20:21:31,Anthony,Leonard,taylormichael@example.net,883-200-4879,United States,Meta Ads,Investor Calculator,Evergreen,/investor-calculator,meta_ads,paid_social,investor_calculator,Jordan Lee,Casey Bennett,New Lead,60,2026-04-29T20:48:31,2026-04-29T21:01:31,,
lead_4a7497ecdb20,2026-02-07T06:19:55,April,Hunter,nbailey@example.net,1 (185) 238-6003,France,Google Ads,High Intent Search,Evergreen,/high-intent-search,google_ads,cpc,high_intent_search,Alex Morgan,Riley Carter,New Lead,54,2026-02-07T06:54:55,2026-02-07T07:24:55,,
lead_c76dbf5d580f,2026-04-01T03:24:12,Joshua,Turner,kbrewer@example.net,1 (317) 152-3910,United States,Google Ads,High Intent Search,Evergreen,/high-intent-search,google_ads,cpc,high_intent_search,Jordan Lee,Morgan Reed,New Lead,55,2026-04-01T06:09:12,2026-04-01T04:09:12,,
lead_9feb803da574,2026-05-14T01:28:02,Dawn,Jackson,elizabeth14@example.org,848-309-3096 x713,Canada,Meta Ads,Evergreen Wealth,Evergreen,/evergreen-wealth,meta_ads,paid_social,evergreen_wealth,Alex Morgan,Riley Carter,Call Booked,48,2026-05-14T03:34:02,2026-05-14T02:08:02,book_e3abc041d362,
lead_1458948ed52d,2026-05-06T05:16:09,Christopher,Ponce,raymondschultz@example.net,213 217 6720,Canada,Email Campaign,Database Reactivation,Evergreen,/database-reactivation,email_campaign,organic,database_reactivation,Jordan Lee,Casey Bennett,New Lead,55,2026-05-06T06:54:09,2026-05-06T05:20:09,,
lead_442fb785aafb,2026-01-09T09:52:26,Catherine,Reese,wilsonpatrick@example.org,820 190 7258,United States,Meta Ads,Investor Calculator,Evergreen,/investor-calculator,meta_ads,paid_social,investor_calculator,Taylor Brooks,Morgan Reed,Consultation Showed,71,2026-01-09T10:23:26,2026-01-09T11:35:26,book_a004323d2e0b,
lead_d8c3840fa8bd,2026-04-05T04:32:59,Sarah,Gonzalez,benjaminarmstrong@example.com,+1 (353) 802-7481,Canada,Meta Ads,Evergreen Wealth,Evergreen,/evergreen-wealth,meta_ads,paid_social,evergreen_wealth,Alex Morgan,Riley Carter,New Lead,76,2026-04-05T06:48:59,2026-04-05T05:43:59,,
lead_645a5ed1b369,2026-03-23T08:59:25,Kathy,Campbell,davisandrew@example.net,+1 (582) 509-5229,United States,Google Ads,Real Estate Mentorship,Evergreen,/real-estate-mentorship,google_ads,cpc,real_estate_mentorship,Jordan Lee,Morgan Reed,Call Booked,60,2026-03-23T09:54:25,2026-03-23T09:34:25,book_e538b6d09fe5,
lead_b091f854d6d5,2026-02-14T05:32:28,Nicholas,Smith,jackierichardson@example.com,+1 (110) 399-5297,Canada,Webinar,VIP Webinar,Webinar,/vip-webinar,webinar,organic,vip_webinar,Jordan Lee,Morgan Reed,New Lead,62,2026-02-14T06:02:28,2026-02-14T05:52:28,,
lead_6fe9222de926,2026-01-15T06:40:23,Kimberly,Perez,rwilson@example.org,+1 (158) 585-6423,Canada,Google Ads,High Intent Search,Evergreen,/high-intent-search,google_ads,cpc,high_intent_search,Alex Morgan,Casey Bennett,New Lead,76,2026-01-15T08:45:23,2026-01-15T07:34:23,,
lead_2563d14829d0,2026-03-30T08:24:40,Jordan,Jones,anthonybranch@example.org,+1 (115) 927-3874,Canada,Meta Ads,Mentorship VSL,Evergreen,/mentorship-vsl,meta_ads,paid_social,mentorship_vsl,Alex Morgan,Casey Bennett,New Lead,50,2026-03-30T09:14:40,2026-03-30T08:53:40,,
lead_112ec741d7d3,2026-02-22T08:52:03,Gabriel,Harvey,fhiggins@example.com,+1 (690) 632-2481,Canada,Webinar,VIP Webinar,Webinar,/vip-webinar,webinar,organic,vip_webinar,Alex Morgan,Riley Carter,New Lead,77,2026-02-22T09:48:03,2026-02-22T09:25:03,,
lead_0b6cf170e7a1,2026-01-27T12:08:35,Luis,Benton,mariacohen@example.net,734-030-1095,Mexico,Organic,Organic Content,Organic,/organic-content,organic,organic,organic_content,Jordan Lee,Casey Bennett,New Lead,21,2026-01-27T12:41:35,2026-01-27T12:18:35,,
lead_dddb562c5e6f,2026-02-12T16:35:30,Sue,Elliott,yrichardson@example.com,557.955.4623,United States,Meta Ads,Investor Calculator,Evergreen,/investor-calculator,meta_ads,paid_social,investor_calculator,Taylor Brooks,Riley Carter,New Lead,38,2026-02-12T17:55:30,2026-02-12T16:56:30,,
lead_04ffafc89d57,2026-01-17T18:59:58,Timothy,Rodriguez,steven01@example.org,(701) 810-3068 x317,Mexico,Webinar,5-Day Investor Challenge,Webinar,/5-day-investor-challenge,webinar,organic,5-day_investor_challenge,Jordan Lee,Morgan Reed,New Lead,65,2026-01-17T20:49:58,2026-01-17T19:21:58,,
lead_2542e7dcb269,2026-02-24T05:01:50,Joshua,Harding,hmartin@example.org,(808) 157-1290 x150,United States,Organic,Organic Content,Organic,/organic-content,organic,organic,organic_content,Taylor Brooks,Morgan Reed,New Lead,80,2026-02-24T05:09:50,2026-02-24T05:24:50,,
lead_4332e17fdece,2026-04-23T12:30:43,Christopher,Romero,pchavez@example.org,335-104-5847 x436,Mexico,Meta Ads,Investor Calculator,Evergreen,/investor-calculator,meta_ads,paid_social,investor_calculator,Taylor Brooks,Morgan Reed,New Lead,62,2026-04-23T13:31:43,2026-04-23T13:13:43,,
lead_b825904e4147,2026-03-23T02:57:28,Danny,Gonzalez,cunninghamhunter@example.net,(657) 669-4703 x180,Canada,Email Campaign,Database Reactivation,Evergreen,/database-reactivation,email_campaign,organic,database_reactivation,Jordan Lee,Riley Carter,New Lead,39,2026-03-23T03:13:28,2026-03-23T03:51:28,,
lead_956a6902db73,2026-03-24T15:53:41,James,Lambert,catherinemoore@example.com,1-466-621-5918,Canada,Webinar,5-Day Investor Challenge,Webinar,/5-day-investor-challenge,webinar,organic,5-day_investor_challenge,Taylor Brooks,Morgan Reed,New Lead,65,2026-03-24T18:13:41,2026-03-24T17:09:41,,
lead_121fc00d81db,2026-01-17T03:14:04,Mariah,Lyons,dsmith@example.com,+1 (166) 145-9011,United States,Google Ads,High Intent Search,Evergreen,/high-intent-search,google_ads,cpc,high_intent_search,Taylor Brooks,Riley Carter,New Lead,40,2026-01-17T05:41:04,2026-01-17T04:10:04,,
lead_30fa29df3bea,2026-01-26T18:28:57,Sergio,Tucker,qmartinez@example.org,149-388-1949,Canada,Google Ads,High Intent Search,Evergreen,/high-intent-search,google_ads,cpc,high_intent_search,Taylor Brooks,Morgan Reed,New Lead,70,2026-01-26T20:04:57,2026-01-26T18:37:57,,
lead_f13f40901672,2026-03-01T04:38:29,Leslie,Contreras,stewartgeorge@example.com,(809) 497-6987 x313,United States,Meta Ads,Mentorship VSL,Evergreen,/mentorship-vsl,meta_ads,paid_social,mentorship_vsl,Taylor Brooks,Riley Carter,New Lead,42,2026-03-01T05:24:29,2026-03-01T05:22:29,,
lead_fe7eb3c3fbc1,2026-04-01T01:16:52,Brittany,Jennings,jreyes@example.net,1-816-612-3740,Mexico,Organic,Organic Content,Organic,/organic-content,organic,organic,organic_content,Jordan Lee,Morgan Reed,Consultation Showed,75,2026-04-01T01:56:52,2026-04-01T01:32:52,book_35cad38b05b2,
lead_a2eadaf12ff1,2026-05-02T17:09:02,Timothy,Adams,mariahgill@example.com,838 994 9919,United States,Webinar,VIP Webinar,Webinar,/vip-webinar,webinar,organic,vip_webinar,Alex Morgan,Riley Carter,New Lead,94,2026-05-02T19:12:02,2026-05-02T17:21:02,,
lead_2e67875d5e50,2026-03-06T15:27:18,Lindsay,Jones,frederick62@example.org,(170) 878-2116,Canada,Meta Ads,Mentorship VSL,Evergreen,/mentorship-vsl,meta_ads,paid_social,mentorship_vsl,Jordan Lee,Casey Bennett,New Lead,68,2026-03-06T17:47:18,2026-03-06T15:43:18,,
lead_55cf30d6c170,2026-06-02T22:54:36,Mary,Guerrero,mccoydonna@example.com,881.359.9898,Canada,Referral,Partner Referral,Referral,/partner-referral,referral,organic,partner_referral,Jordan Lee,Riley Carter,New Lead,77,2026-06-03T01:54:36,2026-06-02T23:19:36,,
lead_a9ed9ed6c645,2026-06-22T10:16:37,Rachel,Merritt,daughertysydney@example.net,(389) 480-1864 x482,Canada,Email Campaign,Database Reactivation,Evergreen,/database-reactivation,email_campaign,organic,database_reactivation,Jordan Lee,Casey Bennett,Consultation Showed,55,2026-06-22T10:34:37,2026-06-22T10:37:37,book_36fdca1586c3,
lead_ff7c21b20ed5,2026-03-13T03:42:05,Katherine,Hayes,alejandra39@example.com,(657) 082-0048 x067,United States,Organic,Organic Content,Organic,/organic-content,organic,organic,organic_content,Taylor Brooks,Morgan Reed,New Lead,41,2026-03-13T04:31:05,2026-03-13T04:16:05,,
lead_f89bc6bb475d,2026-01-27T21:01:04,Thomas,Davis,meganjames@example.org,1-396-112-8794,Canada,Organic,Organic Content,Organic,/organic-content,organic,organic,organic_content,Alex Morgan,Riley Carter,New Lead,49,2026-01-27T22:31:04,2026-01-27T22:00:04,,
lead_325f0e8e00cf,2026-05-27T06:02:34,Carol,Henderson,stevengoodwin@example.net,604-095-3141 x961,Canada,Organic,Organic Content,Organic,/organic-content,organic,organic,organic_content,Jordan Lee,Riley Carter,New Lead,41,2026-05-27T07:04:34,2026-05-27T06:29:34,,
lead_9a0d3343c0b7,2026-01-11T13:48:07,Ronald,Snyder,gregorymitchell@example.net,(783) 565-1796 x240,Canada,Referral,Client Referral,Referral,/client-referral,referral,organic,client_referral,Jordan Lee,Casey Bennett,New Lead,64,2026-01-11T14:09:07,2026-01-11T13:52:07,,
lead_f324ebedee68,2026-04-02T07:07:20,Jacqueline,Campbell,preyes@example.net,1-896-047-8421,United States,Organic,Organic Content,Organic,/organic-content,organic,organic,organic_content,Taylor Brooks,Casey Bennett,New Lead,67,2026-04-02T09:28:20,2026-04-02T10:55:20,,
lead_78e155a61807,2026-06-05T07:49:19,Alexander,Hoffman,cruzernest@example.com,(564) 882-0893,Mexico,Google Ads,Real Estate Mentorship,Evergreen,/real-estate-mentorship,google_ads,cpc,real_estate_mentorship,Alex Morgan,Morgan Reed,New Lead,53,2026-06-05T10:46:19,2026-06-05T08:21:19,,
lead_1c44dda80f41,2026-01-17T22:53:17,Amanda,Patel,christinabeard@example.org,1-167-287-9916,Canada,Webinar,VIP Webinar,Webinar,/vip-webinar,webinar,organic,vip_webinar,Alex Morgan,Casey Bennett,Consultation Showed,76,2026-01-17T23:18:17,2026-01-17T23:26:17,book_8b9565e7269c,
lead_907a9fe46960,2026-01-22T05:40:38,Cindy,Brown,charles19@example.net,(759) 236-1337,Canada,Email Campaign,Database Reactivation,Evergreen,/database-reactivation,email_campaign,organic,database_reactivation,Taylor Brooks,Morgan Reed,New Lead,75,2026-01-22T06:27:38,2026-01-22T05:52:38,,
lead_ccc296323faf,2026-04-12T02:34:48,Patricia,Peterson,bradleyscott@example.net,(216) 502-5447 x241,Canada,Organic,Organic Content,Organic,/organic-content,organic,organic,organic_content,Jordan Lee,Riley Carter,New Lead,68,2026-04-12T05:19:48,2026-04-12T03:32:48,,
lead_b0d6ec97cfcb,2026-04-03T00:33:25,Roy,Santos,heidihill@example.net,+1 (961) 771-8249,Canada,Organic,Organic Content,Organic,/organic-content,organic,organic,organic_content,Taylor Brooks,Riley Carter,New Lead,57,2026-04-03T02:06:25,2026-04-03T01:20:25,,
lead_ad61a36aa1ab,2026-01-13T05:21:57,Ashley,Payne,paynestephanie@example.net,767-821-4174,Mexico,Meta Ads,Evergreen Wealth,Evergreen,/evergreen-wealth,meta_ads,paid_social,evergreen_wealth,Alex Morgan,Riley Carter,New Lead,66,2026-01-13T05:31:57,2026-01-13T06:17:57,,
lead_5b74029b73da,2026-04-23T08:57:32,Zachary,Carney,marydean@example.com,+1 (948) 698-9396,United States,Referral,Client Referral,Referral,/client-referral,referral,organic,client_referral,Jordan Lee,Casey Bennett,New Lead,58,2026-04-23T10:29:32,2026-04-23T09:21:32,,
lead_b5883485a5b4,2026-03-30T22:28:03,Scott,Conrad,sbradley@example.org,1 (359) 450-1192,Canada,Organic,Organic Content,Organic,/organic-content,organic,organic,organic_content,Jordan Lee,Morgan Reed,New Lead,82,2026-03-30T23:50:03,2026-03-30T23:03:03,,
lead_9419fc2df3ec,2026-04-05T00:44:11,Brian,Mcdaniel,pvang@example.net,+1 (905) 117-1603,France,Webinar,5-Day Investor Challenge,Webinar,/5-day-investor-challenge,webinar,organic,5-day_investor_challenge,Alex Morgan,Morgan Reed,New Lead,44,2026-04-05T02:24:11,2026-04-05T00:56:11,,
lead_cc83de284371,2026-02-02T07:18:29,Karen,Peters,uclark@example.org,+1 (721) 894-5590,Mexico,Google Ads,Real Estate Mentorship,Evergreen,/real-estate-mentorship,google_ads,cpc,real_estate_mentorship,Taylor Brooks,Riley Carter,New Lead,58,2026-02-02T10:01:29,2026-02-02T07:55:29,,
lead_7592412d463f,2026-06-12T23:34:08,Todd,Williams,lindsay48@example.net,1-720-466-4896,United States,Meta Ads,Evergreen Wealth,Evergreen,/evergreen-wealth,meta_ads,paid_social,evergreen_wealth,Alex Morgan,Morgan Reed,New Lead,61,2026-06-13T02:29:08,2026-06-13T00:12:08,,
lead_0673f359120e,2026-04-22T13:28:52,Tyler,Williams,abaker@example.com,1 (565) 775-8097,Canada,Meta Ads,Investor Calculator,Evergreen,/investor-calculator,meta_ads,paid_social,investor_calculator,Jordan Lee,Morgan Reed,Consultation Showed,81,2026-04-22T14:05:52,2026-04-22T13:55:52,book_8046e72730d6,
lead_c8be53f635aa,2026-01-07T17:39:46,Kayla,Oconnell,kimberlytrujillo@example.org,+1 (623) 546-6226,Canada,Meta Ads,Mentorship VSL,Evergreen,/mentorship-vsl,meta_ads,paid_social,mentorship_vsl,Jordan Lee,Morgan Reed,New Lead,44,2026-01-07T20:34:46,2026-01-07T17:48:46,,
lead_ba1db6323327,2026-04-14T14:57:23,Jackie,Brown,mchen@example.net,1 (530) 062-2122,Canada,Google Ads,High Intent Search,Evergreen,/high-intent-search,google_ads,cpc,high_intent_search,Alex Morgan,Casey Bennett,New Lead,31,2026-04-14T16:19:23,2026-04-14T15:27:23,,
lead_dbc957e837ca,2026-03-30T22:37:28,Herbert,Gill,epatterson@example.net,246-259-1601 x124,Canada,Email Campaign,Database Reactivation,Evergreen,/database-reactivation,email_campaign,organic,database_reactivation,Taylor Brooks,Riley Carter,Call Booked,84,2026-03-31T00:03:28,2026-03-30T23:05:28,book_6204c4c229a0,
lead_e6e2d81627dd,2026-05-06T16:22:31,Christopher,Bartlett,amanda86@example.org,980-179-8677,Canada,Direct,Direct Traffic,Evergreen,/direct-traffic,direct,organic,direct_traffic,Jordan Lee,Riley Carter,Call Booked,61,2026-05-06T17:42:31,2026-05-06T16:55:31,book_767246bc4c7d,
lead_b7303ec57324,2026-03-07T18:23:01,David,Baxter,beckykhan@example.com,104-726-4261 x212,United States,Referral,Client Referral,Referral,/client-referral,referral,organic,client_referral,Alex Morgan,Morgan Reed,New Lead,57,2026-03-07T18:56:01,2026-03-07T18:35:01,,
lead_9ffe269cbb64,2026-03-01T19:46:01,James,King,bpeterson@example.com,+1 (380) 785-2548,Canada,Referral,Partner Referral,Referral,/partner-referral,referral,organic,partner_referral,Alex Morgan,Casey Bennett,Consultation Showed,62,2026-03-01T19:57:01,2026-03-01T20:10:01,book_82697bedf4af,
lead_0b221617079f,2026-01-11T16:28:31,Kyle,Martinez,wesleyjohns@example.com,1-300-644-5475,United States,Google Ads,Real Estate Mentorship,Evergreen,/real-estate-mentorship,google_ads,cpc,real_estate_mentorship,Taylor Brooks,Riley Carter,Consultation Showed,65,2026-01-11T19:08:31,2026-01-11T18:00:31,book_15b8141b10fe,
lead_d46dc84c4bcc,2026-02-08T00:06:04,Molly,Bruce,rodriguezsheryl@example.org,348-979-1776 x334,Canada,Meta Ads,Investor Calculator,Evergreen,/investor-calculator,meta_ads,paid_social,investor_calculator,Jordan Lee,Riley Carter,New Lead,61,2026-02-08T00:16:04,2026-02-08T00:19:04,,
lead_d83bdf79138f,2026-04-10T09:06:09,Tracy,Johnson,ecohen@example.com,1 (608) 019-6304,Canada,Referral,Partner Referral,Referral,/partner-referral,referral,organic,partner_referral,Jordan Lee,Riley Carter,Consultation Showed,85,2026-04-10T10:51:09,2026-04-10T09:55:09,book_c4c5049d5bca,
lead_d0e5c5235585,2026-06-26T09:40:10,Jennifer,Lee,ylynch@example.org,1 (188) 249-3534,Canada,Organic,Organic Content,Organic,/organic-content,organic,organic,organic_content,Alex Morgan,Riley Carter,Consultation Showed,40,2026-06-26T12:35:10,2026-06-26T11:37:10,book_234bb5b7d1c3,
lead_29b2db72c00c,2026-03-16T23:24:54,Austin,Mccall,robertsonjennifer@example.com,578-481-6524 x445,Canada,Webinar,VIP Webinar,Webinar,/vip-webinar,webinar,organic,vip_webinar,Jordan Lee,Casey Bennett,No Show,47,2026-03-17T01:04:54,2026-03-16T23:41:54,book_7a4aabc3eb2f,
lead_4cd7c7177acd,2026-06-19T18:32:29,Jose,Brown,lorikoch@example.net,479.937.8105,Canada,Meta Ads,Investor Calculator,Evergreen,/investor-calculator,meta_ads,paid_social,investor_calculator,Taylor Brooks,Casey Bennett,Consultation Showed,65,2026-06-19T21:00:29,2026-06-19T18:59:29,book_6922776df6e4,
lead_e076e27a59ac,2026-06-06T01:26:45,Dawn,Martinez,ghorne@example.net,1-386-999-6988,Canada,Webinar,VIP Webinar,Webinar,/vip-webinar,webinar,organic,vip_webinar,Taylor Brooks,Casey Bennett,New Lead,65,2026-06-06T03:24:45,2026-06-06T02:38:45,,
lead_3ec36acec749,2026-01-28T02:25:57,Nicole,Duran,torrestricia@example.com,271 472 4630,Canada,Webinar,VIP Webinar,Webinar,/vip-webinar,webinar,organic,vip_webinar,Alex Morgan,Morgan Reed,New Lead,70,2026-01-28T05:00:57,2026-01-28T02:50:57,,
lead_f9c05454928b,2026-03-07T03:09:19,Michelle,Downs,lpage@example.com,238 397 2833,Mexico,Meta Ads,Mentorship VSL,Evergreen,/mentorship-vsl,meta_ads,paid_social,mentorship_vsl,Taylor Brooks,Casey Bennett,New Lead,91,2026-03-07T03:30:19,2026-03-07T03:25:19,,
lead_854fec5bf0a3,2026-05-05T01:03:06,Edward,Rodriguez,kjohnson@example.net,(228) 809-8322,Canada,Meta Ads,Investor Calculator,Evergreen,/investor-calculator,meta_ads,paid_social,investor_calculator,Taylor Brooks,Casey Bennett,New Lead,60,2026-05-05T02:17:06,2026-05-05T01:12:06,,
lead_8d27447903ca,2026-02-08T16:36:27,Bradley,Wilson,jerrysmall@example.org,986.766.1008,Mexico,Webinar,5-Day Investor Challenge,Webinar,/5-day-investor-challenge,webinar,organic,5-day_investor_challenge,Jordan Lee,Riley Carter,Cancelled,65,2026-02-08T17:28:27,2026-02-08T19:23:27,book_87d8e97d5a38,
lead_1e2345746479,2026-06-12T01:26:56,Samantha,Rhodes,jmartinez@example.org,1-635-614-0384,Canada,Organic,Organic Content,Organic,/organic-content,organic,organic,organic_content,Taylor Brooks,Riley Carter,Consultation Showed,51,2026-06-12T04:00:56,2026-06-12T01:54:56,book_6c54fab074ab,
lead_4477ec1be6d2,2026-06-03T15:21:01,Debra,Davidson,lawrencekari@example.com,1-268-235-4695,Canada,Organic,Organic Content,Organic,/organic-content,organic,organic,organic_content,Jordan Lee,Riley Carter,New Lead,79,2026-06-03T15:26:01,2026-06-03T15:49:01,,
lead_e158c9293f67,2026-01-25T02:42:23,Austin,Gonzalez,bryantkaren@example.org,154-596-7150,United States,Webinar,VIP Webinar,Webinar,/vip-webinar,webinar,organic,vip_webinar,Jordan Lee,Casey Bennett,New Lead,92,2026-01-25T05:34:23,2026-01-25T02:47:23,,
lead_6fa5afa4a509,2026-05-06T04:55:11,Ryan,Compton,fhenderson@example.org,965-411-3407,Canada,Meta Ads,Mentorship VSL,Evergreen,/mentorship-vsl,meta_ads,paid_social,mentorship_vsl,Jordan Lee,Casey Bennett,Consultation Showed,53,2026-05-06T06:02:11,2026-05-06T05:05:11,book_d7cdec77a5dd,
lead_c4db33e4a67f,2026-04-27T07:02:09,Mario,Ross,kelsey70@example.net,358-366-8348,Canada,Direct,Direct Traffic,Evergreen,/direct-traffic,direct,organic,direct_traffic,Taylor Brooks,Casey Bennett,New Lead,67,2026-04-27T08:39:09,2026-04-27T07:25:09,,
lead_5d72a26aa20f,2026-05-15T19:24:59,Nicholas,Swanson,mmoore@example.com,883-868-8891,Canada,Webinar,VIP Webinar,Webinar,/vip-webinar,webinar,organic,vip_webinar,Taylor Brooks,Riley Carter,Consultation Showed,75,2026-05-15T19:59:59,2026-05-15T19:33:59,book_ca0ba0234b5f,
lead_d62490e84c0e,2026-02-01T14:55:23,Allison,Fleming,eharrington@example.com,759-625-7197,Canada,Meta Ads,Investor Calculator,Evergreen,/investor-calculator,meta_ads,paid_social,investor_calculator,Jordan Lee,Casey Bennett,New Lead,33,2026-02-01T17:28:23,2026-02-01T17:42:23,,
lead_f0d0b5c06db6,2026-03-11T09:32:13,Andrew,Wheeler,andrewmiller@example.com,1 (978) 982-6041,Canada,Webinar,5-Day Investor Challenge,Webinar,/5-day-investor-challenge,webinar,organic,5-day_investor_challenge,Jordan Lee,Casey Bennett,Consultation Showed,56,2026-03-11T10:18:13,2026-03-11T10:10:13,book_af95a8c3e413,
lead_1eadbe958ac7,2026-01-10T11:01:40,Melissa,Juarez,sarah17@example.com,1 (885) 177-7412,Canada,Referral,Client Referral,Referral,/client-referral,referral,organic,client_referral,Taylor Brooks,Morgan Reed,Consultation Showed,67,2026-01-10T12:20:40,2026-01-10T11:47:40,book_7aa39d3ffb8d,
lead_5e2b90026c4f,2026-05-29T11:42:38,Kenneth,Guzman,davisemily@example.net,(824) 199-6264 x222,Canada,Organic,Organic Content,Organic,/organic-content,organic,organic,organic_content,Alex Morgan,Riley Carter,Call Booked,65,2026-05-29T12:11:38,2026-05-29T12:01:38,book_0028b98743b4,
lead_a41d7f431375,2026-06-10T13:16:11,Matthew,Matthews,tbrown@example.com,1 (642) 185-4570,United States,Meta Ads,Investor Calculator,Evergreen,/investor-calculator,meta_ads,paid_social,investor_calculator,Jordan Lee,Riley Carter,New Lead,53,2026-06-10T16:16:11,2026-06-10T15:36:11,,
lead_14bb9b13458c,2026-01-19T14:36:57,Ryan,Wagner,kirkdonald@example.com,309-001-6356 x407,Canada,Referral,Client Referral,Referral,/client-referral,referral,organic,client_referral,Alex Morgan,Morgan Reed,New Lead,46,2026-01-19T16:57:57,2026-01-19T15:34:57,,
lead_5ca0a2d6df08,2026-03-14T10:22:19,Jason,Taylor,gbraun@example.org,(895) 400-1788 x224,Canada,Meta Ads,Investor Calculator,Evergreen,/investor-calculator,meta_ads,paid_social,investor_calculator,Alex Morgan,Morgan Reed,Consultation Showed,65,2026-03-14T12:31:19,2026-03-14T10:37:19,book_22fb4153b369,
lead_e563b411cc4a,2026-02-12T22:27:48,John,Taylor,ijones@example.com,671-058-0119,United States,Meta Ads,Mentorship VSL,Evergreen,/mentorship-vsl,meta_ads,paid_social,mentorship_vsl,Taylor Brooks,Riley Carter,New Lead,62,2026-02-12T23:20:48,2026-02-13T00:15:48,,
lead_7d960cee487b,2026-03-23T00:58:28,Theresa,Bishop,gblackwell@example.net,352.610.5370,Mexico,Referral,Partner Referral,Referral,/partner-referral,referral,organic,partner_referral,Alex Morgan,Morgan Reed,New Lead,67,2026-03-23T03:00:28,2026-03-23T01:23:28,,
lead_89390da02697,2026-03-09T14:46:32,James,Johnson,pachecobrittney@example.net,507-418-9485,United States,Email Campaign,Database Reactivation,Evergreen,/database-reactivation,email_campaign,organic,database_reactivation,Alex Morgan,Casey Bennett,Consultation Showed,67,2026-03-09T16:10:32,2026-03-09T14:58:32,book_0beeb16af758,
lead_b3f3523ec972,2026-02-03T10:32:36,Jeremy,Brewer,jgutierrez@example.net,(265) 294-4716,Canada,Webinar,VIP Webinar,Webinar,/vip-webinar,webinar,organic,vip_webinar,Alex Morgan,Morgan Reed,No Show,59,2026-02-03T11:54:36,2026-02-03T11:39:36,book_f09f22494bb9,
lead_1f8a89632eee,2026-01-28T15:26:33,Susan,Mcguire,tiffanyharris@example.com,(413) 104-5025 x896,Canada,Meta Ads,Mentorship VSL,Evergreen,/mentorship-vsl,meta_ads,paid_social,mentorship_vsl,Alex Morgan,Morgan Reed,Consultation Showed,61,2026-01-28T16:29:33,2026-01-28T15:48:33,book_8561adc21305,
lead_b1a7bd7f1380,2026-05-15T03:26:45,Gabrielle,Jones,jason57@example.com,(835) 268-0648 x606,Canada,Direct,Direct Traffic,Evergreen,/direct-traffic,direct,organic,direct_traffic,Jordan Lee,Casey Bennett,New Lead,56,2026-05-15T03:59:45,2026-05-15T03:49:45,,
lead_625714b8fe1a,2026-01-07T08:49:30,James,Kelley,patricia88@example.org,(142) 536-4628 x055,Canada,Meta Ads,Evergreen Wealth,Evergreen,/evergreen-wealth,meta_ads,paid_social,evergreen_wealth,Alex Morgan,Casey Bennett,New Lead,51,2026-01-07T11:42:30,2026-01-07T11:46:30,,
lead_a893c064bb22,2026-01-09T09:42:23,Sean,Wallace,janet65@example.com,1 (151) 562-3920,Canada,Meta Ads,Investor Calculator,Evergreen,/investor-calculator,meta_ads,paid_social,investor_calculator,Alex Morgan,Morgan Reed,New Lead,47,2026-01-09T10:03:23,2026-01-09T10:06:23,,
lead_35c0c2f26a02,2026-04-25T02:25:43,Amber,Cook,daniel74@example.net,291-311-1786,Canada,Webinar,5-Day Investor Challenge,Webinar,/5-day-investor-challenge,webinar,organic,5-day_investor_challenge,Jordan Lee,Morgan Reed,New Lead,64,2026-04-25T03:21:43,2026-04-25T03:25:43,,
lead_6a7595b62d70,2026-02-23T20:39:51,Carolyn,Parks,markphillips@example.com,+1 (502) 206-9535,Canada,Meta Ads,Mentorship VSL,Evergreen,/mentorship-vsl,meta_ads,paid_social,mentorship_vsl,Alex Morgan,Riley Carter,New Lead,78,2026-02-23T23:12:51,2026-02-23T20:58:51,,
lead_2041efcc01ff,2026-04-09T01:02:51,Holly,Miller,whitneyorozco@example.net,127 595 0026,Canada,Webinar,5-Day Investor Challenge,Webinar,/5-day-investor-challenge,webinar,organic,5-day_investor_challenge,Taylor Brooks,Morgan Reed,New Lead,57,2026-04-09T03:32:51,2026-04-09T02:45:51,,
lead_e757b1fd9842,2026-02-24T17:32:52,Christian,Rodriguez,michellearias@example.com,1-879-507-4071,Mexico,Organic,Organic Content,Organic,/organic-content,organic,organic,organic_content,Taylor Brooks,Morgan Reed,New Lead,74,2026-02-24T18:20:52,2026-02-24T17:39:52,,
lead_36bff22f3b3e,2026-06-29T11:14:01,Janet,Richard,dlarson@example.com,1 (503) 100-6493,Mexico,Direct,Direct Traffic,Evergreen,/direct-traffic,direct,organic,direct_traffic,Taylor Brooks,Casey Bennett,Consultation Showed,70,2026-06-29T12:13:01,2026-06-29T11:33:01,book_1deb32ad985b,
lead_73c124f35153,2026-03-27T08:59:28,Kendra,Smith,smithmichael@example.org,(260) 894-1184,France,Google Ads,High Intent Search,Evergreen,/high-intent-search,google_ads,cpc,high_intent_search,Alex Morgan,Casey Bennett,No Show,72,2026-03-27T11:56:28,2026-03-27T09:05:28,book_cb547d71e510,
lead_6a4b1563a0b6,2026-02-11T14:35:21,Stephanie,Mooney,nicole92@example.net,1 (253) 595-2056,Canada,Direct,Direct Traffic,Evergreen,/direct-traffic,direct,organic,direct_traffic,Alex Morgan,Casey Bennett,No Show,69,2026-02-11T16:51:21,2026-02-11T14:47:21,book_056ffa1fa346,
lead_7de1376fd2a6,2026-04-11T22:06:21,Arthur,Russell,khudson@example.org,869-680-1867,Canada,Meta Ads,Evergreen Wealth,Evergreen,/evergreen-wealth,meta_ads,paid_social,evergreen_wealth,Jordan Lee,Riley Carter,New Lead,42,2026-04-11T22:45:21,2026-04-11T22:39:21,,
lead_149b319fbab0,2026-01-08T21:14:58,Jose,Osborne,wendymason@example.net,133 944 9530,Canada,Meta Ads,Mentorship VSL,Evergreen,/mentorship-vsl,meta_ads,paid_social,mentorship_vsl,Alex Morgan,Casey Bennett,New Lead,68,2026-01-08T21:40:58,2026-01-08T21:37:58,,
lead_badaefbb6d86,2026-05-23T22:49:17,Philip,Ellis,matthewsmith@example.org,1 (301) 736-5426,United States,Meta Ads,Mentorship VSL,Evergreen,/mentorship-vsl,meta_ads,paid_social,mentorship_vsl,Jordan Lee,Morgan Reed,New Lead,66,2026-05-24T00:13:17,2026-05-23T23:25:17,,
lead_0fd9325de343,2026-06-16T02:17:34,Justin,Stevens,isaiah02@example.net,133 451 1009,Canada,Organic,Organic Content,Organic,/organic-content,organic,organic,organic_content,Alex Morgan,Casey Bennett,New Lead,30,2026-06-16T04:11:34,2026-06-16T04:57:34,,
lead_e6572a6e566a,2026-02-04T19:35:09,Dawn,Stafford,kellyadam@example.net,(368) 430-2116 x673,France,Email Campaign,Database Reactivation,Evergreen,/database-reactivation,email_campaign,organic,database_reactivation,Jordan Lee,Riley Carter,Call Booked,58,2026-02-04T19:43:09,2026-02-04T21:35:09,book_5cc8c823e033,
lead_4eba4a71652c,2026-04-12T11:46:59,Christina,Smith,susan75@example.net,(787) 592-1299 x642,United States,Meta Ads,Investor Calculator,Evergreen,/investor-calculator,meta_ads,paid_social,investor_calculator,Alex Morgan,Morgan Reed,New Lead,36,2026-04-12T14:39:59,2026-04-12T12:02:59,,
lead_7727d3d314b9,2026-05-24T23:19:27,Brandon,Ashley,robertbrock@example.org,827-558-2147,Canada,Google Ads,High Intent Search,Evergreen,/high-intent-search,google_ads,cpc,high_intent_search,Alex Morgan,Casey Bennett,New Lead,72,2026-05-25T00:07:27,2026-05-24T23:47:27,,
lead_fd87c9ed34e8,2026-01-24T20:06:47,Pamela,Neal,aaronwallace@example.org,1 (323) 802-3621,Mexico,Meta Ads,Investor Calculator,Evergreen,/investor-calculator,meta_ads,paid_social,investor_calculator,Taylor Brooks,Casey Bennett,New Lead,81,2026-01-24T21:10:47,2026-01-24T20:35:47,,
lead_98efc4d73ad1,2026-05-29T17:41:20,Carlos,Meadows,boydrenee@example.net,959-161-1863,Canada,Meta Ads,Mentorship VSL,Evergreen,/mentorship-vsl,meta_ads,paid_social,mentorship_vsl,Taylor Brooks,Casey Bennett,New Lead,57,2026-05-29T20:14:20,2026-05-29T17:51:20,,
lead_ed8039027e98,2026-04-05T02:05:12,Nathan,Pierce,crossnicole@example.net,472-168-8005 x378,Canada,Google Ads,Real Estate Mentorship,Evergreen,/real-estate-mentorship,google_ads,cpc,real_estate_mentorship,Jordan Lee,Morgan Reed,New Lead,63,2026-04-05T04:20:12,2026-04-05T02:17:12,,
lead_86b1f33c6395,2026-04-07T13:27:49,Carlos,Werner,williamperkins@example.org,(345) 401-8227 x200,United States,Meta Ads,Investor Calculator,Evergreen,/investor-calculator,meta_ads,paid_social,investor_calculator,Alex Morgan,Morgan Reed,New Lead,50,2026-04-07T14:31:49,2026-04-07T14:34:49,,
lead_37437f58123c,2026-06-11T05:32:11,Andrea,Gilbert,colleenroberson@example.org,320 414 4743,Canada,Meta Ads,Evergreen Wealth,Evergreen,/evergreen-wealth,meta_ads,paid_social,evergreen_wealth,Alex Morgan,Morgan Reed,New Lead,61,2026-06-11T05:54:11,2026-06-11T05:36:11,,
lead_c06f9658c13f,2026-01-30T15:48:15,Sandra,Dalton,jonesterri@example.com,(402) 020-3042,United States,Google Ads,Real Estate Mentorship,Evergreen,/real-estate-mentorship,google_ads,cpc,real_estate_mentorship,Alex Morgan,Morgan Reed,New Lead,63,2026-01-30T17:10:15,2026-01-30T16:34:15,,
lead_6cc45bb69454,2026-06-03T22:23:46,Melissa,Anderson,ijimenez@example.net,135.302.8165,Canada,Referral,Client Referral,Referral,/client-referral,referral,organic,client_referral,Taylor Brooks,Casey Bennett,New Lead,49,2026-06-04T00:27:46,2026-06-03T23:51:46,,
lead_159a80e59f72,2026-04-16T07:56:41,Richard,Foster,flemingmallory@example.com,(477) 756-9198,Mexico,Organic,Organic Content,Organic,/organic-content,organic,organic,organic_content,Taylor Brooks,Riley Carter,New Lead,76,2026-04-16T09:28:41,2026-04-16T08:53:41,,
lead_9dfd0d249277,2026-03-25T13:50:21,David,Jones,pearsonvicki@example.org,+1 (417) 469-0298,Canada,Meta Ads,Evergreen Wealth,Evergreen,/evergreen-wealth,meta_ads,paid_social,evergreen_wealth,Jordan Lee,Casey Bennett,New Lead,63,2026-03-25T14:25:21,2026-03-25T13:57:21,,
lead_88c5e126f706,2026-01-07T09:08:15,David,Glover,john84@example.org,+1 (162) 291-3167,Canada,Google Ads,High Intent Search,Evergreen,/high-intent-search,google_ads,cpc,high_intent_search,Jordan Lee,Riley Carter,Consultation Showed,56,2026-01-07T09:58:15,2026-01-07T09:30:15,book_c44363cef591,
lead_a8af2dba7d29,2026-01-27T02:45:38,Walter,Richardson,tanya66@example.com,663-621-9865,United States,Meta Ads,Investor Calculator,Evergreen,/investor-calculator,meta_ads,paid_social,investor_calculator,Jordan Lee,Morgan Reed,New Lead,49,2026-01-27T04:09:38,2026-01-27T03:28:38,,
lead_988d4f26c83f,2026-05-09T04:11:21,Bruce,Perkins,kevin07@example.com,+1 (534) 933-9650,United States,Organic,Organic Content,Organic,/organic-content,organic,organic,organic_content,Taylor Brooks,Casey Bennett,New Lead,58,2026-05-09T06:37:21,2026-05-09T04:30:21,,
lead_ce8e34c0c017,2026-04-09T09:19:24,Deborah,Bennett,klopez@example.com,661 142 4362,Canada,Organic,Organic Content,Organic,/organic-content,organic,organic,organic_content,Jordan Lee,Riley Carter,New Lead,40,2026-04-09T09:38:24,2026-04-09T09:32:24,,
lead_4eadf810e5a5,2026-05-29T20:00:45,Shelley,Peters,joseph21@example.net,(280) 879-9196 x234,Canada,Direct,Direct Traffic,Evergreen,/direct-traffic,direct,organic,direct_traffic,Alex Morgan,Riley Carter,New Lead,38,2026-05-29T21:17:45,2026-05-29T20:57:45,,
lead_33dc25335f54,2026-03-09T17:53:01,Diane,Duncan,mbaker@example.net,1 (432) 472-5058,Canada,Meta Ads,Investor Calculator,Evergreen,/investor-calculator,meta_ads,paid_social,investor_calculator,Taylor Brooks,Casey Bennett,New Lead,64,2026-03-09T20:27:01,2026-03-09T18:49:01,,
lead_73b4717b92c6,2026-03-09T00:28:59,Jeffrey,Green,stacyjohnson@example.net,(611) 587-6054,Canada,Google Ads,Real Estate Mentorship,Evergreen,/real-estate-mentorship,google_ads,cpc,real_estate_mentorship,Alex Morgan,Riley Carter,New Lead,47,2026-03-09T02:04:59,2026-03-09T00:36:59,,
lead_734d02f345a7,2026-05-06T20:17:05,Michelle,Osborne,khendricks@example.net,1-475-769-4535,Canada,Meta Ads,Evergreen Wealth,Evergreen,/evergreen-wealth,meta_ads,paid_social,evergreen_wealth,Taylor Brooks,Morgan Reed,Call Booked,41,2026-05-06T21:41:05,2026-05-06T21:43:05,book_32ed3eeeb0eb,
lead_587d42c1cf5d,2026-03-07T13:18:11,Samuel,Elliott,phillip98@example.com,163.421.2545,Canada,Webinar,5-Day Investor Challenge,Webinar,/5-day-investor-challenge,webinar,organic,5-day_investor_challenge,Jordan Lee,Morgan Reed,New Lead,75,2026-03-07T14:06:11,2026-03-07T13:40:11,,
lead_1ea392297439,2026-04-21T07:18:07,Amanda,Odonnell,sara94@example.net,752.692.5596,Mexico,Organic,Organic Content,Organic,/organic-content,organic,organic,organic_content,Jordan Lee,Morgan Reed,Consultation Showed,53,2026-04-21T09:34:07,2026-04-21T08:19:07,book_d41d85e65db9,
lead_5ccdf0d5dc98,2026-03-03T11:03:49,Kevin,Griffin,castanedajohn@example.com,1-523-591-4261,Canada,Referral,Partner Referral,Referral,/partner-referral,referral,organic,partner_referral,Jordan Lee,Riley Carter,New Lead,90,2026-03-03T12:44:49,2026-03-03T11:23:49,,
lead_7db2f6623392,2026-01-20T10:17:52,Brian,Contreras,debra93@example.org,761 454 3079,Canada,Meta Ads,Investor Calculator,Evergreen,/investor-calculator,meta_ads,paid_social,investor_calculator,Jordan Lee,Riley Carter,New Lead,71,2026-01-20T13:14:52,2026-01-20T12:30:52,,
lead_4fa18a841285,2026-02-02T08:32:20,Jeffrey,Townsend,damonsolomon@example.org,681-785-2211,Canada,Webinar,VIP Webinar,Webinar,/vip-webinar,webinar,organic,vip_webinar,Jordan Lee,Morgan Reed,Cancelled,54,2026-02-02T11:14:20,2026-02-02T09:07:20,book_fdac4add9459,
lead_d2279fdef240,2026-06-13T04:27:24,Jessica,Griffin,lucas35@example.net,1-826-874-4701,Canada,Organic,Organic Content,Organic,/organic-content,organic,organic,organic_content,Jordan Lee,Morgan Reed,New Lead,66,2026-06-13T06:49:24,2026-06-13T04:44:24,,
lead_4ce512919d68,2026-03-20T01:34:59,James,Hanna,holtrobert@example.com,737 772 9665,United States,Meta Ads,Mentorship VSL,Evergreen,/mentorship-vsl,meta_ads,paid_social,mentorship_vsl,Alex Morgan,Riley Carter,New Lead,79,2026-03-20T02:36:59,2026-03-20T02:20:59,,
lead_b0e7ea7ccc84,2026-04-25T22:17:21,Jacob,Mcdonald,ramirezbryan@example.org,1 (127) 810-5580,Canada,Webinar,5-Day Investor Challenge,Webinar,/5-day-investor-challenge,webinar,organic,5-day_investor_challenge,Taylor Brooks,Riley Carter,New Lead,43,2026-04-25T23:48:21,2026-04-25T23:12:21,,
lead_ab0cf4727677,2026-03-09T10:36:43,Anthony,Hernandez,jessicajones@example.org,1 (273) 160-9439,United States,Organic,Organic Content,Organic,/organic-content,organic,organic,organic_content,Jordan Lee,Riley Carter,New Lead,41,2026-03-09T11:00:43,2026-03-09T11:52:43,,
lead_b2b9fa7af0bd,2026-05-09T19:55:56,Kayla,Robinson,orice@example.net,672.031.3695,Canada,Webinar,VIP Webinar,Webinar,/vip-webinar,webinar,organic,vip_webinar,Jordan Lee,Casey Bennett,Consultation Showed,71,2026-05-09T22:18:56,2026-05-09T20:19:56,book_73ad5727a1ce,
lead_bba36cbf2c4d,2026-03-30T00:11:54,Jenna,Holmes,uthompson@example.org,497 352 5953,United States,Meta Ads,Mentorship VSL,Evergreen,/mentorship-vsl,meta_ads,paid_social,mentorship_vsl,Alex Morgan,Morgan Reed,New Lead,100,2026-03-30T03:07:54,2026-03-30T02:54:54,,
lead_c8954b6706bd,2026-04-23T00:17:04,Eddie,Hernandez,nperez@example.org,(799) 204-5735 x323,Canada,Referral,Partner Referral,Referral,/partner-referral,referral,organic,partner_referral,Taylor Brooks,Casey Bennett,Consultation Showed,64,2026-04-23T02:29:04,2026-04-23T01:10:04,book_3c865ea93665,
lead_3162e9615e52,2026-04-14T10:39:07,Ronald,Hunter,harrisonchristopher@example.org,(170) 826-9718 x236,Mexico,Meta Ads,Mentorship VSL,Evergreen,/mentorship-vsl,meta_ads,paid_social,mentorship_vsl,Jordan Lee,Riley Carter,New Lead,71,2026-04-14T13:21:07,2026-04-14T11:29:07,,
lead_686ffa9c606f,2026-04-12T09:57:09,Corey,Henry,randygomez@example.net,(788) 217-6484,Canada,Webinar,5-Day Investor Challenge,Webinar,/5-day-investor-challenge,webinar,organic,5-day_investor_challenge,Alex Morgan,Morgan Reed,New Lead,96,2026-04-12T10:53:09,2026-04-12T10:22:09,,
lead_66bd4599def6,2026-05-29T15:37:43,Timothy,Nguyen,david33@example.net,622 801 9442,Mexico,Meta Ads,Mentorship VSL,Evergreen,/mentorship-vsl,meta_ads,paid_social,mentorship_vsl,Jordan Lee,Casey Bennett,New Lead,65,2026-05-29T16:58:43,2026-05-29T16:16:43,,
lead_08e9d948a2ca,2026-05-04T02:18:58,Ann,Santiago,jenniferortega@example.net,625 606 2953,Mexico,Webinar,5-Day Investor Challenge,Webinar,/5-day-investor-challenge,webinar,organic,5-day_investor_challenge,Jordan Lee,Casey Bennett,New Lead,73,2026-05-04T03:15:58,2026-05-04T03:14:58,,
lead_1618769b3fb7,2026-05-14T08:58:33,Diana,Mccullough,marissareid@example.net,831-180-4674 x130,Canada,Referral,Client Referral,Referral,/client-referral,referral,organic,client_referral,Alex Morgan,Morgan Reed,New Lead,57,2026-05-14T11:36:33,2026-05-14T10:02:33,,
lead_ba4fe0176364,2026-02-17T16:30:59,Elizabeth,Perez,kelsey85@example.org,413-626-0846,Canada,Meta Ads,Evergreen Wealth,Evergreen,/evergreen-wealth,meta_ads,paid_social,evergreen_wealth,Taylor Brooks,Casey Bennett,Consultation Showed,40,2026-02-17T17:54:59,2026-02-17T16:51:59,book_1e10021c4cb1,
lead_fa27a0bb1b59,2026-02-09T05:20:38,Ashley,Cortez,paul54@example.com,755-491-2151,Canada,Google Ads,High Intent Search,Evergreen,/high-intent-search,google_ads,cpc,high_intent_search,Alex Morgan,Casey Bennett,New Lead,69,2026-02-09T06:05:38,2026-02-09T06:07:38,,
lead_2a323ecf0900,2026-05-08T21:37:40,Tiffany,Adams,knightsamantha@example.com,1 (664) 091-9693,Canada,Webinar,VIP Webinar,Webinar,/vip-webinar,webinar,organic,vip_webinar,Alex Morgan,Riley Carter,Cancelled,94,2026-05-09T00:02:40,2026-05-08T22:24:40,book_5e6e1e14722e,
lead_f2b1db63d162,2026-01-11T17:50:37,Shannon,Crawford,brianlara@example.org,342-620-1971,Canada,Organic,Organic Content,Organic,/organic-content,organic,organic,organic_content,Jordan Lee,Morgan Reed,New Lead,68,2026-01-11T18:16:37,2026-01-11T18:22:37,,
lead_408c5475e339,2026-06-24T03:15:58,Jessica,Davis,charles39@example.org,+1 (996) 789-7609,United States,Webinar,VIP Webinar,Webinar,/vip-webinar,webinar,organic,vip_webinar,Alex Morgan,Casey Bennett,New Lead,61,2026-06-24T04:53:58,2026-06-24T03:28:58,,
lead_08c14fea866e,2026-02-15T20:01:53,Thomas,Jones,ehenry@example.org,992.276.0759,Canada,Email Campaign,Database Reactivation,Evergreen,/database-reactivation,email_campaign,organic,database_reactivation,Taylor Brooks,Morgan Reed,New Lead,70,2026-02-15T20:34:53,2026-02-15T20:58:53,,
lead_83315ddeb61c,2026-04-07T09:37:47,Amanda,Alvarez,ogomez@example.org,1-931-916-5430,Canada,Organic,Organic Content,Organic,/organic-content,organic,organic,organic_content,Alex Morgan,Casey Bennett,New Lead,56,2026-04-07T10:05:47,2026-04-07T10:03:47,,
lead_62380656ca7d,2026-05-24T03:46:13,Emily,Floyd,hunter12@example.org,519 150 5764,Mexico,Meta Ads,Mentorship VSL,Evergreen,/mentorship-vsl,meta_ads,paid_social,mentorship_vsl,Taylor Brooks,Morgan Reed,New Lead,52,2026-05-24T05:30:13,2026-05-24T03:55:13,,
lead_7d2046291f89,2026-01-29T00:23:01,Anna,Bryant,timothy00@example.org,+1 (587) 644-8676,Canada,Email Campaign,Database Reactivation,Evergreen,/database-reactivation,email_campaign,organic,database_reactivation,Jordan Lee,Casey Bennett,Consultation Showed,66,2026-01-29T00:55:01,2026-01-29T01:30:01,book_b9d5fae9c973,
lead_95f3c1ac3d79,2026-04-06T05:14:11,Ashley,Watkins,nicole16@example.org,+1 (656) 045-0063,Canada,Google Ads,High Intent Search,Evergreen,/high-intent-search,google_ads,cpc,high_intent_search,Alex Morgan,Casey Bennett,Consultation Showed,58,2026-04-06T07:35:11,2026-04-06T06:03:11,book_346b39cae358,
lead_6b48f92311c4,2026-05-13T13:47:30,Leroy,Walker,benjaminstevenson@example.com,+1 (792) 771-1952,France,Organic,Organic Content,Organic,/organic-content,organic,organic,organic_content,Alex Morgan,Casey Bennett,New Lead,46,2026-05-13T14:55:30,2026-05-13T14:20:30,,
lead_677d638be5c1,2026-06-09T11:50:24,Jeffrey,Harris,brittney02@example.com,1 (412) 827-6364,Canada,Organic,Organic Content,Organic,/organic-content,organic,organic,organic_content,Taylor Brooks,Morgan Reed,New Lead,63,2026-06-09T13:13:24,2026-06-09T12:47:24,,
lead_3b35ab5926a9,2026-05-15T02:48:48,Vanessa,Castaneda,sabrina98@example.net,1 (596) 546-6345,Canada,Webinar,5-Day Investor Challenge,Webinar,/5-day-investor-challenge,webinar,organic,5-day_investor_challenge,Taylor Brooks,Casey Bennett,New Lead,58,2026-05-15T05:44:48,2026-05-15T03:37:48,,
lead_198bab487ca3,2026-03-12T11:01:38,Nancy,Mcmahon,julie44@example.org,1-591-699-9393,Canada,Meta Ads,Mentorship VSL,Evergreen,/mentorship-vsl,meta_ads,paid_social,mentorship_vsl,Alex Morgan,Casey Bennett,Consultation Showed,75,2026-03-12T14:01:38,2026-03-12T11:06:38,book_8fd971992b69,
lead_76e0ae7042ce,2026-06-30T02:29:51,Joshua,Hayes,baileynelson@example.com,1-908-822-3095,Canada,Google Ads,Real Estate Mentorship,Evergreen,/real-estate-mentorship,google_ads,cpc,real_estate_mentorship,Alex Morgan,Casey Bennett,New Lead,43,2026-06-30T03:39:51,2026-06-30T02:51:51,,
lead_920780dd16cb,2026-06-27T20:21:37,Robert,Jacobs,ncummings@example.net,(389) 413-2109 x720,United States,Meta Ads,Evergreen Wealth,Evergreen,/evergreen-wealth,meta_ads,paid_social,evergreen_wealth,Taylor Brooks,Casey Bennett,New Lead,50,2026-06-27T22:18:37,2026-06-27T21:18:37,,
lead_dfed7397e986,2026-06-18T05:55:28,Darius,Mendoza,mendozakevin@example.net,1 (134) 655-7922,Mexico,Webinar,VIP Webinar,Webinar,/vip-webinar,webinar,organic,vip_webinar,Jordan Lee,Casey Bennett,New Lead,76,2026-06-18T06:20:28,2026-06-18T07:12:28,,
lead_7bf98403b62a,2026-05-20T07:15:40,John,Williams,ashley46@example.org,293 900 2512,Mexico,Webinar,VIP Webinar,Webinar,/vip-webinar,webinar,organic,vip_webinar,Alex Morgan,Morgan Reed,New Lead,45,2026-05-20T09:08:40,2026-05-20T08:12:40,,
lead_9f23e7d080d5,2026-03-10T07:46:09,James,Shields,michele58@example.net,+1 (435) 957-0861,United States,Referral,Partner Referral,Referral,/partner-referral,referral,organic,partner_referral,Taylor Brooks,Riley Carter,New Lead,71,2026-03-10T09:38:09,2026-03-10T09:13:09,,
lead_ed19b301b282,2026-01-06T07:27:51,Sheryl,Green,angela34@example.net,1 (166) 311-3885,United States,Meta Ads,Mentorship VSL,Evergreen,/mentorship-vsl,meta_ads,paid_social,mentorship_vsl,Alex Morgan,Riley Carter,New Lead,59,2026-01-06T07:45:51,2026-01-06T07:51:51,,
lead_055bc1a1e020,2026-01-01T14:20:03,Nicole,Phillips,jamesrussell@example.net,403 347 4246,Canada,Google Ads,High Intent Search,Evergreen,/high-intent-search,google_ads,cpc,high_intent_search,Jordan Lee,Casey Bennett,New Lead,64,2026-01-01T16:07:03,2026-01-01T14:27:03,,
lead_fa01e79bcfcc,2026-01-31T15:30:21,Diana,Smith,elizabethklein@example.com,(368) 008-5294 x690,Canada,Organic,Organic Content,Organic,/organic-content,organic,organic,organic_content,Taylor Brooks,Morgan Reed,New Lead,36,2026-01-31T16:38:21,2026-01-31T15:44:21,,
lead_056650816328,2026-06-03T21:58:50,Olivia,Valdez,skim@example.org,343-043-5023 x850,Canada,Webinar,VIP Webinar,Webinar,/vip-webinar,webinar,organic,vip_webinar,Taylor Brooks,Morgan Reed,New Lead,85,2026-06-03T23:24:50,2026-06-03T22:07:50,,
lead_7bbb2d8a02da,2026-04-26T03:40:31,Fernando,Hansen,robert52@example.com,1 (323) 328-2930,United States,Meta Ads,Mentorship VSL,Evergreen,/mentorship-vsl,meta_ads,paid_social,mentorship_vsl,Alex Morgan,Morgan Reed,Consultation Showed,82,2026-04-26T05:08:31,2026-04-26T04:00:31,book_4c68f6ff6316,
lead_7e383f1250e4,2026-03-18T09:48:56,Allen,Rivera,lewisnatalie@example.org,833-467-7116,Mexico,Google Ads,High Intent Search,Evergreen,/high-intent-search,google_ads,cpc,high_intent_search,Taylor Brooks,Morgan Reed,New Lead,30,2026-03-18T11:29:56,2026-03-18T10:09:56,,
lead_0a80f2b16441,2026-06-29T06:00:55,Michael,Cabrera,jchase@example.com,1 (353) 024-5301,United States,Meta Ads,Evergreen Wealth,Evergreen,/evergreen-wealth,meta_ads,paid_social,evergreen_wealth,Taylor Brooks,Morgan Reed,New Lead,77,2026-06-29T08:27:55,2026-06-29T06:13:55,,
lead_96836efc3da1,2026-02-08T11:59:14,Renee,Navarro,lisa23@example.org,(142) 028-4719,United States,Webinar,VIP Webinar,Webinar,/vip-webinar,webinar,organic,vip_webinar,Alex Morgan,Morgan Reed,Consultation Showed,58,2026-02-08T13:11:14,2026-02-08T12:28:14,book_5b5d83a90059,
lead_d3122749cf36,2026-04-27T14:01:58,Christopher,Robbins,dorothyanderson@example.org,1 (607) 648-7177,Canada,Google Ads,Real Estate Mentorship,Evergreen,/real-estate-mentorship,google_ads,cpc,real_estate_mentorship,Jordan Lee,Morgan Reed,Consultation Showed,65,2026-04-27T15:12:58,2026-04-27T14:38:58,book_9d61e1661d5e,
lead_75427e07f530,2026-01-03T17:46:48,Mallory,Gutierrez,sarawilliams@example.com,(138) 727-2581 x225,Canada,Email Campaign,Database Reactivation,Evergreen,/database-reactivation,email_campaign,organic,database_reactivation,Jordan Lee,Riley Carter,New Lead,80,2026-01-03T20:05:48,2026-01-03T19:06:48,,
lead_b48053a5c2b4,2026-05-19T13:26:52,Leah,Richards,paul84@example.net,1-382-373-3791,Canada,Organic,Organic Content,Organic,/organic-content,organic,organic,organic_content,Jordan Lee,Casey Bennett,New Lead,36,2026-05-19T14:23:52,2026-05-19T13:50:52,,
lead_62cd9c8c3d92,2026-01-26T06:46:22,Cory,Miller,wilsonstephen@example.net,835-869-0170,Mexico,Webinar,VIP Webinar,Webinar,/vip-webinar,webinar,organic,vip_webinar,Taylor Brooks,Morgan Reed,New Lead,71,2026-01-26T08:41:22,2026-01-26T07:09:22,,
lead_60d73343e930,2026-05-22T02:42:18,Kelly,Johnson,carmengomez@example.net,1-352-951-7122,Canada,Direct,Direct Traffic,Evergreen,/direct-traffic,direct,organic,direct_traffic,Alex Morgan,Casey Bennett,New Lead,42,2026-05-22T05:40:18,2026-05-22T02:57:18,,
lead_aea28585b02a,2026-02-26T08:23:49,Rebecca,Dougherty,john87@example.org,605 422 1626,Canada,Webinar,5-Day Investor Challenge,Webinar,/5-day-investor-challenge,webinar,organic,5-day_investor_challenge,Jordan Lee,Morgan Reed,New Lead,66,2026-02-26T09:35:49,2026-02-26T09:06:49,,
lead_24a955436302,2026-01-17T15:34:16,Gina,Green,mhorn@example.org,983-344-4704,Canada,Google Ads,Real Estate Mentorship,Evergreen,/real-estate-mentorship,google_ads,cpc,real_estate_mentorship,Jordan Lee,Riley Carter,New Lead,45,2026-01-17T15:41:16,2026-01-17T16:07:16,,
lead_3babbde03e96,2026-05-19T12:23:11,Mary,Porter,alexander70@example.org,859-685-1953,United States,Google Ads,High Intent Search,Evergreen,/high-intent-search,google_ads,cpc,high_intent_search,Taylor Brooks,Riley Carter,New Lead,42,2026-05-19T14:06:11,2026-05-19T12:50:11,,
lead_7fce18781458,2026-04-19T03:48:28,Tyler,Hanson,raywalters@example.org,695 634 2777,Canada,Meta Ads,Evergreen Wealth,Evergreen,/evergreen-wealth,meta_ads,paid_social,evergreen_wealth,Alex Morgan,Casey Bennett,New Lead,73,2026-04-19T04:08:28,2026-04-19T04:55:28,,
lead_8d59fe2389b8,2026-01-02T00:59:02,Laura,Moore,ashley06@example.org,+1 (358) 129-2059,Canada,Webinar,5-Day Investor Challenge,Webinar,/5-day-investor-challenge,webinar,organic,5-day_investor_challenge,Jordan Lee,Casey Bennett,New Lead,53,2026-01-02T02:08:02,2026-01-02T01:06:02,,
lead_790d270d12d2,2026-01-26T16:16:29,Edward,Mitchell,morrismichelle@example.com,(402) 955-9636,Canada,Direct,Direct Traffic,Evergreen,/direct-traffic,direct,organic,direct_traffic,Alex Morgan,Casey Bennett,New Lead,47,2026-01-26T18:44:29,2026-01-26T16:26:29,,
lead_5ddcb1efc7d8,2026-06-30T15:38:16,Steven,Cortez,debbiejackson@example.net,1-120-661-5498,Mexico,Meta Ads,Investor Calculator,Evergreen,/investor-calculator,meta_ads,paid_social,investor_calculator,Alex Morgan,Morgan Reed,Consultation Showed,34,2026-06-30T17:09:16,2026-06-30T16:08:16,book_b735d763d803,
lead_bbe315cd5558,2026-03-26T01:35:54,Debbie,Arnold,leejennifer@example.org,(300) 498-3211 x221,Canada,Meta Ads,Mentorship VSL,Evergreen,/mentorship-vsl,meta_ads,paid_social,mentorship_vsl,Jordan Lee,Morgan Reed,New Lead,41,2026-03-26T02:16:54,2026-03-26T01:50:54,,
lead_e177959ef5ca,2026-06-19T06:19:16,Kimberly,Watson,william15@example.net,268 687 6401,United States,Direct,Direct Traffic,Evergreen,/direct-traffic,direct,organic,direct_traffic,Jordan Lee,Casey Bennett,New Lead,58,2026-06-19T07:35:16,2026-06-19T06:58:16,,
lead_6da6935c49d6,2026-04-30T00:28:05,Alyssa,Baker,pricevanessa@example.org,406-298-7787,Canada,Webinar,VIP Webinar,Webinar,/vip-webinar,webinar,organic,vip_webinar,Jordan Lee,Morgan Reed,New Lead,70,2026-04-30T01:40:05,2026-04-30T00:46:05,,
lead_2365cbe4f86d,2026-05-29T06:59:07,Marie,Meyer,slittle@example.com,1-319-623-4219,Canada,Meta Ads,Investor Calculator,Evergreen,/investor-calculator,meta_ads,paid_social,investor_calculator,Taylor Brooks,Riley Carter,New Lead,53,2026-05-29T07:42:07,2026-05-29T07:20:07,,
lead_10fc11830829,2026-02-06T16:25:50,Jennifer,Graham,haroldlee@example.org,1-510-429-4831,Canada,Webinar,5-Day Investor Challenge,Webinar,/5-day-investor-challenge,webinar,organic,5-day_investor_challenge,Alex Morgan,Morgan Reed,New Lead,87,2026-02-06T17:08:50,2026-02-06T18:31:50,,
lead_cb7d88fd086e,2026-05-18T02:01:31,Jessica,Pace,davismichelle@example.com,369 999 4981,Canada,Organic,Organic Content,Organic,/organic-content,organic,organic,organic_content,Jordan Lee,Morgan Reed,New Lead,71,2026-05-18T04:05:31,2026-05-18T02:12:31,,
lead_5f46313c9068,2026-03-30T21:18:53,Willie,Gonzalez,brownnancy@example.com,+1 (602) 000-5328,Canada,Google Ads,Real Estate Mentorship,Evergreen,/real-estate-mentorship,google_ads,cpc,real_estate_mentorship,Taylor Brooks,Morgan Reed,Consultation Showed,38,2026-03-30T23:29:53,2026-03-30T22:21:53,book_af197357caeb,
lead_3d0227f62f21,2026-02-09T13:28:04,James,Foster,smithcrystal@example.com,743 838 0582,Canada,Meta Ads,Evergreen Wealth,Evergreen,/evergreen-wealth,meta_ads,paid_social,evergreen_wealth,Alex Morgan,Riley Carter,Consultation Showed,81,2026-02-09T14:45:04,2026-02-09T14:31:04,book_7b7fad92900e,
lead_bd1493452d02,2026-04-20T08:55:23,Megan,Gilbert,brownraymond@example.net,+1 (727) 633-2838,Canada,Organic,Organic Content,Organic,/organic-content,organic,organic,organic_content,Taylor Brooks,Morgan Reed,New Lead,43,2026-04-20T11:49:23,2026-04-20T09:08:23,,
lead_49d350fb2b8f,2026-03-22T20:39:11,Emily,Andrade,jasonwebb@example.net,485.186.2671,Canada,Organic,Organic Content,Organic,/organic-content,organic,organic,organic_content,Jordan Lee,Riley Carter,Consultation Showed,61,2026-03-22T21:03:11,2026-03-22T21:53:11,book_e07892e37f25,
lead_accb300fa350,2026-01-06T00:59:32,Ryan,Torres,smithcharles@example.org,(223) 392-1883 x527,United States,Meta Ads,Investor Calculator,Evergreen,/investor-calculator,meta_ads,paid_social,investor_calculator,Taylor Brooks,Morgan Reed,New Lead,62,2026-01-06T02:16:32,2026-01-06T01:50:32,,
lead_8c19264f3da0,2026-06-12T12:35:47,Allison,Nguyen,sullivanpaula@example.com,+1 (210) 659-2088,Canada,Google Ads,High Intent Search,Evergreen,/high-intent-search,google_ads,cpc,high_intent_search,Alex Morgan,Casey Bennett,New Lead,36,2026-06-12T14:02:47,2026-06-12T13:20:47,,
lead_37e271f263fc,2026-03-30T04:03:07,Melissa,Li,kaylahowell@example.com,561-781-5969 x838,France,Webinar,VIP Webinar,Webinar,/vip-webinar,webinar,organic,vip_webinar,Taylor Brooks,Riley Carter,Consultation Showed,85,2026-03-30T06:48:07,2026-03-30T05:19:07,book_b3447677a72b,
lead_8d31d61a86b3,2026-05-08T09:59:12,Michael,Jimenez,ewinglynn@example.org,+1 (265) 686-2959,France,Meta Ads,Evergreen Wealth,Evergreen,/evergreen-wealth,meta_ads,paid_social,evergreen_wealth,Jordan Lee,Riley Carter,Consultation Showed,56,2026-05-08T12:43:12,2026-05-08T10:26:12,book_809f643fc71f,
lead_99e524b94a34,2026-02-11T01:02:27,Devon,West,christina99@example.org,1 (153) 946-0742,Mexico,Direct,Direct Traffic,Evergreen,/direct-traffic,direct,organic,direct_traffic,Jordan Lee,Casey Bennett,New Lead,66,2026-02-11T01:19:27,2026-02-11T01:11:27,,
lead_5efe9268ca43,2026-04-17T05:55:58,Sean,Burton,kathyjenkins@example.net,1-917-996-7080,Canada,Webinar,5-Day Investor Challenge,Webinar,/5-day-investor-challenge,webinar,organic,5-day_investor_challenge,Jordan Lee,Casey Bennett,Consultation Showed,66,2026-04-17T08:34:58,2026-04-17T06:47:58,book_65fed7da1882,
lead_5f1f3fe096ee,2026-01-18T07:38:51,Kimberly,Ellis,wscott@example.net,1-764-183-9841,Mexico,Meta Ads,Investor Calculator,Evergreen,/investor-calculator,meta_ads,paid_social,investor_calculator,Alex Morgan,Casey Bennett,New Lead,51,2026-01-18T07:48:51,2026-01-18T08:59:51,,
lead_ef9ef72ebd14,2026-05-06T16:01:17,Steven,Roberts,ostone@example.com,(169) 881-6498,Canada,Webinar,VIP Webinar,Webinar,/vip-webinar,webinar,organic,vip_webinar,Jordan Lee,Casey Bennett,New Lead,50,2026-05-06T18:53:17,2026-05-06T16:53:17,,
lead_4edb5f8d9ca5,2026-06-25T11:42:25,Joseph,Stewart,elizabethrobertson@example.com,752-102-6270,United States,Webinar,VIP Webinar,Webinar,/vip-webinar,webinar,organic,vip_webinar,Jordan Lee,Riley Carter,New Lead,64,2026-06-25T14:42:25,2026-06-25T12:14:25,,
lead_60021aa0c544,2026-04-10T13:08:13,Ricardo,Tran,smithamy@example.com,(645) 813-0889 x830,Canada,Meta Ads,Investor Calculator,Evergreen,/investor-calculator,meta_ads,paid_social,investor_calculator,Jordan Lee,Casey Bennett,New Lead,51,2026-04-10T14:04:13,2026-04-10T13:47:13,,
lead_2ea25bfc1101,2026-03-24T03:39:06,Timothy,Estrada,christinedoyle@example.com,185.630.2750,United States,Meta Ads,Mentorship VSL,Evergreen,/mentorship-vsl,meta_ads,paid_social,mentorship_vsl,Jordan Lee,Riley Carter,Consultation Showed,70,2026-03-24T04:07:06,2026-03-24T04:08:06,book_e863f7705131,
lead_6c83832afa67,2026-03-24T17:23:00,Aaron,Williams,jennifer61@example.net,1 (430) 564-1849,Canada,Meta Ads,Mentorship VSL,Evergreen,/mentorship-vsl,meta_ads,paid_social,mentorship_vsl,Jordan Lee,Casey Bennett,New Lead,31,2026-03-24T17:51:00,2026-03-24T17:46:00,,
lead_97429c0bded0,2026-06-30T17:13:31,Margaret,Irwin,ryan90@example.net,201-872-6001 x365,Canada,Referral,Partner Referral,Referral,/partner-referral,referral,organic,partner_referral,Taylor Brooks,Riley Carter,New Lead,88,2026-06-30T19:24:31,2026-06-30T19:27:31,,
lead_b62d95c6e963,2026-03-26T22:13:28,Brandon,Nelson,kevin42@example.net,567-456-8652,Mexico,Meta Ads,Investor Calculator,Evergreen,/investor-calculator,meta_ads,paid_social,investor_calculator,Jordan Lee,Casey Bennett,New Lead,68,2026-03-26T22:38:28,2026-03-26T22:24:28,,
lead_b044d1b98c3b,2026-05-13T21:08:02,Shelby,Gray,darrylkent@example.net,+1 (172) 562-2219,Mexico,Meta Ads,Evergreen Wealth,Evergreen,/evergreen-wealth,meta_ads,paid_social,evergreen_wealth,Taylor Brooks,Casey Bennett,New Lead,61,2026-05-13T22:29:02,2026-05-13T21:30:02,,
lead_5c3dab5847d5,2026-04-17T23:49:10,Martin,Lewis,scott04@example.com,1-776-484-5593,Mexico,Meta Ads,Evergreen Wealth,Evergreen,/evergreen-wealth,meta_ads,paid_social,evergreen_wealth,Taylor Brooks,Morgan Reed,Consultation Showed,53,2026-04-18T00:13:10,2026-04-18T00:30:10,book_e3110b55c093,
lead_e9ed69fcd93e,2026-01-19T08:19:44,Mark,Davis,amandaedwards@example.com,124.553.1290,United States,Organic,Organic Content,Organic,/organic-content,organic,organic,organic_content,Taylor Brooks,Casey Bennett,New Lead,46,2026-01-19T10:22:44,2026-01-19T08:36:44,,
lead_8f02c7114fe4,2026-05-30T06:09:12,Joyce,Foster,staceyarias@example.org,932-772-6488 x395,Canada,Google Ads,High Intent Search,Evergreen,/high-intent-search,google_ads,cpc,high_intent_search,Taylor Brooks,Riley Carter,New Lead,44,2026-05-30T08:22:12,2026-05-30T06:24:12,,
lead_8853448c97ce,2026-06-13T16:14:40,Manuel,Leonard,george94@example.org,1 (225) 161-8575,Canada,Organic,Organic Content,Organic,/organic-content,organic,organic,organic_content,Jordan Lee,Riley Carter,New Lead,46,2026-06-13T17:59:40,2026-06-13T16:45:40,,
lead_7c566422c373,2026-05-21T14:31:32,Shane,Brown,ricedana@example.com,1-691-477-4473,United States,Meta Ads,Mentorship VSL,Evergreen,/mentorship-vsl,meta_ads,paid_social,mentorship_vsl,Jordan Lee,Riley Carter,New Lead,81,2026-05-21T16:32:32,2026-05-21T15:28:32,,
lead_f78cad6009b3,2026-06-28T06:42:42,Danielle,Kelly,kennethrusso@example.net,1-517-159-4973,Canada,Webinar,VIP Webinar,Webinar,/vip-webinar,webinar,organic,vip_webinar,Alex Morgan,Riley Carter,New Lead,71,2026-06-28T07:34:42,2026-06-28T07:02:42,,
lead_630a27d2379c,2026-06-19T06:01:26,Keith,Valenzuela,benjaminhall@example.net,(303) 318-3611 x338,Canada,Direct,Direct Traffic,Evergreen,/direct-traffic,direct,organic,direct_traffic,Taylor Brooks,Morgan Reed,Call Booked,64,2026-06-19T08:58:26,2026-06-19T06:50:26,book_33609ca4a34d,
lead_965cc2e6324e,2026-01-03T14:00:14,Ronald,Johnson,lhunter@example.net,752.787.3048,United States,Meta Ads,Evergreen Wealth,Evergreen,/evergreen-wealth,meta_ads,paid_social,evergreen_wealth,Jordan Lee,Riley Carter,New Lead,69,2026-01-03T14:48:14,2026-01-03T14:35:14,,
lead_46bcdd672ddb,2026-02-28T19:09:00,Jack,Sutton,hunter74@example.com,1 (235) 378-0189,Mexico,Google Ads,Real Estate Mentorship,Evergreen,/real-estate-mentorship,google_ads,cpc,real_estate_mentorship,Taylor Brooks,Casey Bennett,New Lead,37,2026-02-28T21:52:00,2026-02-28T19:57:00,,
lead_6f6e4a362290,2026-06-06T05:53:51,Michael,Jennings,kellybooth@example.com,477.629.6914,Canada,Referral,Client Referral,Referral,/client-referral,referral,organic,client_referral,Alex Morgan,Morgan Reed,New Lead,81,2026-06-06T07:15:51,2026-06-06T06:59:51,,
lead_decaea6a0f52,2026-05-16T03:44:46,Jason,Foster,pamela64@example.com,999-990-0108,Mexico,Meta Ads,Evergreen Wealth,Evergreen,/evergreen-wealth,meta_ads,paid_social,evergreen_wealth,Alex Morgan,Casey Bennett,New Lead,58,2026-05-16T04:37:46,2026-05-16T04:01:46,,
lead_727c087dc2e1,2026-03-26T14:55:17,Matthew,Perez,schmidtjesus@example.net,1 (321) 189-6844,Mexico,Referral,Partner Referral,Referral,/partner-referral,referral,organic,partner_referral,Taylor Brooks,Morgan Reed,New Lead,63,2026-03-26T17:40:17,2026-03-26T15:52:17,,
lead_4dd978417bbc,2026-01-29T18:30:07,Debra,Price,christine97@example.net,1 (372) 857-5958,Canada,Meta Ads,Investor Calculator,Evergreen,/investor-calculator,meta_ads,paid_social,investor_calculator,Alex Morgan,Morgan Reed,New Lead,94,2026-01-29T20:36:07,2026-01-29T19:48:07,,
lead_ee69c7b06a06,2026-04-05T04:28:55,Sonia,Harmon,whitecharles@example.net,189-124-8839 x717,Canada,Webinar,VIP Webinar,Webinar,/vip-webinar,webinar,organic,vip_webinar,Jordan Lee,Riley Carter,Consultation Showed,45,2026-04-05T06:33:55,2026-04-05T04:45:55,book_f86d538ccd31,
lead_6017f577f1f7,2026-04-21T13:44:17,Sara,Christensen,ruth45@example.org,1-336-728-6811,Canada,Meta Ads,Investor Calculator,Evergreen,/investor-calculator,meta_ads,paid_social,investor_calculator,Alex Morgan,Morgan Reed,New Lead,68,2026-04-21T15:29:17,2026-04-21T14:26:17,,
lead_f7d7be6152a5,2026-03-22T17:14:12,Jessica,Little,allisonpeterson@example.com,(111) 939-7814 x590,United States,Referral,Client Referral,Referral,/client-referral,referral,organic,client_referral,Taylor Brooks,Riley Carter,New Lead,90,2026-03-22T19:25:12,2026-03-22T17:41:12,,
lead_de84360c9811,2026-01-08T04:30:45,Joann,Williamson,marthagriffin@example.net,655-286-6933,Canada,Organic,Organic Content,Organic,/organic-content,organic,organic,organic_content,Taylor Brooks,Riley Carter,New Lead,68,2026-01-08T06:39:45,2026-01-08T04:41:45,,
lead_c84120c462be,2026-02-15T00:45:33,Christopher,Calderon,julie80@example.net,105-326-0119 x391,Canada,Webinar,VIP Webinar,Webinar,/vip-webinar,webinar,organic,vip_webinar,Jordan Lee,Riley Carter,New Lead,95,2026-02-15T01:05:33,2026-02-15T01:05:33,,
lead_7cbd71ea01b1,2026-02-22T00:15:58,John,Mathews,melissarollins@example.com,655 136 0908,Canada,Meta Ads,Evergreen Wealth,Evergreen,/evergreen-wealth,meta_ads,paid_social,evergreen_wealth,Jordan Lee,Morgan Reed,New Lead,43,2026-02-22T03:05:58,2026-02-22T02:58:58,,
lead_3dfce649d7c0,2026-03-29T01:20:51,Margaret,Salinas,williamsmark@example.org,1-737-361-5873,Canada,Organic,Organic Content,Organic,/organic-content,organic,organic,organic_content,Jordan Lee,Riley Carter,New Lead,71,2026-03-29T03:16:51,2026-03-29T01:41:51,,
lead_4f2b2975391b,2026-03-27T01:44:37,Katherine,Taylor,smiller@example.com,(696) 933-5390 x058,Canada,Meta Ads,Investor Calculator,Evergreen,/investor-calculator,meta_ads,paid_social,investor_calculator,Taylor Brooks,Riley Carter,New Lead,56,2026-03-27T02:48:37,2026-03-27T02:08:37,,
lead_0bc55970f5b4,2026-06-15T17:22:58,Theresa,Bray,odavis@example.com,231-566-3979 x255,Canada,Meta Ads,Mentorship VSL,Evergreen,/mentorship-vsl,meta_ads,paid_social,mentorship_vsl,Jordan Lee,Riley Carter,New Lead,26,2026-06-15T20:15:58,2026-06-15T17:55:58,,
lead_4037d1c8467f,2026-06-11T18:26:15,Craig,Roberts,nhuber@example.org,783 772 7028,United States,Webinar,VIP Webinar,Webinar,/vip-webinar,webinar,organic,vip_webinar,Jordan Lee,Casey Bennett,No Show,56,2026-06-11T21:23:15,2026-06-11T18:58:15,book_f1b131a833d5,
lead_d94d5e4c3b82,2026-05-01T17:59:43,Wendy,Santos,psmith@example.com,281 644 1610,Canada,Webinar,5-Day Investor Challenge,Webinar,/5-day-investor-challenge,webinar,organic,5-day_investor_challenge,Taylor Brooks,Morgan Reed,New Lead,90,2026-05-01T18:57:43,2026-05-01T18:21:43,,
lead_285ee98c0603,2026-02-03T15:35:42,Cindy,Horton,cynthia35@example.net,1-164-051-0388,Canada,Referral,Partner Referral,Referral,/partner-referral,referral,organic,partner_referral,Jordan Lee,Morgan Reed,New Lead,80,2026-02-03T16:31:42,2026-02-03T15:47:42,,
lead_e7b395061fb5,2026-02-28T23:07:13,Derek,Baird,bakertommy@example.org,+1 (428) 144-4718,Canada,Webinar,VIP Webinar,Webinar,/vip-webinar,webinar,organic,vip_webinar,Alex Morgan,Morgan Reed,Consultation Showed,63,2026-03-01T00:12:13,2026-02-28T23:33:13,book_6b0a077134f1,
lead_8cd455748257,2026-03-11T07:56:42,Brittany,Bauer,johnstonbarbara@example.org,+1 (976) 490-9228,Canada,Google Ads,Real Estate Mentorship,Evergreen,/real-estate-mentorship,google_ads,cpc,real_estate_mentorship,Taylor Brooks,Morgan Reed,Consultation Showed,62,2026-03-11T10:54:42,2026-03-11T08:58:42,book_5640c98f26c4,
lead_851a200f62e3,2026-03-25T14:50:12,Kathryn,Ramirez,uhubbard@example.com,435.872.7174,United States,Webinar,VIP Webinar,Webinar,/vip-webinar,webinar,organic,vip_webinar,Alex Morgan,Riley Carter,New Lead,82,2026-03-25T15:24:12,2026-03-25T15:42:12,,
lead_d51545de10c9,2026-03-08T02:01:32,Andrew,Faulkner,mccormickkatherine@example.com,434-398-8187,United States,Meta Ads,Investor Calculator,Evergreen,/investor-calculator,meta_ads,paid_social,investor_calculator,Taylor Brooks,Casey Bennett,New Lead,47,2026-03-08T03:36:32,2026-03-08T02:26:32,,
lead_aa340c3c7db0,2026-05-18T04:05:07,Amy,Ramos,suzanne33@example.org,+1 (147) 704-1309,Mexico,Webinar,5-Day Investor Challenge,Webinar,/5-day-investor-challenge,webinar,organic,5-day_investor_challenge,Jordan Lee,Casey Bennett,New Lead,54,2026-05-18T04:22:07,2026-05-18T04:18:07,,
lead_c69f226ad2db,2026-01-21T13:29:30,Cindy,Rodriguez,james60@example.org,(126) 254-2041 x231,United States,Direct,Direct Traffic,Evergreen,/direct-traffic,direct,organic,direct_traffic,Alex Morgan,Riley Carter,New Lead,73,2026-01-21T16:10:30,2026-01-21T19:19:30,,
lead_73b0fc38d4d5,2026-02-02T10:29:31,Jennifer,Kelly,randerson@example.com,500.794.1932,Canada,Meta Ads,Evergreen Wealth,Evergreen,/evergreen-wealth,meta_ads,paid_social,evergreen_wealth,Alex Morgan,Casey Bennett,New Lead,36,2026-02-02T13:15:31,2026-02-02T10:40:31,,
lead_fcacc5dfa01b,2026-05-18T12:16:49,Nathan,Norman,browntimothy@example.net,1-812-248-7098,United States,Meta Ads,Investor Calculator,Evergreen,/investor-calculator,meta_ads,paid_social,investor_calculator,Jordan Lee,Riley Carter,New Lead,66,2026-05-18T14:14:49,2026-05-18T13:04:49,,
lead_aa02a5eb5243,2026-05-06T15:40:18,Edward,Price,michelle96@example.org,525 174 2240,Canada,Webinar,5-Day Investor Challenge,Webinar,/5-day-investor-challenge,webinar,organic,5-day_investor_challenge,Alex Morgan,Morgan Reed,New Lead,63,2026-05-06T17:18:18,2026-05-06T16:31:18,,
lead_23e638839f6d,2026-03-22T17:32:04,Marisa,Benson,geraldgarcia@example.net,103-468-6163,Canada,Webinar,VIP Webinar,Webinar,/vip-webinar,webinar,organic,vip_webinar,Jordan Lee,Casey Bennett,Consultation Showed,72,2026-03-22T17:38:04,2026-03-22T18:01:04,book_0d52ca2de6c8,
lead_390c19b0d2ea,2026-01-17T13:13:06,Thomas,Hernandez,pwest@example.org,220-095-3662,Canada,Meta Ads,Evergreen Wealth,Evergreen,/evergreen-wealth,meta_ads,paid_social,evergreen_wealth,Jordan Lee,Casey Bennett,New Lead,22,2026-01-17T14:26:06,2026-01-17T13:48:06,,
lead_22b8480ccfa9,2026-01-30T10:33:34,Ashley,Gonzalez,smithsteven@example.net,1 (100) 173-2590,Canada,Referral,Partner Referral,Referral,/partner-referral,referral,organic,partner_referral,Alex Morgan,Morgan Reed,Consultation Showed,54,2026-01-30T12:53:34,2026-01-30T11:00:34,book_b82b73684e2d,
lead_5fc5938a2aad,2026-06-28T06:17:00,Lauren,Robinson,wdavis@example.org,722-113-8690 x871,Mexico,Webinar,VIP Webinar,Webinar,/vip-webinar,webinar,organic,vip_webinar,Taylor Brooks,Riley Carter,New Lead,100,2026-06-28T08:06:00,2026-06-28T06:55:00,,
lead_104daa786bc4,2026-03-27T22:33:58,Tyler,Lopez,brockjon@example.net,1-161-719-2817,United States,Google Ads,High Intent Search,Evergreen,/high-intent-search,google_ads,cpc,high_intent_search,Taylor Brooks,Riley Carter,New Lead,52,2026-03-27T23:15:58,2026-03-27T23:17:58,,
lead_ba97248079b4,2026-03-07T16:36:33,Shawn,Torres,jbrown@example.org,1-642-252-1602,Canada,Email Campaign,Database Reactivation,Evergreen,/database-reactivation,email_campaign,organic,database_reactivation,Alex Morgan,Casey Bennett,New Lead,64,2026-03-07T18:01:33,2026-03-07T17:45:33,,
lead_f7b86f51fa91,2026-05-09T04:38:38,Herbert,Pruitt,karina20@example.net,1-747-726-9032,Canada,Meta Ads,Evergreen Wealth,Evergreen,/evergreen-wealth,meta_ads,paid_social,evergreen_wealth,Taylor Brooks,Morgan Reed,New Lead,67,2026-05-09T07:27:38,2026-05-09T05:24:38,,
lead_f59ff5739ea2,2026-03-23T10:06:15,Darlene,Gomez,walkerdavid@example.com,979.480.2455,Mexico,Direct,Direct Traffic,Evergreen,/direct-traffic,direct,organic,direct_traffic,Taylor Brooks,Riley Carter,Consultation Showed,37,2026-03-23T11:53:15,2026-03-23T12:57:15,book_2ef3511a3d7a,
lead_28f7c48a8b26,2026-06-26T13:19:22,Michael,Reyes,danielandrews@example.org,1 (989) 126-8649,Canada,Webinar,VIP Webinar,Webinar,/vip-webinar,webinar,organic,vip_webinar,Jordan Lee,Riley Carter,New Lead,52,2026-06-26T14:52:22,2026-06-26T14:07:22,,
lead_a9c67c411e69,2026-05-16T23:36:41,Nicole,Scott,gmoody@example.net,+1 (523) 760-0884,Canada,Organic,Organic Content,Organic,/organic-content,organic,organic,organic_content,Alex Morgan,Riley Carter,New Lead,42,2026-05-17T01:24:41,2026-05-17T00:27:41,,
lead_629a6a0bd6e3,2026-05-16T10:27:01,Stephen,Johnson,samuelsandoval@example.org,590.749.9216,Mexico,Referral,Client Referral,Referral,/client-referral,referral,organic,client_referral,Taylor Brooks,Casey Bennett,New Lead,62,2026-05-16T12:00:01,2026-05-16T10:50:01,,
lead_1c74e755eddd,2026-01-17T08:46:39,Bradley,Powell,philliphayden@example.net,835 348 4864,Canada,Webinar,VIP Webinar,Webinar,/vip-webinar,webinar,organic,vip_webinar,Jordan Lee,Riley Carter,Cancelled,81,2026-01-17T09:00:39,2026-01-17T09:58:39,book_ea08120f6fd1,
lead_e1c04f849a63,2026-04-12T01:33:52,Shirley,Williams,davidandrews@example.net,+1 (454) 622-0212,Canada,Webinar,5-Day Investor Challenge,Webinar,/5-day-investor-challenge,webinar,organic,5-day_investor_challenge,Alex Morgan,Riley Carter,New Lead,68,2026-04-12T03:56:52,2026-04-12T01:45:52,,
lead_b2f3c96bb1d6,2026-05-28T00:05:29,Julia,Vasquez,michellehoward@example.com,433-000-0886,Canada,Organic,Organic Content,Organic,/organic-content,organic,organic,organic_content,Alex Morgan,Riley Carter,New Lead,37,2026-05-28T02:52:29,2026-05-28T00:23:29,,
lead_7e98adc2de94,2026-06-11T14:28:05,Laura,Manning,lchavez@example.org,708-899-1141,United States,Organic,Organic Content,Organic,/organic-content,organic,organic,organic_content,Taylor Brooks,Morgan Reed,New Lead,52,2026-06-11T15:50:05,2026-06-11T14:55:05,,
lead_900f8156e5f5,2026-02-20T10:33:10,Lauren,Johnson,cruzkaren@example.net,132 737 9897,Canada,Webinar,VIP Webinar,Webinar,/vip-webinar,webinar,organic,vip_webinar,Alex Morgan,Morgan Reed,Consultation Showed,71,2026-02-20T13:18:10,2026-02-20T14:23:10,book_8023a0d960c8,
lead_8c9d90ff040a,2026-03-29T03:15:55,Paul,Weaver,kevin18@example.com,746-300-0998 x433,Canada,Webinar,5-Day Investor Challenge,Webinar,/5-day-investor-challenge,webinar,organic,5-day_investor_challenge,Alex Morgan,Casey Bennett,New Lead,58,2026-03-29T04:36:55,2026-03-29T03:26:55,,
lead_d2b2043c7608,2026-06-06T09:22:41,David,Davis,stephaniemiller@example.org,(315) 198-5458 x294,Canada,Meta Ads,Evergreen Wealth,Evergreen,/evergreen-wealth,meta_ads,paid_social,evergreen_wealth,Taylor Brooks,Riley Carter,Cancelled,90,2026-06-06T11:55:41,2026-06-06T10:36:41,book_647d9df09d45,
lead_ad3ba9ab9345,2026-03-10T00:41:21,Teresa,Lopez,linda01@example.com,(553) 466-0756,Canada,Organic,Organic Content,Organic,/organic-content,organic,organic,organic_content,Taylor Brooks,Riley Carter,Consultation Showed,27,2026-03-10T02:02:21,2026-03-10T00:50:21,book_9da86a523fee,
lead_00d55fab8e77,2026-04-11T21:49:19,Justin,Zamora,michelle67@example.org,910-824-0281,Canada,Referral,Client Referral,Referral,/client-referral,referral,organic,client_referral,Taylor Brooks,Riley Carter,Cancelled,72,2026-04-11T22:57:19,2026-04-12T00:16:19,book_e9996759596e,
lead_b8331b427ef4,2026-03-30T05:14:10,Edwin,Taylor,williamcarlson@example.com,526-208-5817,Canada,Meta Ads,Investor Calculator,Evergreen,/investor-calculator,meta_ads,paid_social,investor_calculator,Jordan Lee,Casey Bennett,Consultation Showed,66,2026-03-30T05:44:10,2026-03-30T05:30:10,book_f23753025ac1,
lead_aace30d239d6,2026-03-24T12:06:56,Haley,Conway,wperez@example.net,(264) 235-7004,Canada,Meta Ads,Evergreen Wealth,Evergreen,/evergreen-wealth,meta_ads,paid_social,evergreen_wealth,Jordan Lee,Morgan Reed,New Lead,58,2026-03-24T12:44:56,2026-03-24T12:10:56,,
lead_4e6ed54bbdc7,2026-04-25T05:23:40,Erik,Davis,andrearivera@example.net,261.255.9046,Canada,Google Ads,Real Estate Mentorship,Evergreen,/real-estate-mentorship,google_ads,cpc,real_estate_mentorship,Jordan Lee,Casey Bennett,No Show,72,2026-04-25T07:51:40,2026-04-25T06:06:40,book_ff370dd42a3a,
lead_ea9342a6dc61,2026-03-27T10:55:16,Nicole,Brown,jefferybaker@example.com,101-283-8271,United States,Organic,Organic Content,Organic,/organic-content,organic,organic,organic_content,Jordan Lee,Morgan Reed,New Lead,59,2026-03-27T13:05:16,2026-03-27T11:09:16,,
lead_c2e639cad27e,2026-04-05T03:09:57,Christopher,Koch,jamesstrong@example.net,+1 (815) 120-4850,Canada,Meta Ads,Evergreen Wealth,Evergreen,/evergreen-wealth,meta_ads,paid_social,evergreen_wealth,Taylor Brooks,Riley Carter,New Lead,61,2026-04-05T05:11:57,2026-04-05T03:24:57,,
lead_4cada4f65dd1,2026-05-15T20:28:05,Jill,Graham,jeffrey44@example.com,242-276-3460,Canada,Webinar,5-Day Investor Challenge,Webinar,/5-day-investor-challenge,webinar,organic,5-day_investor_challenge,Alex Morgan,Riley Carter,New Lead,61,2026-05-15T21:27:05,2026-05-15T20:44:05,,
lead_f2376172c379,2026-03-13T17:12:43,Christy,Cook,diazjennifer@example.net,(847) 243-5861,United States,Meta Ads,Mentorship VSL,Evergreen,/mentorship-vsl,meta_ads,paid_social,mentorship_vsl,Jordan Lee,Morgan Reed,New Lead,68,2026-03-13T17:47:43,2026-03-13T17:26:43,,
lead_46e39b1a1302,2026-02-26T05:35:23,Yvette,Nichols,shelbysherman@example.net,672 670 8666,Canada,Meta Ads,Mentorship VSL,Evergreen,/mentorship-vsl,meta_ads,paid_social,mentorship_vsl,Alex Morgan,Casey Bennett,Consultation Showed,53,2026-02-26T05:50:23,2026-02-26T06:40:23,book_5532ef10e84e,
lead_72d8ad4918ce,2026-02-28T21:17:39,Sarah,Logan,melissahill@example.org,168-784-9477 x129,Canada,Meta Ads,Investor Calculator,Evergreen,/investor-calculator,meta_ads,paid_social,investor_calculator,Alex Morgan,Morgan Reed,New Lead,34,2026-02-28T22:37:39,2026-02-28T21:51:39,,
lead_48ec41210075,2026-01-10T10:43:49,Danielle,Ward,gutierrezsarah@example.net,1-489-742-2354,Mexico,Webinar,VIP Webinar,Webinar,/vip-webinar,webinar,organic,vip_webinar,Alex Morgan,Morgan Reed,New Lead,66,2026-01-10T12:06:49,2026-01-10T11:09:49,,
lead_385edd51050d,2026-01-01T09:43:13,Kyle,Parker,wkoch@example.com,(321) 215-6495 x254,Canada,Webinar,VIP Webinar,Webinar,/vip-webinar,webinar,organic,vip_webinar,Alex Morgan,Morgan Reed,New Lead,46,2026-01-01T10:19:13,2026-01-01T14:12:13,,
lead_4bab67e99a4d,2026-04-20T20:39:04,Andre,Ross,laurie11@example.org,438-818-2730 x634,Mexico,Google Ads,Real Estate Mentorship,Evergreen,/real-estate-mentorship,google_ads,cpc,real_estate_mentorship,Jordan Lee,Casey Bennett,New Lead,72,2026-04-20T22:39:04,2026-04-20T22:25:04,,
lead_a20bf01c4c63,2026-05-28T22:57:00,Matthew,Willis,vincent82@example.net,588.496.8066,Canada,Webinar,5-Day Investor Challenge,Webinar,/5-day-investor-challenge,webinar,organic,5-day_investor_challenge,Jordan Lee,Casey Bennett,Consultation Showed,95,2026-05-28T23:37:00,2026-05-28T23:38:00,book_1de2bd6b01d5,
lead_dbe582f22612,2026-06-18T05:27:46,Michelle,Smith,velasquezvictoria@example.org,225.434.1230,Canada,Referral,Partner Referral,Referral,/partner-referral,referral,organic,partner_referral,Taylor Brooks,Riley Carter,New Lead,73,2026-06-18T06:55:46,2026-06-18T06:11:46,,
lead_cac834e03564,2026-02-15T05:01:49,Jeanette,Williams,craigblair@example.net,+1 (900) 320-3197,Canada,Referral,Client Referral,Referral,/client-referral,referral,organic,client_referral,Alex Morgan,Riley Carter,No Show,87,2026-02-15T06:47:49,2026-02-15T05:32:49,book_69b5eb7e42df,
lead_ef5daab5e725,2026-05-06T10:11:21,Maria,Dean,millerlindsey@example.org,834-713-1719,Mexico,Webinar,VIP Webinar,Webinar,/vip-webinar,webinar,organic,vip_webinar,Taylor Brooks,Morgan Reed,New Lead,56,2026-05-06T10:38:21,2026-05-06T11:30:21,,
lead_2885fdbbb2d0,2026-04-19T22:39:22,Kathleen,Peters,normandaniel@example.net,+1 (825) 908-4194,Canada,Organic,Organic Content,Organic,/organic-content,organic,organic,organic_content,Taylor Brooks,Morgan Reed,Consultation Showed,54,2026-04-20T01:29:22,2026-04-19T22:50:22,book_29c8c00c1089,
lead_cd8e24bf1c60,2026-04-16T05:07:51,Lori,Murphy,samantha11@example.org,953-582-1072 x887,United States,Meta Ads,Mentorship VSL,Evergreen,/mentorship-vsl,meta_ads,paid_social,mentorship_vsl,Taylor Brooks,Riley Carter,New Lead,56,2026-04-16T07:39:51,2026-04-16T05:24:51,,
lead_ee351c2cca5b,2026-04-08T14:27:59,Julie,Ruiz,dgeorge@example.net,(871) 616-0881,Canada,Meta Ads,Investor Calculator,Evergreen,/investor-calculator,meta_ads,paid_social,investor_calculator,Taylor Brooks,Morgan Reed,New Lead,49,2026-04-08T14:36:59,2026-04-08T15:56:59,,
lead_39047a2a70bb,2026-06-02T18:33:12,Theresa,Moore,ericakoch@example.net,+1 (147) 718-3753,Canada,Direct,Direct Traffic,Evergreen,/direct-traffic,direct,organic,direct_traffic,Taylor Brooks,Riley Carter,Call Booked,58,2026-06-02T19:30:12,2026-06-02T19:05:12,book_740467a19411,
lead_2cabf812f229,2026-03-20T00:30:49,Seth,Barnes,yoderadam@example.com,(308) 557-8002 x443,Canada,Google Ads,Real Estate Mentorship,Evergreen,/real-estate-mentorship,google_ads,cpc,real_estate_mentorship,Alex Morgan,Casey Bennett,New Lead,21,2026-03-20T03:05:49,2026-03-20T01:35:49,,
lead_b75c79ab4bdc,2026-01-05T16:06:48,Jason,Foster,francisholloway@example.com,169-685-7467,Canada,Google Ads,Real Estate Mentorship,Evergreen,/real-estate-mentorship,google_ads,cpc,real_estate_mentorship,Jordan Lee,Morgan Reed,New Lead,61,2026-01-05T18:26:48,2026-01-05T16:26:48,,
lead_146957480bff,2026-04-16T04:52:27,Paul,Ramos,carl91@example.org,1 (221) 501-6426,Canada,Meta Ads,Evergreen Wealth,Evergreen,/evergreen-wealth,meta_ads,paid_social,evergreen_wealth,Alex Morgan,Casey Bennett,New Lead,48,2026-04-16T05:40:27,2026-04-16T06:18:27,,
lead_e899a8a8cd1b,2026-03-01T13:45:52,Adam,Pennington,jameswilliams@example.net,(542) 431-9839 x248,United States,Webinar,5-Day Investor Challenge,Webinar,/5-day-investor-challenge,webinar,organic,5-day_investor_challenge,Alex Morgan,Riley Carter,Consultation Showed,77,2026-03-01T15:34:52,2026-03-01T13:52:52,book_54ef0a589eae,
lead_508c74b30c53,2026-01-06T06:37:36,Wesley,Robinson,turnerdaniel@example.com,805.302.1516,Canada,Direct,Direct Traffic,Evergreen,/direct-traffic,direct,organic,direct_traffic,Alex Morgan,Casey Bennett,New Lead,38,2026-01-06T06:56:36,2026-01-06T06:56:36,,
lead_13af7c9fdb7f,2026-02-20T02:03:39,Jennifer,Gallagher,zwolfe@example.net,(639) 534-8110,Mexico,Meta Ads,Investor Calculator,Evergreen,/investor-calculator,meta_ads,paid_social,investor_calculator,Alex Morgan,Morgan Reed,New Lead,54,2026-02-20T03:44:39,2026-02-20T02:23:39,,
lead_dd03c0dce8a7,2026-04-24T19:05:36,Andre,Wilson,rhonda64@example.org,989-615-7385 x512,Canada,Meta Ads,Mentorship VSL,Evergreen,/mentorship-vsl,meta_ads,paid_social,mentorship_vsl,Taylor Brooks,Casey Bennett,New Lead,22,2026-04-24T20:10:36,2026-04-24T19:25:36,,
lead_75b4522a8df7,2026-01-12T18:33:55,Kaylee,Bullock,grivera@example.org,(395) 978-1554,Canada,Email Campaign,Database Reactivation,Evergreen,/database-reactivation,email_campaign,organic,database_reactivation,Jordan Lee,Morgan Reed,New Lead,77,2026-01-12T19:59:55,2026-01-12T19:40:55,,
lead_043e29fb69ab,2026-05-04T00:30:59,Nicholas,Mcmillan,farmerlisa@example.com,736 024 4654,Mexico,Organic,Organic Content,Organic,/organic-content,organic,organic,organic_content,Alex Morgan,Casey Bennett,New Lead,39,2026-05-04T01:34:59,2026-05-04T01:25:59,,
lead_92ad6c6bc9d7,2026-02-17T19:54:58,Kendra,Mcdonald,howardscott@example.org,130-871-5647 x837,United States,Organic,Organic Content,Organic,/organic-content,organic,organic,organic_content,Alex Morgan,Casey Bennett,New Lead,57,2026-02-17T22:21:58,2026-02-17T20:22:58,,
lead_5f81e22c0005,2026-01-17T07:02:28,Jay,Tucker,tiffany80@example.org,641-485-7260 x292,Canada,Organic,Organic Content,Organic,/organic-content,organic,organic,organic_content,Alex Morgan,Casey Bennett,Consultation Showed,67,2026-01-17T09:49:28,2026-01-17T07:55:28,book_684c9e8a1519,
lead_4679014e3c06,2026-06-01T20:29:39,Jordan,Walton,czavala@example.org,(384) 076-6420 x763,Canada,Organic,Organic Content,Organic,/organic-content,organic,organic,organic_content,Jordan Lee,Riley Carter,New Lead,59,2026-06-01T21:36:39,2026-06-01T20:47:39,,
lead_16d27db6bbf6,2026-06-07T19:11:39,Timothy,Jones,sherryclark@example.net,+1 (976) 259-2386,France,Google Ads,High Intent Search,Evergreen,/high-intent-search,google_ads,cpc,high_intent_search,Taylor Brooks,Casey Bennett,Consultation Showed,80,2026-06-07T21:14:39,2026-06-07T19:58:39,book_9bbd2112ec62,
lead_c71e83b9912f,2026-01-01T02:31:48,Mary,Lawson,shuang@example.org,1-488-693-2055,Mexico,Referral,Partner Referral,Referral,/partner-referral,referral,organic,partner_referral,Jordan Lee,Casey Bennett,New Lead,79,2026-01-01T02:51:48,2026-01-01T03:29:48,,
lead_3085ede19dd0,2026-03-10T05:43:34,Jordan,Reed,mcdanielsherry@example.net,573 961 5976,Canada,Organic,Organic Content,Organic,/organic-content,organic,organic,organic_content,Taylor Brooks,Casey Bennett,New Lead,80,2026-03-10T08:29:34,2026-03-10T06:18:34,,
lead_568553e08b02,2026-04-14T17:02:11,Kimberly,Edwards,robert07@example.net,375-542-6190 x384,Canada,Meta Ads,Mentorship VSL,Evergreen,/mentorship-vsl,meta_ads,paid_social,mentorship_vsl,Alex Morgan,Casey Bennett,New Lead,43,2026-04-14T19:31:11,2026-04-14T17:47:11,,
lead_cb3f5c96516f,2026-05-21T19:05:19,Megan,Woods,ibrady@example.com,(820) 222-7111,France,Referral,Partner Referral,Referral,/partner-referral,referral,organic,partner_referral,Jordan Lee,Morgan Reed,Consultation Showed,77,2026-05-21T21:32:19,2026-05-21T20:46:19,book_37dd2ddf1043,
lead_106973ec60b5,2026-06-21T15:25:11,Maria,Curtis,hsimmons@example.com,562.042.9851,Mexico,Organic,Organic Content,Organic,/organic-content,organic,organic,organic_content,Taylor Brooks,Casey Bennett,Consultation Showed,50,2026-06-21T18:24:11,2026-06-21T15:48:11,book_1014a156e879,
lead_10e5acba7400,2026-02-23T00:20:00,Joseph,Tran,antoniothompson@example.org,+1 (990) 392-2026,United States,Direct,Direct Traffic,Evergreen,/direct-traffic,direct,organic,direct_traffic,Jordan Lee,Casey Bennett,New Lead,64,2026-02-23T01:27:00,2026-02-23T01:01:00,,
lead_01e519f6a45d,2026-03-05T18:43:18,Alexander,Shea,jack64@example.com,206.801.7703,Mexico,Meta Ads,Mentorship VSL,Evergreen,/mentorship-vsl,meta_ads,paid_social,mentorship_vsl,Alex Morgan,Riley Carter,New Lead,62,2026-03-05T18:52:18,2026-03-05T19:21:18,,
lead_ae2437ae039c,2026-01-01T19:56:33,Ricardo,Lee,beasleygina@example.org,1-793-326-7244,United States,Email Campaign,Database Reactivation,Evergreen,/database-reactivation,email_campaign,organic,database_reactivation,Jordan Lee,Riley Carter,Consultation Showed,73,2026-01-01T20:03:33,2026-01-01T22:05:33,book_d05542760a57,
lead_55cb944b8487,2026-05-29T01:20:44,Becky,Farrell,rmoore@example.com,+1 (538) 083-9065,Canada,Webinar,VIP Webinar,Webinar,/vip-webinar,webinar,organic,vip_webinar,Taylor Brooks,Riley Carter,No Show,82,2026-05-29T03:05:44,2026-05-29T01:58:44,book_7e267465e28c,
lead_72e16b07c1ff,2026-06-23T07:41:16,Bruce,Ibarra,daniel93@example.net,(227) 272-8129,Canada,Meta Ads,Evergreen Wealth,Evergreen,/evergreen-wealth,meta_ads,paid_social,evergreen_wealth,Alex Morgan,Casey Bennett,New Lead,64,2026-06-23T10:37:16,2026-06-23T07:55:16,,
lead_61f7950d9e58,2026-06-10T16:16:29,Lynn,Walker,evanskelsey@example.com,926-676-5272,Canada,Direct,Direct Traffic,Evergreen,/direct-traffic,direct,organic,direct_traffic,Alex Morgan,Riley Carter,No Show,52,2026-06-10T18:54:29,2026-06-10T18:36:29,book_caea48eb4647,
lead_8fd42c9006a4,2026-03-31T20:18:12,Deanna,Kelly,briannabaker@example.net,1 (807) 088-6406,Mexico,Direct,Direct Traffic,Evergreen,/direct-traffic,direct,organic,direct_traffic,Jordan Lee,Morgan Reed,Call Booked,47,2026-03-31T21:57:12,2026-03-31T20:34:12,book_7349485dabe2,
lead_3c6544d206a7,2026-05-28T06:29:52,Victoria,Molina,jacksonamy@example.net,492.902.2154,United States,Meta Ads,Evergreen Wealth,Evergreen,/evergreen-wealth,meta_ads,paid_social,evergreen_wealth,Taylor Brooks,Casey Bennett,No Show,45,2026-05-28T07:45:52,2026-05-28T06:42:52,book_73a4bb2ccdc8,
lead_4b8476fc8035,2026-05-02T09:48:48,Christine,Ramirez,richardsglenn@example.org,1 (133) 320-2351,Mexico,Meta Ads,Mentorship VSL,Evergreen,/mentorship-vsl,meta_ads,paid_social,mentorship_vsl,Alex Morgan,Morgan Reed,New Lead,35,2026-05-02T11:10:48,2026-05-02T10:12:48,,
lead_086820457121,2026-01-08T03:28:55,Eric,Brooks,maurice01@example.net,(954) 503-6988,Canada,Direct,Direct Traffic,Evergreen,/direct-traffic,direct,organic,direct_traffic,Taylor Brooks,Riley Carter,New Lead,71,2026-01-08T04:44:55,2026-01-08T04:01:55,,
lead_dc1e7936649c,2026-02-08T01:49:50,Justin,Logan,karisanchez@example.org,1-636-296-2080,Canada,Organic,Organic Content,Organic,/organic-content,organic,organic,organic_content,Jordan Lee,Riley Carter,New Lead,82,2026-02-08T04:37:50,2026-02-08T02:05:50,,
lead_1151af06c69c,2026-04-18T03:30:19,Anne,Yang,daviddecker@example.com,1-312-907-5965,United States,Organic,Organic Content,Organic,/organic-content,organic,organic,organic_content,Taylor Brooks,Riley Carter,New Lead,73,2026-04-18T04:24:19,2026-04-18T04:19:19,,
lead_180d9873dee9,2026-01-13T16:36:09,Stephanie,Wilson,tammymorales@example.org,274-954-2106 x294,Canada,Referral,Partner Referral,Referral,/partner-referral,referral,organic,partner_referral,Alex Morgan,Morgan Reed,Consultation Showed,81,2026-01-13T19:11:09,2026-01-13T16:55:09,book_4b2f73f55bfd,
lead_8a0a8771412a,2026-06-16T02:49:15,Ashley,Winters,christy19@example.org,367 131 7536,Mexico,Meta Ads,Mentorship VSL,Evergreen,/mentorship-vsl,meta_ads,paid_social,mentorship_vsl,Taylor Brooks,Casey Bennett,New Lead,72,2026-06-16T03:52:15,2026-06-16T03:02:15,,
lead_899c5e3e5256,2026-01-05T11:44:07,Sherry,Wyatt,thomas28@example.net,+1 (446) 120-9617,Canada,Meta Ads,Mentorship VSL,Evergreen,/mentorship-vsl,meta_ads,paid_social,mentorship_vsl,Jordan Lee,Riley Carter,New Lead,66,2026-01-05T14:42:07,2026-01-05T12:21:07,,
lead_edf4a3d6e162,2026-01-01T09:06:38,Anthony,Duncan,donnasuarez@example.com,1 (624) 032-1153,United States,Organic,Organic Content,Organic,/organic-content,organic,organic,organic_content,Taylor Brooks,Morgan Reed,New Lead,43,2026-01-01T11:00:38,2026-01-01T09:18:38,,
lead_159c305670c7,2026-03-25T23:49:14,Michael,Stewart,jason21@example.net,543.087.7972,Canada,Webinar,VIP Webinar,Webinar,/vip-webinar,webinar,organic,vip_webinar,Taylor Brooks,Riley Carter,New Lead,52,2026-03-26T01:38:14,2026-03-26T00:42:14,,
lead_1dfb8c85c14c,2026-04-11T10:35:30,Steven,Dickson,heather42@example.org,188.345.8192,Mexico,Organic,Organic Content,Organic,/organic-content,organic,organic,organic_content,Alex Morgan,Morgan Reed,New Lead,35,2026-04-11T10:51:30,2026-04-11T11:22:30,,
lead_d08133910a2f,2026-04-14T09:12:42,Kevin,Daniels,fwilliams@example.net,+1 (693) 332-9986,Canada,Meta Ads,Investor Calculator,Evergreen,/investor-calculator,meta_ads,paid_social,investor_calculator,Jordan Lee,Morgan Reed,New Lead,37,2026-04-14T11:11:42,2026-04-14T10:17:42,,
lead_7011a4fa910c,2026-06-06T20:01:42,Cody,Salas,martintanner@example.net,1-464-085-8588,France,Meta Ads,Mentorship VSL,Evergreen,/mentorship-vsl,meta_ads,paid_social,mentorship_vsl,Alex Morgan,Riley Carter,New Lead,67,2026-06-06T20:12:42,2026-06-06T20:52:42,,
lead_e5f89c739fe1,2026-06-28T01:30:26,Maria,Weaver,holly72@example.com,508 467 2925,Canada,Google Ads,High Intent Search,Evergreen,/high-intent-search,google_ads,cpc,high_intent_search,Jordan Lee,Casey Bennett,New Lead,67,2026-06-28T02:38:26,2026-06-28T01:48:26,,
lead_e9e9c034d6b7,2026-01-19T18:46:34,Sandra,Atkins,jillian19@example.com,682 225 0182,Canada,Meta Ads,Mentorship VSL,Evergreen,/mentorship-vsl,meta_ads,paid_social,mentorship_vsl,Alex Morgan,Riley Carter,New Lead,48,2026-01-19T18:58:34,2026-01-19T19:26:34,,
lead_730ccaee441d,2026-06-13T05:02:57,Jessica,Alvarado,tjackson@example.com,386 394 2012,Canada,Webinar,VIP Webinar,Webinar,/vip-webinar,webinar,organic,vip_webinar,Jordan Lee,Morgan Reed,New Lead,36,2026-06-13T06:11:57,2026-06-13T05:16:57,,
lead_6f7c9dedf159,2026-06-09T13:05:27,John,Hill,ashley29@example.org,196-627-0266,Canada,Email Campaign,Database Reactivation,Evergreen,/database-reactivation,email_campaign,organic,database_reactivation,Alex Morgan,Morgan Reed,New Lead,32,2026-06-09T14:35:27,2026-06-09T13:48:27,,
lead_cf20f2bba814,2026-05-29T08:57:26,Jose,Guerra,maria09@example.com,+1 (232) 174-0039,United States,Webinar,VIP Webinar,Webinar,/vip-webinar,webinar,organic,vip_webinar,Taylor Brooks,Morgan Reed,Consultation Showed,63,2026-05-29T09:26:26,2026-05-29T09:32:26,book_1a8b66f2ef2b,
lead_7673f241f311,2026-06-28T00:11:55,Brendan,Wolf,johnhines@example.net,122 471 1936,Canada,Meta Ads,Evergreen Wealth,Evergreen,/evergreen-wealth,meta_ads,paid_social,evergreen_wealth,Taylor Brooks,Morgan Reed,New Lead,52,2026-06-28T00:24:55,2026-06-28T01:08:55,,
lead_55b8a43ffe21,2026-06-28T11:23:24,Heather,Barnes,huynhdouglas@example.com,356-461-6076,Canada,Webinar,5-Day Investor Challenge,Webinar,/5-day-investor-challenge,webinar,organic,5-day_investor_challenge,Taylor Brooks,Riley Carter,New Lead,79,2026-06-28T13:21:24,2026-06-28T11:48:24,,
lead_d9ce06a7f491,2026-05-12T13:40:45,Peter,Robinson,alex95@example.org,723-461-7623 x133,Canada,Google Ads,High Intent Search,Evergreen,/high-intent-search,google_ads,cpc,high_intent_search,Jordan Lee,Casey Bennett,New Lead,62,2026-05-12T13:59:45,2026-05-12T14:23:45,,
lead_65e2ea6a2ab2,2026-02-15T06:22:50,Danny,Day,justin16@example.com,331 654 4137,United States,Google Ads,Real Estate Mentorship,Evergreen,/real-estate-mentorship,google_ads,cpc,real_estate_mentorship,Taylor Brooks,Morgan Reed,New Lead,32,2026-02-15T09:00:50,2026-02-15T07:10:50,,
lead_3de640416cd0,2026-06-04T09:44:09,Steven,Barrett,emills@example.com,763-494-2904,Mexico,Google Ads,Real Estate Mentorship,Evergreen,/real-estate-mentorship,google_ads,cpc,real_estate_mentorship,Taylor Brooks,Morgan Reed,New Lead,66,2026-06-04T11:38:09,2026-06-04T10:44:09,,
lead_004d83a0678b,2026-06-02T00:42:51,Lisa,Kennedy,craig87@example.org,379.993.2420,Canada,Meta Ads,Mentorship VSL,Evergreen,/mentorship-vsl,meta_ads,paid_social,mentorship_vsl,Jordan Lee,Riley Carter,Consultation Showed,53,2026-06-02T00:53:51,2026-06-02T00:56:51,book_085d05779838,
lead_bd5ca29b3ab6,2026-01-03T09:16:08,Justin,Robinson,joseph41@example.com,534 565 3869,United States,Meta Ads,Evergreen Wealth,Evergreen,/evergreen-wealth,meta_ads,paid_social,evergreen_wealth,Taylor Brooks,Morgan Reed,New Lead,55,2026-01-03T11:53:08,2026-01-03T09:48:08,,
lead_286b3aa001fd,2026-05-04T18:19:49,Shane,Hodges,martinmorgan@example.net,1 (336) 268-9047,Canada,Webinar,5-Day Investor Challenge,Webinar,/5-day-investor-challenge,webinar,organic,5-day_investor_challenge,Jordan Lee,Casey Bennett,Consultation Showed,90,2026-05-04T20:34:49,2026-05-04T19:02:49,book_3a712189b316,
lead_8548f9d58429,2026-02-06T02:27:57,James,Hamilton,bryan00@example.net,1 (538) 557-4216,Canada,Webinar,VIP Webinar,Webinar,/vip-webinar,webinar,organic,vip_webinar,Alex Morgan,Morgan Reed,New Lead,45,2026-02-06T03:34:57,2026-02-06T03:45:57,,
lead_62cf1130d095,2026-03-26T15:11:58,Jimmy,Deleon,conleyantonio@example.org,981-460-4761 x437,France,Meta Ads,Mentorship VSL,Evergreen,/mentorship-vsl,meta_ads,paid_social,mentorship_vsl,Jordan Lee,Casey Bennett,Consultation Showed,78,2026-03-26T17:27:58,2026-03-26T16:05:58,book_bb68d55654eb,
lead_971df015b2fb,2026-01-29T14:58:33,Stephanie,Mills,jason06@example.net,+1 (718) 756-4672,Canada,Organic,Organic Content,Organic,/organic-content,organic,organic,organic_content,Jordan Lee,Casey Bennett,New Lead,74,2026-01-29T17:03:33,2026-01-29T15:43:33,,
lead_960230a4b8fa,2026-04-11T12:33:59,Kari,Powell,richardsonkenneth@example.net,885.899.0027,United States,Google Ads,High Intent Search,Evergreen,/high-intent-search,google_ads,cpc,high_intent_search,Alex Morgan,Morgan Reed,Call Booked,72,2026-04-11T15:08:59,2026-04-11T15:18:59,book_f030600b9a8d,
lead_75f61b222c1c,2026-06-16T17:50:32,Sandra,Jackson,smithzachary@example.com,178-604-3566,Canada,Meta Ads,Mentorship VSL,Evergreen,/mentorship-vsl,meta_ads,paid_social,mentorship_vsl,Alex Morgan,Morgan Reed,Cancelled,74,2026-06-16T18:08:32,2026-06-16T18:30:32,book_1de708576f7b,
lead_3894d85b22fb,2026-06-02T11:35:40,Matthew,Johnson,seanmelendez@example.net,(333) 067-7306 x718,Canada,Referral,Partner Referral,Referral,/partner-referral,referral,organic,partner_referral,Taylor Brooks,Casey Bennett,New Lead,67,2026-06-02T11:57:40,2026-06-02T12:12:40,,
lead_20cd8ced2842,2026-04-27T11:05:41,Isaac,White,ebarron@example.net,1-419-087-8865,Mexico,Referral,Client Referral,Referral,/client-referral,referral,organic,client_referral,Taylor Brooks,Casey Bennett,Consultation Showed,92,2026-04-27T12:34:41,2026-04-27T11:29:41,book_8f7509cd85b3,
lead_5ca4c71a4135,2026-03-05T19:28:32,Wayne,Rivera,hugheskaren@example.net,+1 (634) 289-8760,Canada,Organic,Organic Content,Organic,/organic-content,organic,organic,organic_content,Alex Morgan,Casey Bennett,New Lead,82,2026-03-05T20:14:32,2026-03-05T19:45:32,,
lead_5bbec049f46f,2026-05-05T00:52:12,Lauren,Little,anthonydana@example.net,721 704 8618,United States,Meta Ads,Evergreen Wealth,Evergreen,/evergreen-wealth,meta_ads,paid_social,evergreen_wealth,Jordan Lee,Riley Carter,New Lead,34,2026-05-05T01:54:12,2026-05-05T01:41:12,,
lead_c4457dda95de,2026-05-23T15:25:10,Felicia,Ramos,lmyers@example.org,962.907.3992,Mexico,Meta Ads,Investor Calculator,Evergreen,/investor-calculator,meta_ads,paid_social,investor_calculator,Jordan Lee,Morgan Reed,New Lead,23,2026-05-23T16:54:10,2026-05-23T16:09:10,,
lead_95e2a756a022,2026-03-12T10:51:01,Mary,Miller,tracyhoffman@example.com,1 (533) 717-0864,Canada,Google Ads,High Intent Search,Evergreen,/high-intent-search,google_ads,cpc,high_intent_search,Alex Morgan,Riley Carter,Consultation Showed,71,2026-03-12T10:58:01,2026-03-12T11:45:01,book_010e77181e84,
lead_fefc9b5ed4f9,2026-03-27T12:27:02,George,Matthews,anthonyrobbins@example.net,(731) 354-9014 x599,United States,Meta Ads,Investor Calculator,Evergreen,/investor-calculator,meta_ads,paid_social,investor_calculator,Jordan Lee,Morgan Reed,New Lead,59,2026-03-27T13:21:02,2026-03-27T12:47:02,,
lead_448b1bbd2027,2026-02-08T09:55:52,Shannon,Mcknight,bryanmorgan@example.net,430-549-8243 x884,Canada,Direct,Direct Traffic,Evergreen,/direct-traffic,direct,organic,direct_traffic,Jordan Lee,Riley Carter,New Lead,47,2026-02-08T11:12:52,2026-02-08T12:33:52,,
lead_e5c0fe71653b,2026-02-17T18:16:35,Lisa,Terry,owensamber@example.com,780-664-3158 x901,Canada,Meta Ads,Mentorship VSL,Evergreen,/mentorship-vsl,meta_ads,paid_social,mentorship_vsl,Alex Morgan,Casey Bennett,New Lead,81,2026-02-17T19:06:35,2026-02-17T18:30:35,,
lead_d922bcbcc41d,2026-06-11T10:49:04,Debra,King,rachelvaldez@example.org,1 (703) 701-7092,Canada,Email Campaign,Database Reactivation,Evergreen,/database-reactivation,email_campaign,organic,database_reactivation,Taylor Brooks,Morgan Reed,New Lead,55,2026-06-11T13:47:04,2026-06-11T13:28:04,,
lead_27f98b729244,2026-03-01T05:44:25,Crystal,Williams,harriswilliam@example.net,781-726-2829,Canada,Meta Ads,Evergreen Wealth,Evergreen,/evergreen-wealth,meta_ads,paid_social,evergreen_wealth,Jordan Lee,Riley Carter,Consultation Showed,78,2026-03-01T07:45:25,2026-03-01T06:58:25,book_654f33faacba,
lead_d6b372a8043b,2026-06-05T03:42:58,Andrea,Curtis,marissa85@example.org,572-889-5927,Mexico,Meta Ads,Mentorship VSL,Evergreen,/mentorship-vsl,meta_ads,paid_social,mentorship_vsl,Taylor Brooks,Morgan Reed,New Lead,49,2026-06-05T06:26:58,2026-06-05T04:00:58,,
lead_ad63931d20ae,2026-06-04T08:29:37,Christopher,Barnes,hendersonbrittany@example.org,+1 (912) 766-2080,Canada,Meta Ads,Evergreen Wealth,Evergreen,/evergreen-wealth,meta_ads,paid_social,evergreen_wealth,Jordan Lee,Riley Carter,New Lead,83,2026-06-04T09:22:37,2026-06-04T09:57:37,,
lead_1bcda048d859,2026-05-04T12:38:27,Dennis,Smith,bryantcynthia@example.org,+1 (534) 443-5962,Mexico,Google Ads,Real Estate Mentorship,Evergreen,/real-estate-mentorship,google_ads,cpc,real_estate_mentorship,Taylor Brooks,Riley Carter,New Lead,43,2026-05-04T13:45:27,2026-05-04T13:29:27,,
lead_d32596aaab16,2026-02-27T02:59:27,Matthew,Boyd,fyoder@example.org,242-425-3690,Canada,Meta Ads,Mentorship VSL,Evergreen,/mentorship-vsl,meta_ads,paid_social,mentorship_vsl,Alex Morgan,Riley Carter,Consultation Showed,47,2026-02-27T03:42:27,2026-02-27T05:41:27,book_aaa500b70288,
lead_cb165c197c90,2026-06-15T08:17:23,Sheila,Moore,stephenwright@example.org,(449) 760-3967 x024,France,Webinar,5-Day Investor Challenge,Webinar,/5-day-investor-challenge,webinar,organic,5-day_investor_challenge,Jordan Lee,Morgan Reed,No Show,73,2026-06-15T10:32:23,2026-06-15T08:42:23,book_5ddde24f56e5,
lead_25d8e4400877,2026-06-03T14:18:51,Nicholas,Anderson,bobby53@example.net,+1 (748) 187-5403,United States,Webinar,VIP Webinar,Webinar,/vip-webinar,webinar,organic,vip_webinar,Alex Morgan,Riley Carter,Consultation Showed,80,2026-06-03T17:12:51,2026-06-03T16:12:51,book_d3ab6a44e7ba,
lead_a017814c3401,2026-04-07T19:35:14,Margaret,Nelson,davidsawyer@example.net,173-854-6623 x236,Canada,Google Ads,Real Estate Mentorship,Evergreen,/real-estate-mentorship,google_ads,cpc,real_estate_mentorship,Jordan Lee,Riley Carter,No Show,64,2026-04-07T21:52:14,2026-04-07T20:21:14,book_dba954f260ce,
lead_a73dc25c80c6,2026-05-19T23:10:12,Patrick,Roman,ecampbell@example.org,1 (994) 972-2042,Canada,Google Ads,Real Estate Mentorship,Evergreen,/real-estate-mentorship,google_ads,cpc,real_estate_mentorship,Taylor Brooks,Casey Bennett,No Show,66,2026-05-20T01:21:12,2026-05-19T23:44:12,book_1e9b8c56aa8a,
lead_ea0870ade5d8,2026-02-10T05:37:12,Paul,Martin,ielliott@example.org,+1 (666) 179-9623,Mexico,Referral,Partner Referral,Referral,/partner-referral,referral,organic,partner_referral,Jordan Lee,Morgan Reed,New Lead,63,2026-02-10T06:38:12,2026-02-10T05:41:12,,
lead_1c368efc191c,2026-03-24T12:45:00,Nicholas,Galloway,briannamclaughlin@example.net,(333) 587-6887 x779,Canada,Google Ads,Real Estate Mentorship,Evergreen,/real-estate-mentorship,google_ads,cpc,real_estate_mentorship,Jordan Lee,Casey Bennett,New Lead,39,2026-03-24T14:26:00,2026-03-24T13:25:00,,
lead_e9bf62d02490,2026-05-26T22:48:57,Nathan,Norman,turnerjohn@example.net,908 493 1539,Canada,Organic,Organic Content,Organic,/organic-content,organic,organic,organic_content,Taylor Brooks,Casey Bennett,New Lead,54,2026-05-26T23:14:57,2026-05-26T23:33:57,,
lead_d09f19814030,2026-04-01T08:14:11,Julie,Cherry,mooredavid@example.org,201-440-7629,United States,Meta Ads,Evergreen Wealth,Evergreen,/evergreen-wealth,meta_ads,paid_social,evergreen_wealth,Jordan Lee,Casey Bennett,New Lead,81,2026-04-01T10:30:11,2026-04-01T10:28:11,,
lead_81795674d79b,2026-03-13T08:43:47,Sue,Torres,melissaharrell@example.net,334.103.8975,Canada,Organic,Organic Content,Organic,/organic-content,organic,organic,organic_content,Jordan Lee,Morgan Reed,Consultation Showed,55,2026-03-13T10:55:47,2026-03-13T09:05:47,book_bedcb7cc8879,
lead_da840433f32a,2026-02-21T13:54:05,Rachel,Bridges,landerson@example.net,(965) 642-2405 x920,Canada,Meta Ads,Evergreen Wealth,Evergreen,/evergreen-wealth,meta_ads,paid_social,evergreen_wealth,Alex Morgan,Casey Bennett,Consultation Showed,50,2026-02-21T16:44:05,2026-02-21T14:25:05,book_5ce0dc8f83a3,
lead_5f1e40d2d757,2026-06-02T14:26:06,Ian,Rogers,anthonyrandolph@example.com,+1 (991) 948-9629,Mexico,Webinar,5-Day Investor Challenge,Webinar,/5-day-investor-challenge,webinar,organic,5-day_investor_challenge,Alex Morgan,Morgan Reed,No Show,55,2026-06-02T15:41:06,2026-06-02T15:04:06,book_3f8714c6a902,
lead_4d5569dbc8cf,2026-04-17T00:39:57,Samantha,Werner,banksmeredith@example.com,(920) 175-3079 x661,Canada,Meta Ads,Evergreen Wealth,Evergreen,/evergreen-wealth,meta_ads,paid_social,evergreen_wealth,Taylor Brooks,Casey Bennett,New Lead,67,2026-04-17T01:35:57,2026-04-17T00:52:57,,
lead_99129fb838c0,2026-06-08T08:48:26,Ryan,Cook,melissa04@example.org,1-674-125-3137,Mexico,Meta Ads,Mentorship VSL,Evergreen,/mentorship-vsl,meta_ads,paid_social,mentorship_vsl,Alex Morgan,Riley Carter,Consultation Showed,44,2026-06-08T11:47:26,2026-06-08T09:42:26,book_3fffa7c78ea4,
lead_d5b16eccb197,2026-06-16T00:35:06,Melissa,Davis,crawfordtyler@example.net,117 503 6192,Mexico,Organic,Organic Content,Organic,/organic-content,organic,organic,organic_content,Alex Morgan,Casey Bennett,New Lead,47,2026-06-16T02:59:06,2026-06-16T01:42:06,,
lead_d94d4a27c1c3,2026-06-02T01:38:31,Dwayne,Cook,garzazachary@example.org,(570) 342-4447,Mexico,Meta Ads,Investor Calculator,Evergreen,/investor-calculator,meta_ads,paid_social,investor_calculator,Taylor Brooks,Riley Carter,New Lead,70,2026-06-02T03:26:31,2026-06-02T02:18:31,,
lead_b5133cdea32c,2026-04-10T13:06:28,Andrea,Smith,trevor07@example.net,(862) 351-0765 x191,Mexico,Meta Ads,Mentorship VSL,Evergreen,/mentorship-vsl,meta_ads,paid_social,mentorship_vsl,Alex Morgan,Morgan Reed,New Lead,64,2026-04-10T13:49:28,2026-04-10T13:38:28,,
lead_073530d0dcbb,2026-04-03T03:02:33,Crystal,Madden,christopher32@example.net,1 (914) 563-4091,Canada,Webinar,5-Day Investor Challenge,Webinar,/5-day-investor-challenge,webinar,organic,5-day_investor_challenge,Taylor Brooks,Casey Bennett,New Lead,64,2026-04-03T04:06:33,2026-04-03T03:23:33,,
lead_61652e2684f2,2026-03-08T03:35:19,Laura,Hicks,michael11@example.com,144-965-3916 x077,Canada,Webinar,VIP Webinar,Webinar,/vip-webinar,webinar,organic,vip_webinar,Alex Morgan,Casey Bennett,New Lead,55,2026-03-08T04:01:19,2026-03-08T04:03:19,,
lead_0f9eba8a1d5f,2026-02-10T16:44:08,Brent,Smith,patriciaowen@example.net,1-354-184-0398,Canada,Webinar,VIP Webinar,Webinar,/vip-webinar,webinar,organic,vip_webinar,Taylor Brooks,Morgan Reed,Consultation Showed,42,2026-02-10T18:41:08,2026-02-10T17:12:08,book_eb10a14983eb,
lead_000ff9414abe,2026-03-01T08:04:06,Gregory,Brock,beckerbrianna@example.com,803 858 8640,Canada,Google Ads,High Intent Search,Evergreen,/high-intent-search,google_ads,cpc,high_intent_search,Taylor Brooks,Casey Bennett,New Lead,53,2026-03-01T08:11:06,2026-03-01T08:26:06,,
lead_b0adb686896c,2026-03-24T15:59:45,Amanda,Smith,mmorris@example.net,1 (716) 469-3335,United States,Meta Ads,Investor Calculator,Evergreen,/investor-calculator,meta_ads,paid_social,investor_calculator,Taylor Brooks,Riley Carter,Consultation Showed,53,2026-03-24T18:59:45,2026-03-24T16:25:45,book_99faf87707cd,
lead_c29af2ef0476,2026-01-05T12:18:19,David,Brown,cassidymcdonald@example.com,888-067-0898,United States,Meta Ads,Mentorship VSL,Evergreen,/mentorship-vsl,meta_ads,paid_social,mentorship_vsl,Alex Morgan,Morgan Reed,Consultation Showed,65,2026-01-05T14:48:19,2026-01-05T12:49:19,book_b7f644e689ef,
lead_a64cf04501da,2026-04-21T07:57:41,Victoria,Williams,blakeshelton@example.org,284.311.3266,United States,Direct,Direct Traffic,Evergreen,/direct-traffic,direct,organic,direct_traffic,Taylor Brooks,Riley Carter,New Lead,46,2026-04-21T10:43:41,2026-04-21T09:03:41,,
lead_bef3ab360632,2026-02-09T15:39:44,Cole,Medina,ann52@example.com,(321) 196-0472,Canada,Webinar,VIP Webinar,Webinar,/vip-webinar,webinar,organic,vip_webinar,Jordan Lee,Morgan Reed,New Lead,51,2026-02-09T17:24:44,2026-02-09T15:51:44,,
lead_96d4305ede7c,2026-04-21T14:07:56,Andrew,Perez,egregory@example.com,1-854-470-8231,United States,Organic,Organic Content,Organic,/organic-content,organic,organic,organic_content,Jordan Lee,Morgan Reed,Consultation Showed,52,2026-04-21T16:07:56,2026-04-21T14:29:56,book_c76abdb22556,
lead_dc03c40a5df9,2026-04-18T08:43:56,Karen,Roberts,carsonashley@example.net,(494) 676-6262,Canada,Meta Ads,Mentorship VSL,Evergreen,/mentorship-vsl,meta_ads,paid_social,mentorship_vsl,Taylor Brooks,Riley Carter,New Lead,37,2026-04-18T09:33:56,2026-04-18T09:00:56,,
lead_7d3a3a533331,2026-02-08T15:24:04,Mark,Blake,xlivingston@example.org,926-184-0257,Mexico,Organic,Organic Content,Organic,/organic-content,organic,organic,organic_content,Jordan Lee,Casey Bennett,New Lead,60,2026-02-08T15:46:04,2026-02-08T15:46:04,,
lead_5c2bb3b2d0ca,2026-05-09T01:49:06,Rebecca,Smith,dblack@example.com,163-066-3605,Canada,Meta Ads,Investor Calculator,Evergreen,/investor-calculator,meta_ads,paid_social,investor_calculator,Alex Morgan,Casey Bennett,New Lead,48,2026-05-09T04:08:06,2026-05-09T02:42:06,,
lead_e8a3de40adc0,2026-03-05T10:52:05,David,Schmidt,hollandroy@example.org,(391) 039-0912 x030,Canada,Organic,Organic Content,Organic,/organic-content,organic,organic,organic_content,Alex Morgan,Morgan Reed,New Lead,42,2026-03-05T12:42:05,2026-03-05T11:15:05,,
lead_c3045080308b,2026-05-25T07:17:46,Michael,Johnson,matthew37@example.com,195-319-2600 x986,Canada,Organic,Organic Content,Organic,/organic-content,organic,organic,organic_content,Alex Morgan,Morgan Reed,New Lead,43,2026-05-25T07:39:46,2026-05-25T07:49:46,,
lead_966a839086ac,2026-03-25T22:12:04,Dean,Rasmussen,samantha74@example.net,1 (544) 920-5489,Canada,Webinar,VIP Webinar,Webinar,/vip-webinar,webinar,organic,vip_webinar,Taylor Brooks,Riley Carter,Consultation Showed,38,2026-03-26T01:07:04,2026-03-25T23:04:04,book_a121022cfb2d,
lead_92b9a2bfb7cb,2026-04-08T13:42:11,Heather,Frost,williemartinez@example.org,(718) 965-5834 x456,Canada,Email Campaign,Database Reactivation,Evergreen,/database-reactivation,email_campaign,organic,database_reactivation,Alex Morgan,Morgan Reed,New Lead,62,2026-04-08T16:42:11,2026-04-08T14:06:11,,
lead_8fbbd009f467,2026-01-13T10:07:19,Eric,Jackson,edward79@example.com,556-603-6162,United States,Direct,Direct Traffic,Evergreen,/direct-traffic,direct,organic,direct_traffic,Alex Morgan,Riley Carter,New Lead,100,2026-01-13T11:54:19,2026-01-13T10:45:19,,
lead_7e8bc88b873e,2026-06-20T17:33:09,Amber,Johnson,phillipsmichelle@example.org,+1 (160) 235-1585,Canada,Meta Ads,Mentorship VSL,Evergreen,/mentorship-vsl,meta_ads,paid_social,mentorship_vsl,Taylor Brooks,Morgan Reed,New Lead,41,2026-06-20T19:43:09,2026-06-20T18:16:09,,
lead_6144cdf3b243,2026-05-06T11:58:20,Chad,Friedman,jonesjerry@example.net,167.156.0587,Canada,Webinar,VIP Webinar,Webinar,/vip-webinar,webinar,organic,vip_webinar,Taylor Brooks,Casey Bennett,New Lead,39,2026-05-06T13:59:20,2026-05-06T12:28:20,,
lead_b4c4451ec252,2026-03-22T14:17:09,Nathaniel,White,charles39@example.com,1-679-406-4531,Canada,Google Ads,High Intent Search,Evergreen,/high-intent-search,google_ads,cpc,high_intent_search,Taylor Brooks,Riley Carter,New Lead,44,2026-03-22T15:25:09,2026-03-22T14:48:09,,
lead_3d51abe77c18,2026-06-26T20:47:23,Heather,Archer,usilva@example.net,719-189-8664 x693,Canada,Google Ads,Real Estate Mentorship,Evergreen,/real-estate-mentorship,google_ads,cpc,real_estate_mentorship,Taylor Brooks,Morgan Reed,No Show,48,2026-06-26T23:40:23,2026-06-26T21:55:23,book_7c23afaa1caa,
lead_6847635c250f,2026-02-16T13:03:39,Mark,Mcclure,jamesmorris@example.net,848-768-0570 x237,Canada,Google Ads,High Intent Search,Evergreen,/high-intent-search,google_ads,cpc,high_intent_search,Taylor Brooks,Riley Carter,New Lead,47,2026-02-16T13:48:39,2026-02-16T13:33:39,,
lead_56bbbc61b356,2026-05-16T13:07:14,Laurie,Davis,john01@example.net,320 956 7333,Mexico,Meta Ads,Evergreen Wealth,Evergreen,/evergreen-wealth,meta_ads,paid_social,evergreen_wealth,Jordan Lee,Riley Carter,New Lead,51,2026-05-16T14:07:14,2026-05-16T15:20:14,,
lead_cbae8d6c9f1b,2026-01-15T20:40:21,Hannah,Munoz,rlewis@example.org,(496) 440-2825,Canada,Meta Ads,Investor Calculator,Evergreen,/investor-calculator,meta_ads,paid_social,investor_calculator,Jordan Lee,Casey Bennett,New Lead,69,2026-01-15T21:11:21,2026-01-15T23:03:21,,
lead_afcd90a346b1,2026-02-10T06:25:26,Kathryn,Ochoa,lbennett@example.net,642 773 9238,Canada,Google Ads,Real Estate Mentorship,Evergreen,/real-estate-mentorship,google_ads,cpc,real_estate_mentorship,Alex Morgan,Morgan Reed,Consultation Showed,63,2026-02-10T08:39:26,2026-02-10T07:13:26,book_deee0069c482,
lead_b0f7ee6c193f,2026-03-16T00:18:49,Denise,Williams,ginasmith@example.org,1-501-693-3284,United States,Referral,Client Referral,Referral,/client-referral,referral,organic,client_referral,Alex Morgan,Casey Bennett,Call Booked,36,2026-03-16T01:50:49,2026-03-16T01:03:49,book_a4d3ce6e4693,
lead_d49c8538b940,2026-01-23T06:27:36,Devon,Nixon,mkeller@example.net,(129) 075-5154 x526,Canada,Meta Ads,Investor Calculator,Evergreen,/investor-calculator,meta_ads,paid_social,investor_calculator,Taylor Brooks,Casey Bennett,New Lead,71,2026-01-23T07:06:36,2026-01-23T06:53:36,,
lead_65cf38dd4340,2026-01-17T00:42:16,Robin,Ramos,mcarroll@example.net,438.310.0643,United States,Organic,Organic Content,Organic,/organic-content,organic,organic,organic_content,Taylor Brooks,Casey Bennett,Consultation Showed,35,2026-01-17T03:07:16,2026-01-17T01:13:16,book_5aa3724adc23,
lead_ac133278f6cc,2026-06-13T09:57:56,Emily,Lopez,uhaney@example.org,177 773 3168,Canada,Meta Ads,Investor Calculator,Evergreen,/investor-calculator,meta_ads,paid_social,investor_calculator,Alex Morgan,Riley Carter,Consultation Showed,84,2026-06-13T10:43:56,2026-06-13T10:28:56,book_16691fa8d8a6,
lead_34b6dbbe915c,2026-01-25T02:35:14,Stephanie,Morales,jessica07@example.org,(385) 036-0595,United States,Meta Ads,Investor Calculator,Evergreen,/investor-calculator,meta_ads,paid_social,investor_calculator,Alex Morgan,Morgan Reed,No Show,55,2026-01-25T04:56:14,2026-01-25T04:04:14,book_f5d25ef02923,
lead_66764d90f5c1,2026-05-12T12:50:03,Claire,Flynn,crystalmiller@example.org,840-274-0675 x826,Canada,Referral,Partner Referral,Referral,/partner-referral,referral,organic,partner_referral,Jordan Lee,Morgan Reed,New Lead,61,2026-05-12T14:04:03,2026-05-12T14:00:03,,
lead_00d1a7492b22,2026-06-23T08:13:34,Robert,Watson,wilkinsonrussell@example.org,203-638-5646,Canada,Meta Ads,Evergreen Wealth,Evergreen,/evergreen-wealth,meta_ads,paid_social,evergreen_wealth,Jordan Lee,Riley Carter,No Show,43,2026-06-23T11:10:34,2026-06-23T08:21:34,book_251536d164ba,
lead_d75d7d99682c,2026-06-07T13:55:09,Justin,West,brooke93@example.org,(739) 979-8491 x498,United States,Meta Ads,Mentorship VSL,Evergreen,/mentorship-vsl,meta_ads,paid_social,mentorship_vsl,Taylor Brooks,Riley Carter,Call Booked,52,2026-06-07T16:13:09,2026-06-07T15:50:09,book_805a52f3a5cf,
lead_4887dd416295,2026-05-15T01:14:55,Austin,Singh,lisa04@example.net,(526) 643-2239,Canada,Webinar,VIP Webinar,Webinar,/vip-webinar,webinar,organic,vip_webinar,Taylor Brooks,Morgan Reed,Consultation Showed,62,2026-05-15T02:37:55,2026-05-15T01:41:55,book_31f379e662c2,
lead_234378d29df2,2026-05-29T23:00:41,Patricia,Garcia,mooreamy@example.net,(311) 594-8534 x001,Mexico,Meta Ads,Investor Calculator,Evergreen,/investor-calculator,meta_ads,paid_social,investor_calculator,Jordan Lee,Morgan Reed,Consultation Showed,82,2026-05-29T23:56:41,2026-05-30T01:31:41,book_ee53bbb330c7,
lead_ba9eb8e4e5ac,2026-03-23T21:11:02,Gina,Kim,derricklee@example.net,(947) 422-5678 x718,France,Meta Ads,Evergreen Wealth,Evergreen,/evergreen-wealth,meta_ads,paid_social,evergreen_wealth,Jordan Lee,Morgan Reed,New Lead,52,2026-03-23T21:23:02,2026-03-24T00:26:02,,
lead_692bd179bc72,2026-02-12T19:55:14,Alicia,Stout,jamiefox@example.net,605-841-6806 x134,United States,Referral,Partner Referral,Referral,/partner-referral,referral,organic,partner_referral,Taylor Brooks,Morgan Reed,New Lead,43,2026-02-12T20:24:14,2026-02-12T20:36:14,,
lead_c7070497ef94,2026-03-22T17:12:33,Richard,Mcdonald,peter58@example.com,794-963-8309 x723,Canada,Webinar,5-Day Investor Challenge,Webinar,/5-day-investor-challenge,webinar,organic,5-day_investor_challenge,Jordan Lee,Casey Bennett,New Lead,47,2026-03-22T19:28:33,2026-03-22T18:59:33,,
lead_d531946433c7,2026-05-02T07:11:19,Linda,Williams,berrydonald@example.org,+1 (962) 016-5557,Mexico,Organic,Organic Content,Organic,/organic-content,organic,organic,organic_content,Jordan Lee,Casey Bennett,New Lead,39,2026-05-02T08:09:19,2026-05-02T07:50:19,,
lead_f0a3c3c9ffa6,2026-01-21T13:27:40,Richard,Ramirez,hwade@example.com,1 (555) 751-2476,Canada,Meta Ads,Evergreen Wealth,Evergreen,/evergreen-wealth,meta_ads,paid_social,evergreen_wealth,Alex Morgan,Casey Bennett,Call Booked,44,2026-01-21T15:03:40,2026-01-21T13:47:40,book_baf922a2b904,
lead_d99a94aef550,2026-03-17T13:44:28,Adam,Williams,ymorgan@example.com,(324) 051-6654 x512,Canada,Referral,Partner Referral,Referral,/partner-referral,referral,organic,partner_referral,Alex Morgan,Riley Carter,New Lead,59,2026-03-17T14:43:28,2026-03-17T14:04:28,,
lead_3164197878f6,2026-01-09T12:46:13,Patricia,Hensley,casey89@example.net,640-233-8686 x083,Mexico,Webinar,VIP Webinar,Webinar,/vip-webinar,webinar,organic,vip_webinar,Jordan Lee,Casey Bennett,New Lead,81,2026-01-09T13:08:13,2026-01-09T13:07:13,,
lead_df5c4353981c,2026-01-20T18:29:08,Lori,Camacho,chavezsusan@example.com,(309) 442-3860,United States,Webinar,VIP Webinar,Webinar,/vip-webinar,webinar,organic,vip_webinar,Taylor Brooks,Morgan Reed,New Lead,71,2026-01-20T20:51:08,2026-01-20T18:42:08,,
lead_4a37a44ee69a,2026-04-27T11:35:00,Brandon,Steele,fernandezjill@example.org,294-134-9096,France,Meta Ads,Evergreen Wealth,Evergreen,/evergreen-wealth,meta_ads,paid_social,evergreen_wealth,Taylor Brooks,Casey Bennett,New Lead,48,2026-04-27T13:03:00,2026-04-27T13:02:00,,
lead_32dce99f2d75,2026-03-06T11:26:56,Madison,Alvarez,kparrish@example.com,545 284 1356,United States,Referral,Partner Referral,Referral,/partner-referral,referral,organic,partner_referral,Taylor Brooks,Casey Bennett,New Lead,64,2026-03-06T12:15:56,2026-03-06T11:44:56,,
lead_82cb9f4d0623,2026-01-14T02:38:08,Alisha,Evans,marshallmichael@example.com,948-095-7394 x059,Canada,Direct,Direct Traffic,Evergreen,/direct-traffic,direct,organic,direct_traffic,Taylor Brooks,Casey Bennett,New Lead,59,2026-01-14T04:08:08,2026-01-14T04:03:08,,
lead_e5ae0f845944,2026-04-08T18:06:26,Brandon,Barrett,tsmith@example.net,1-642-031-5892,United States,Google Ads,High Intent Search,Evergreen,/high-intent-search,google_ads,cpc,high_intent_search,Alex Morgan,Morgan Reed,New Lead,65,2026-04-08T20:41:26,2026-04-08T18:27:26,,
lead_6d8533ffde2b,2026-03-01T23:20:20,Abigail,Bishop,mcdonaldmegan@example.org,831-977-7486,United States,Meta Ads,Evergreen Wealth,Evergreen,/evergreen-wealth,meta_ads,paid_social,evergreen_wealth,Alex Morgan,Riley Carter,New Lead,68,2026-03-02T00:25:20,2026-03-01T23:33:20,,
lead_4bc18fb898cf,2026-03-14T17:24:23,Michael,Diaz,douglascarl@example.com,1-982-308-8295,Canada,Meta Ads,Evergreen Wealth,Evergreen,/evergreen-wealth,meta_ads,paid_social,evergreen_wealth,Alex Morgan,Casey Bennett,Consultation Showed,52,2026-03-14T19:36:23,2026-03-14T18:09:23,book_f2e59ca28f82,
lead_dd77751b36d7,2026-02-16T05:27:30,Morgan,Horton,daniel62@example.org,(826) 058-6942,France,Meta Ads,Evergreen Wealth,Evergreen,/evergreen-wealth,meta_ads,paid_social,evergreen_wealth,Jordan Lee,Riley Carter,New Lead,43,2026-02-16T08:05:30,2026-02-16T05:43:30,,
lead_8df5b136433d,2026-02-24T00:09:47,Robert,Castillo,coreyhendrix@example.org,266-293-1518,United States,Webinar,5-Day Investor Challenge,Webinar,/5-day-investor-challenge,webinar,organic,5-day_investor_challenge,Alex Morgan,Riley Carter,New Lead,86,2026-02-24T01:35:47,2026-02-24T00:59:47,,
lead_4aa72444d4ba,2026-05-06T20:06:54,Taylor,Mason,kimberly65@example.com,1-869-890-6232,United States,Webinar,VIP Webinar,Webinar,/vip-webinar,webinar,organic,vip_webinar,Alex Morgan,Riley Carter,New Lead,75,2026-05-06T21:24:54,2026-05-06T20:25:54,,
lead_aca85af094c0,2026-02-09T23:10:43,Jenny,Robinson,nwilson@example.net,522-379-0065,Canada,Meta Ads,Evergreen Wealth,Evergreen,/evergreen-wealth,meta_ads,paid_social,evergreen_wealth,Taylor Brooks,Morgan Reed,New Lead,48,2026-02-10T01:33:43,2026-02-09T23:16:43,,
lead_2b1a3888abf5,2026-04-29T01:46:47,Monique,Klein,jbrown@example.com,979-541-7675 x539,Canada,Webinar,5-Day Investor Challenge,Webinar,/5-day-investor-challenge,webinar,organic,5-day_investor_challenge,Alex Morgan,Casey Bennett,New Lead,53,2026-04-29T03:28:47,2026-04-29T02:18:47,,
lead_7fbaa16682de,2026-06-18T21:52:22,Chris,Cardenas,cameronkaitlyn@example.com,(915) 915-7908 x945,Canada,Referral,Partner Referral,Referral,/partner-referral,referral,organic,partner_referral,Alex Morgan,Morgan Reed,No Show,57,2026-06-19T00:02:22,2026-06-18T22:07:22,book_7bc703004490,
lead_82a17a0198b6,2026-02-09T15:44:03,Vanessa,Gill,jjackson@example.org,(248) 876-3802 x076,Canada,Referral,Partner Referral,Referral,/partner-referral,referral,organic,partner_referral,Taylor Brooks,Riley Carter,Consultation Showed,64,2026-02-09T16:21:03,2026-02-09T16:25:03,book_bebf81fe06d2,
lead_3c5c104cfb06,2026-02-15T21:17:06,Edward,Wheeler,whiteshari@example.net,751-881-2988,Canada,Webinar,5-Day Investor Challenge,Webinar,/5-day-investor-challenge,webinar,organic,5-day_investor_challenge,Taylor Brooks,Casey Bennett,New Lead,34,2026-02-15T23:31:06,2026-02-15T21:22:06,,
lead_e7a628a87125,2026-02-08T08:35:08,Melanie,Mueller,dixondennis@example.org,306-690-1079 x237,Canada,Meta Ads,Mentorship VSL,Evergreen,/mentorship-vsl,meta_ads,paid_social,mentorship_vsl,Taylor Brooks,Morgan Reed,New Lead,65,2026-02-08T09:42:08,2026-02-08T08:55:08,,
lead_f457a9c3226e,2026-03-29T01:05:42,Bridget,Thomas,jeffreywhitehead@example.net,+1 (649) 703-5067,Canada,Meta Ads,Mentorship VSL,Evergreen,/mentorship-vsl,meta_ads,paid_social,mentorship_vsl,Jordan Lee,Morgan Reed,New Lead,49,2026-03-29T03:52:42,2026-03-29T01:08:42,,
lead_493aecad1253,2026-03-19T07:57:13,Steve,Mendez,wendylee@example.com,607-731-2315 x550,Canada,Email Campaign,Database Reactivation,Evergreen,/database-reactivation,email_campaign,organic,database_reactivation,Jordan Lee,Casey Bennett,New Lead,79,2026-03-19T09:38:13,2026-03-19T08:18:13,,
lead_57e7a875664b,2026-05-28T15:22:07,Scott,Stein,david18@example.com,(484) 440-4588,Mexico,Organic,Organic Content,Organic,/organic-content,organic,organic,organic_content,Jordan Lee,Morgan Reed,New Lead,63,2026-05-28T16:06:07,2026-05-28T15:46:07,,
lead_8595454e8ebc,2026-06-15T20:07:30,Daniel,Jones,parkertimothy@example.org,623.503.6871,United States,Webinar,VIP Webinar,Webinar,/vip-webinar,webinar,organic,vip_webinar,Jordan Lee,Riley Carter,New Lead,33,2026-06-15T20:33:30,2026-06-15T20:44:30,,
lead_221c2d1d53c9,2026-02-19T23:03:58,Courtney,Long,manningbrandi@example.com,597-802-3445 x684,Canada,Organic,Organic Content,Organic,/organic-content,organic,organic,organic_content,Jordan Lee,Casey Bennett,New Lead,60,2026-02-20T00:45:58,2026-02-20T00:04:58,,
lead_89ed69b9366f,2026-01-14T23:15:47,Robert,Kennedy,angel36@example.net,+1 (440) 163-2957,Canada,Google Ads,Real Estate Mentorship,Evergreen,/real-estate-mentorship,google_ads,cpc,real_estate_mentorship,Jordan Lee,Morgan Reed,New Lead,100,2026-01-15T00:45:47,2026-01-15T00:04:47,,
lead_a0ceda492020,2026-01-01T19:28:58,Katherine,Hunter,mistykelly@example.com,1 (972) 927-3186,Mexico,Meta Ads,Evergreen Wealth,Evergreen,/evergreen-wealth,meta_ads,paid_social,evergreen_wealth,Taylor Brooks,Riley Carter,New Lead,85,2026-01-01T19:36:58,2026-01-01T19:34:58,,
lead_043fea4aacb3,2026-06-29T18:01:59,Kim,Clark,taylormaria@example.com,(654) 233-2416 x518,Mexico,Google Ads,Real Estate Mentorship,Evergreen,/real-estate-mentorship,google_ads,cpc,real_estate_mentorship,Taylor Brooks,Casey Bennett,New Lead,62,2026-06-29T19:52:59,2026-06-29T18:27:59,,
lead_f6c36694ad8e,2026-05-05T11:30:12,Courtney,King,brandyrobles@example.org,934-467-4621 x595,Canada,Google Ads,Real Estate Mentorship,Evergreen,/real-estate-mentorship,google_ads,cpc,real_estate_mentorship,Alex Morgan,Morgan Reed,New Lead,50,2026-05-05T14:05:12,2026-05-05T12:01:12,,
lead_f781d5501e96,2026-02-07T17:10:08,Justin,Miller,nadams@example.org,+1 (217) 050-2218,France,Google Ads,High Intent Search,Evergreen,/high-intent-search,google_ads,cpc,high_intent_search,Taylor Brooks,Casey Bennett,New Lead,63,2026-02-07T19:06:08,2026-02-07T17:30:08,,
lead_6486df5fdfec,2026-05-04T07:13:12,Richard,Arnold,patricia13@example.com,1-576-094-8377,United States,Organic,Organic Content,Organic,/organic-content,organic,organic,organic_content,Taylor Brooks,Casey Bennett,Consultation Showed,69,2026-05-04T08:52:12,2026-05-04T07:22:12,book_5e480117cf50,
lead_5bc1bebb2420,2026-02-17T01:26:46,Anthony,Davies,amandaroberts@example.net,(330) 265-0996,Canada,Email Campaign,Database Reactivation,Evergreen,/database-reactivation,email_campaign,organic,database_reactivation,Jordan Lee,Riley Carter,New Lead,39,2026-02-17T03:33:46,2026-02-17T01:49:46,,
lead_c669abf1901f,2026-05-16T10:27:08,Darryl,Macdonald,dbennett@example.org,+1 (566) 610-2563,United States,Referral,Partner Referral,Referral,/partner-referral,referral,organic,partner_referral,Jordan Lee,Riley Carter,New Lead,87,2026-05-16T13:22:08,2026-05-16T10:50:08,,
lead_9563f17daafe,2026-02-19T09:04:05,Gordon,Clements,taylormelinda@example.org,734 998 0137,United States,Google Ads,High Intent Search,Evergreen,/high-intent-search,google_ads,cpc,high_intent_search,Taylor Brooks,Morgan Reed,New Lead,63,2026-02-19T10:12:05,2026-02-19T09:25:05,,
lead_3f94ef7ff303,2026-05-06T03:06:34,Angela,Vance,wellsshaun@example.org,1 (324) 461-4409,Canada,Meta Ads,Evergreen Wealth,Evergreen,/evergreen-wealth,meta_ads,paid_social,evergreen_wealth,Taylor Brooks,Morgan Reed,No Show,69,2026-05-06T04:49:34,2026-05-06T03:24:34,book_0bf438143bda,
lead_1ce99de12ca1,2026-06-20T02:29:04,Jason,Frank,bryan46@example.com,+1 (342) 601-8637,Canada,Organic,Organic Content,Organic,/organic-content,organic,organic,organic_content,Jordan Lee,Casey Bennett,New Lead,86,2026-06-20T04:22:04,2026-06-20T03:26:04,,
lead_cfea0fd44b8f,2026-04-24T19:19:46,Noah,Jones,jill69@example.net,1 (559) 227-7641,United States,Referral,Client Referral,Referral,/client-referral,referral,organic,client_referral,Taylor Brooks,Morgan Reed,Consultation Showed,78,2026-04-24T20:42:46,2026-04-24T19:47:46,book_0d20d09e3b15,
lead_eef15163f87e,2026-05-31T19:38:34,Cathy,Johnson,aaron25@example.com,934.448.6722,Mexico,Meta Ads,Mentorship VSL,Evergreen,/mentorship-vsl,meta_ads,paid_social,mentorship_vsl,Jordan Lee,Riley Carter,New Lead,78,2026-05-31T21:11:34,2026-05-31T20:13:34,,
lead_9984038f3392,2026-03-19T06:40:32,Renee,Perez,turnerkari@example.org,445.461.5749,Canada,Meta Ads,Mentorship VSL,Evergreen,/mentorship-vsl,meta_ads,paid_social,mentorship_vsl,Alex Morgan,Casey Bennett,New Lead,69,2026-03-19T08:03:32,2026-03-19T06:58:32,,
lead_4b4a607f4d6b,2026-05-31T05:54:24,Eduardo,Davis,heather97@example.net,(479) 531-2040 x954,Canada,Meta Ads,Evergreen Wealth,Evergreen,/evergreen-wealth,meta_ads,paid_social,evergreen_wealth,Taylor Brooks,Casey Bennett,Cancelled,56,2026-05-31T07:45:24,2026-05-31T06:22:24,book_58f7397df829,
lead_6004d246b492,2026-02-04T06:05:22,Scott,Curtis,mdavis@example.org,(258) 001-8731 x439,Canada,Webinar,5-Day Investor Challenge,Webinar,/5-day-investor-challenge,webinar,organic,5-day_investor_challenge,Alex Morgan,Morgan Reed,New Lead,71,2026-02-04T07:45:22,2026-02-04T06:40:22,,
lead_2772fbeb3448,2026-03-29T12:13:53,Mark,Mays,jeremy78@example.com,710 781 8710,Mexico,Organic,Organic Content,Organic,/organic-content,organic,organic,organic_content,Alex Morgan,Morgan Reed,New Lead,61,2026-03-29T14:43:53,2026-03-29T12:43:53,,
lead_7f18d240876d,2026-06-07T03:02:44,Crystal,Flores,david70@example.com,(702) 693-3154 x230,Canada,Meta Ads,Evergreen Wealth,Evergreen,/evergreen-wealth,meta_ads,paid_social,evergreen_wealth,Jordan Lee,Casey Bennett,Cancelled,72,2026-06-07T03:56:44,2026-06-07T04:59:44,book_5f9d8e37a218,
lead_7850d8b18e00,2026-06-18T14:51:36,Arthur,Lopez,lopezwayne@example.com,1 (105) 224-1142,Canada,Referral,Partner Referral,Referral,/partner-referral,referral,organic,partner_referral,Jordan Lee,Morgan Reed,New Lead,59,2026-06-18T17:38:36,2026-06-18T15:57:36,,
lead_bcbbb2e43504,2026-01-13T11:29:04,Richard,Castillo,edwardsjonathan@example.net,301 663 3822,Canada,Google Ads,Real Estate Mentorship,Evergreen,/real-estate-mentorship,google_ads,cpc,real_estate_mentorship,Alex Morgan,Casey Bennett,New Lead,73,2026-01-13T13:01:04,2026-01-13T11:45:04,,
lead_3a203cc8a5b6,2026-01-02T20:18:13,Melissa,Ramirez,esparzajesse@example.net,122 056 2019,Canada,Organic,Organic Content,Organic,/organic-content,organic,organic,organic_content,Alex Morgan,Riley Carter,New Lead,80,2026-01-02T20:38:13,2026-01-02T21:24:13,,
lead_0b0e6b63caea,2026-01-19T19:18:56,Melissa,Wilson,jonathanparker@example.org,333.252.8613,Canada,Organic,Organic Content,Organic,/organic-content,organic,organic,organic_content,Alex Morgan,Casey Bennett,No Show,54,2026-01-19T20:17:56,2026-01-19T19:38:56,book_6bc5f223746f,
lead_67103bc41883,2026-04-05T08:34:48,John,Harper,marisa64@example.com,734 286 4497,United States,Organic,Organic Content,Organic,/organic-content,organic,organic,organic_content,Taylor Brooks,Casey Bennett,New Lead,51,2026-04-05T10:40:48,2026-04-05T08:42:48,,
lead_63588b8c87b7,2026-06-22T20:24:35,Laura,Thompson,rjordan@example.org,995-367-7349,France,Meta Ads,Mentorship VSL,Evergreen,/mentorship-vsl,meta_ads,paid_social,mentorship_vsl,Alex Morgan,Casey Bennett,New Lead,49,2026-06-22T21:56:35,2026-06-22T21:37:35,,
lead_28a508ced341,2026-04-29T14:34:35,Dana,Ward,wgreer@example.com,852.665.5914,France,Referral,Client Referral,Referral,/client-referral,referral,organic,client_referral,Jordan Lee,Morgan Reed,Consultation Showed,64,2026-04-29T14:53:35,2026-04-29T15:29:35,book_c77ce45b0ed1,
lead_501bc213bd77,2026-03-20T00:33:45,Kathryn,Price,mitchellsanchez@example.net,(609) 664-1475 x336,Canada,Meta Ads,Mentorship VSL,Evergreen,/mentorship-vsl,meta_ads,paid_social,mentorship_vsl,Alex Morgan,Riley Carter,New Lead,39,2026-03-20T01:13:45,2026-03-20T01:15:45,,
lead_363cfbed84ba,2026-05-26T21:57:46,Erik,Humphrey,sandra66@example.net,1 (635) 389-6298,Canada,Meta Ads,Mentorship VSL,Evergreen,/mentorship-vsl,meta_ads,paid_social,mentorship_vsl,Taylor Brooks,Riley Carter,New Lead,9,2026-05-26T23:05:46,2026-05-26T22:32:46,,
lead_a7e38ba38822,2026-04-10T23:40:23,Julie,Moore,nataliemann@example.com,492-415-7127 x638,United States,Referral,Client Referral,Referral,/client-referral,referral,organic,client_referral,Alex Morgan,Riley Carter,New Lead,41,2026-04-11T01:30:23,2026-04-11T00:08:23,,
lead_ae131f80a30b,2026-01-04T05:30:10,Mario,Lewis,robert58@example.net,+1 (839) 061-6824,Canada,Email Campaign,Database Reactivation,Evergreen,/database-reactivation,email_campaign,organic,database_reactivation,Alex Morgan,Riley Carter,Consultation Showed,69,2026-01-04T08:17:10,2026-01-04T06:56:10,book_6e17fb6243e5,
lead_bc61dc732d87,2026-02-15T08:27:43,Brittany,Young,perrymichael@example.org,(811) 683-7103 x073,Canada,Meta Ads,Investor Calculator,Evergreen,/investor-calculator,meta_ads,paid_social,investor_calculator,Taylor Brooks,Riley Carter,No Show,81,2026-02-15T11:07:43,2026-02-15T09:15:43,book_7a4592737cbc,
lead_14d54432384b,2026-03-25T02:14:03,David,Brown,kimberlymejia@example.org,1-589-678-0826,France,Webinar,VIP Webinar,Webinar,/vip-webinar,webinar,organic,vip_webinar,Taylor Brooks,Morgan Reed,Consultation Showed,95,2026-03-25T04:20:03,2026-03-25T02:29:03,book_e6deee52283f,
lead_97cc216dbcdb,2026-04-28T21:38:06,Audrey,Wilson,wernerraymond@example.org,1-576-254-2926,United States,Webinar,VIP Webinar,Webinar,/vip-webinar,webinar,organic,vip_webinar,Taylor Brooks,Riley Carter,New Lead,63,2026-04-28T22:32:06,2026-04-28T22:47:06,,
lead_9c2a7232e7b3,2026-01-25T19:52:37,Maxwell,Sullivan,carlastevens@example.net,1-703-694-8112,United States,Webinar,5-Day Investor Challenge,Webinar,/5-day-investor-challenge,webinar,organic,5-day_investor_challenge,Jordan Lee,Riley Carter,New Lead,49,2026-01-25T22:04:37,2026-01-25T21:14:37,,
lead_4f0630de971c,2026-02-02T15:10:58,Jacqueline,Reyes,ashley19@example.com,206-833-5391 x016,France,Direct,Direct Traffic,Evergreen,/direct-traffic,direct,organic,direct_traffic,Jordan Lee,Riley Carter,New Lead,48,2026-02-02T17:09:58,2026-02-02T15:27:58,,
lead_1015cb8dbc08,2026-02-11T02:19:03,Geoffrey,Glover,wilsonkimberly@example.org,1-890-133-3443,United States,Organic,Organic Content,Organic,/organic-content,organic,organic,organic_content,Taylor Brooks,Riley Carter,New Lead,40,2026-02-11T03:07:03,2026-02-11T02:40:03,,
lead_3b0fed45ce38,2026-05-19T23:42:26,Samantha,Barnes,ndouglas@example.net,1-281-409-8410,Canada,Meta Ads,Investor Calculator,Evergreen,/investor-calculator,meta_ads,paid_social,investor_calculator,Jordan Lee,Casey Bennett,New Lead,52,2026-05-19T23:54:26,2026-05-20T01:10:26,,
lead_9666899f774f,2026-05-20T15:35:54,Michelle,Snyder,benjaminmcknight@example.net,516.049.9100,United States,Webinar,5-Day Investor Challenge,Webinar,/5-day-investor-challenge,webinar,organic,5-day_investor_challenge,Taylor Brooks,Morgan Reed,New Lead,58,2026-05-20T16:45:54,2026-05-20T16:18:54,,
lead_3afd0de1af08,2026-01-18T13:29:20,Diana,Livingston,hernandezanna@example.com,+1 (516) 801-9903,Mexico,Referral,Client Referral,Referral,/client-referral,referral,organic,client_referral,Taylor Brooks,Riley Carter,New Lead,72,2026-01-18T14:59:20,2026-01-18T13:36:20,,
lead_e676d8480305,2026-03-15T04:59:43,Drew,Blevins,jonathanwoodard@example.com,1-184-203-5316,United States,Meta Ads,Investor Calculator,Evergreen,/investor-calculator,meta_ads,paid_social,investor_calculator,Taylor Brooks,Casey Bennett,New Lead,56,2026-03-15T06:41:43,2026-03-15T05:06:43,,
lead_207cfaf6f3fd,2026-02-20T07:27:55,Heather,Cunningham,tuckersheila@example.net,838.601.5711,Canada,Webinar,5-Day Investor Challenge,Webinar,/5-day-investor-challenge,webinar,organic,5-day_investor_challenge,Alex Morgan,Morgan Reed,New Lead,99,2026-02-20T08:01:55,2026-02-20T07:38:55,,
lead_f2aa645cccbf,2026-05-25T14:10:12,Darren,Mcdowell,aguilarkyle@example.org,247 028 8141,Canada,Google Ads,High Intent Search,Evergreen,/high-intent-search,google_ads,cpc,high_intent_search,Alex Morgan,Casey Bennett,New Lead,58,2026-05-25T14:44:12,2026-05-25T15:18:12,,
lead_f4db878f8445,2026-03-02T08:25:40,David,Ferguson,logan71@example.net,(267) 857-6463,Canada,Email Campaign,Database Reactivation,Evergreen,/database-reactivation,email_campaign,organic,database_reactivation,Alex Morgan,Casey Bennett,New Lead,43,2026-03-02T08:45:40,2026-03-02T09:56:40,,
lead_2d969fec0d5a,2026-05-30T18:25:46,John,Kramer,johnsondana@example.com,561.942.3215,United States,Direct,Direct Traffic,Evergreen,/direct-traffic,direct,organic,direct_traffic,Alex Morgan,Riley Carter,New Lead,60,2026-05-30T20:03:46,2026-05-30T19:16:46,,
lead_ff3df0e0afae,2026-01-21T16:43:35,Natalie,Jones,christopherrogers@example.com,669-626-1684,Canada,Referral,Partner Referral,Referral,/partner-referral,referral,organic,partner_referral,Jordan Lee,Casey Bennett,Consultation Showed,87,2026-01-21T18:29:35,2026-01-21T17:23:35,book_198c2f0da6a0,
lead_e04befae1378,2026-06-12T13:42:44,Matthew,Murillo,katherinecrawford@example.com,502.547.1798,Canada,Meta Ads,Investor Calculator,Evergreen,/investor-calculator,meta_ads,paid_social,investor_calculator,Jordan Lee,Morgan Reed,New Lead,61,2026-06-12T14:43:44,2026-06-12T14:41:44,,
lead_0b148bf3b470,2026-05-26T01:33:05,Abigail,Melendez,ronald94@example.net,(700) 519-5675,Mexico,Organic,Organic Content,Organic,/organic-content,organic,organic,organic_content,Taylor Brooks,Morgan Reed,New Lead,42,2026-05-26T04:28:05,2026-05-26T01:41:05,,
lead_4c28cf401a28,2026-04-08T13:15:04,Jared,Cox,olivia27@example.net,572.662.5650,Canada,Organic,Organic Content,Organic,/organic-content,organic,organic,organic_content,Taylor Brooks,Riley Carter,New Lead,59,2026-04-08T13:51:04,2026-04-08T13:45:04,,
lead_6cc6eb5774b8,2026-04-07T02:59:10,Patrick,Smith,alvaradochristopher@example.net,1-913-068-6240,United States,Organic,Organic Content,Organic,/organic-content,organic,organic,organic_content,Jordan Lee,Morgan Reed,New Lead,96,2026-04-07T04:18:10,2026-04-07T03:12:10,,
lead_3754639f7eb2,2026-01-30T15:38:38,Sean,Morton,smithdanielle@example.com,+1 (189) 041-7282,Mexico,Direct,Direct Traffic,Evergreen,/direct-traffic,direct,organic,direct_traffic,Alex Morgan,Riley Carter,New Lead,66,2026-01-30T16:36:38,2026-01-30T17:29:38,,
lead_0c3f8de71e9f,2026-06-16T08:52:42,Thomas,Jackson,martinezmolly@example.net,523 282 2282,United States,Webinar,5-Day Investor Challenge,Webinar,/5-day-investor-challenge,webinar,organic,5-day_investor_challenge,Jordan Lee,Riley Carter,New Lead,64,2026-06-16T11:01:42,2026-06-16T09:27:42,,
lead_aee2a30ae778,2026-01-05T04:30:14,Alexander,Ramirez,michelle83@example.com,1-200-410-8479,Canada,Email Campaign,Database Reactivation,Evergreen,/database-reactivation,email_campaign,organic,database_reactivation,Jordan Lee,Riley Carter,Consultation Showed,59,2026-01-05T06:55:14,2026-01-05T04:45:14,book_25a7630643c4,
lead_b2e01c5aa928,2026-05-28T03:12:14,Jeremy,Wu,bushsharon@example.com,153-572-2892,Canada,Organic,Organic Content,Organic,/organic-content,organic,organic,organic_content,Taylor Brooks,Riley Carter,Call Booked,37,2026-05-28T04:57:14,2026-05-28T03:52:14,book_03bd37486e69,
lead_00b03183fa98,2026-06-29T05:47:20,Latasha,Kim,bowmansharon@example.com,580-978-3028 x010,United States,Meta Ads,Mentorship VSL,Evergreen,/mentorship-vsl,meta_ads,paid_social,mentorship_vsl,Taylor Brooks,Casey Bennett,New Lead,54,2026-06-29T06:41:20,2026-06-29T06:30:20,,
lead_3e4158be96e1,2026-05-27T01:48:57,Curtis,Roberts,john19@example.com,381 447 8674,Mexico,Meta Ads,Investor Calculator,Evergreen,/investor-calculator,meta_ads,paid_social,investor_calculator,Alex Morgan,Riley Carter,New Lead,44,2026-05-27T04:21:57,2026-05-27T01:55:57,,
lead_6d3c7a68c4d7,2026-02-01T18:52:17,Andrea,Thompson,andrewwalker@example.com,580-378-9121 x397,Canada,Meta Ads,Mentorship VSL,Evergreen,/mentorship-vsl,meta_ads,paid_social,mentorship_vsl,Taylor Brooks,Casey Bennett,New Lead,87,2026-02-01T21:24:17,2026-02-01T19:15:17,,
lead_6f797c1c8600,2026-02-10T17:34:55,Sarah,Mckee,acarlson@example.com,1 (985) 575-9940,Mexico,Meta Ads,Evergreen Wealth,Evergreen,/evergreen-wealth,meta_ads,paid_social,evergreen_wealth,Alex Morgan,Riley Carter,New Lead,35,2026-02-10T18:34:55,2026-02-10T18:25:55,,
lead_255118b2f5b9,2026-05-21T23:12:25,Katherine,Lopez,flowerscarrie@example.com,245-289-8606,Canada,Referral,Client Referral,Referral,/client-referral,referral,organic,client_referral,Alex Morgan,Casey Bennett,New Lead,42,2026-05-22T01:44:25,2026-05-22T00:00:25,,
lead_718bac22f7d0,2026-05-12T22:26:39,Jessica,Price,ostevens@example.com,1-257-016-5276,Mexico,Email Campaign,Database Reactivation,Evergreen,/database-reactivation,email_campaign,organic,database_reactivation,Alex Morgan,Casey Bennett,New Lead,49,2026-05-12T23:14:39,2026-05-12T23:44:39,,
lead_f792eb093208,2026-01-11T04:32:16,Sara,Barnes,evansrachel@example.org,353 084 3769,France,Direct,Direct Traffic,Evergreen,/direct-traffic,direct,organic,direct_traffic,Taylor Brooks,Casey Bennett,New Lead,78,2026-01-11T05:07:16,2026-01-11T05:02:16,,
lead_0e960f8db594,2026-05-02T17:54:13,Danielle,Sweeney,joseph77@example.org,1 (508) 423-2423,Canada,Organic,Organic Content,Organic,/organic-content,organic,organic,organic_content,Alex Morgan,Morgan Reed,New Lead,35,2026-05-02T19:42:13,2026-05-02T18:05:13,,
lead_71acb7f11558,2026-05-14T14:14:17,William,Wang,christopher24@example.org,1 (853) 691-5855,France,Google Ads,Real Estate Mentorship,Evergreen,/real-estate-mentorship,google_ads,cpc,real_estate_mentorship,Taylor Brooks,Riley Carter,Cancelled,74,2026-05-14T16:51:17,2026-05-14T14:34:17,book_dae069d34f10,
lead_81be6d79e11e,2026-06-01T00:29:17,Juan,Frye,cruzmary@example.net,+1 (402) 425-7033,Mexico,Google Ads,High Intent Search,Evergreen,/high-intent-search,google_ads,cpc,high_intent_search,Taylor Brooks,Casey Bennett,New Lead,12,2026-06-01T02:32:17,2026-06-01T00:38:17,,
lead_72e33ce300cc,2026-03-28T10:24:05,Diane,Oliver,emma45@example.org,(115) 828-6304,Canada,Meta Ads,Mentorship VSL,Evergreen,/mentorship-vsl,meta_ads,paid_social,mentorship_vsl,Alex Morgan,Morgan Reed,New Lead,66,2026-03-28T12:03:05,2026-03-28T10:47:05,,
lead_3aaeb20bc8d0,2026-05-10T20:47:51,Rhonda,Taylor,slong@example.net,172.174.2922,Canada,Meta Ads,Mentorship VSL,Evergreen,/mentorship-vsl,meta_ads,paid_social,mentorship_vsl,Taylor Brooks,Riley Carter,Call Booked,49,2026-05-10T23:02:51,2026-05-10T22:13:51,book_fa1777e5b040,
lead_6e08d6966057,2026-02-23T03:39:00,Kevin,Russell,rebeccahoward@example.org,666 937 0632,United States,Direct,Direct Traffic,Evergreen,/direct-traffic,direct,organic,direct_traffic,Alex Morgan,Casey Bennett,New Lead,76,2026-02-23T04:08:00,2026-02-23T04:02:00,,
lead_908c807c84ba,2026-02-27T22:28:26,Karen,Maddox,combsbrenda@example.net,148-502-2061,Canada,Organic,Organic Content,Organic,/organic-content,organic,organic,organic_content,Jordan Lee,Morgan Reed,New Lead,51,2026-02-28T00:59:26,2026-02-27T22:35:26,,
lead_8571198bb996,2026-03-20T16:58:37,Daniel,Allen,jasonmontgomery@example.com,319-000-0295 x616,Canada,Webinar,5-Day Investor Challenge,Webinar,/5-day-investor-challenge,webinar,organic,5-day_investor_challenge,Taylor Brooks,Riley Carter,New Lead,74,2026-03-20T17:08:37,2026-03-20T17:36:37,,
lead_e05e3ea5f9e4,2026-05-27T07:36:10,Jack,Peterson,holly18@example.net,1 (159) 407-9923,France,Organic,Organic Content,Organic,/organic-content,organic,organic,organic_content,Alex Morgan,Morgan Reed,Consultation Showed,58,2026-05-27T08:34:10,2026-05-27T07:58:10,book_0df57d5691b6,
lead_ae55edb72dd5,2026-01-02T00:48:41,Justin,Chan,derrickyoung@example.com,278-145-6474 x370,Canada,Webinar,5-Day Investor Challenge,Webinar,/5-day-investor-challenge,webinar,organic,5-day_investor_challenge,Jordan Lee,Morgan Reed,Consultation Showed,57,2026-01-02T03:15:41,2026-01-02T00:52:41,book_0d797f35de9f,
lead_6d49a2a1ffa3,2026-02-10T01:06:03,Christina,Landry,james91@example.org,176-665-0527 x612,Canada,Meta Ads,Mentorship VSL,Evergreen,/mentorship-vsl,meta_ads,paid_social,mentorship_vsl,Taylor Brooks,Casey Bennett,New Lead,41,2026-02-10T03:58:03,2026-02-10T01:53:03,,
lead_8ef106e4e36b,2026-01-17T10:18:45,Kristen,Moore,underwooddeborah@example.com,(906) 190-2231 x167,Canada,Webinar,5-Day Investor Challenge,Webinar,/5-day-investor-challenge,webinar,organic,5-day_investor_challenge,Jordan Lee,Riley Carter,New Lead,74,2026-01-17T10:54:45,2026-01-17T10:52:45,,
lead_00af8fc57744,2026-01-01T00:23:55,Erin,Ramos,esoto@example.net,+1 (635) 322-3718,Canada,Meta Ads,Mentorship VSL,Evergreen,/mentorship-vsl,meta_ads,paid_social,mentorship_vsl,Taylor Brooks,Casey Bennett,Cancelled,60,2026-01-01T01:31:55,2026-01-01T00:48:55,book_401c2508a852,
lead_0332ea12865f,2026-01-28T03:46:18,Brenda,Jones,nicholasreid@example.net,1-585-637-1142,Canada,Referral,Client Referral,Referral,/client-referral,referral,organic,client_referral,Jordan Lee,Riley Carter,Consultation Showed,64,2026-01-28T06:18:18,2026-01-28T04:01:18,book_428e2b3dcf96,
lead_f423b1a23195,2026-04-28T16:58:00,James,Williams,shawnrogers@example.org,(792) 313-2465 x986,Canada,Email Campaign,Database Reactivation,Evergreen,/database-reactivation,email_campaign,organic,database_reactivation,Taylor Brooks,Morgan Reed,New Lead,59,2026-04-28T19:20:00,2026-04-28T17:51:00,,
lead_60fdb3993ffa,2026-02-16T00:58:03,Cheyenne,Martinez,ifischer@example.net,1-617-837-6591,Canada,Referral,Partner Referral,Referral,/partner-referral,referral,organic,partner_referral,Jordan Lee,Morgan Reed,New Lead,71,2026-02-16T01:12:03,2026-02-16T01:18:03,,
lead_b52bf03194e7,2026-04-25T21:54:33,Paula,Calhoun,blakegarcia@example.com,465-266-4267,Canada,Email Campaign,Database Reactivation,Evergreen,/database-reactivation,email_campaign,organic,database_reactivation,Taylor Brooks,Riley Carter,New Lead,24,2026-04-25T23:30:33,2026-04-25T22:52:33,,
lead_4c7c8394ed3a,2026-02-20T14:49:51,Monica,Wood,tonyholder@example.com,1 (733) 756-5697,United States,Google Ads,Real Estate Mentorship,Evergreen,/real-estate-mentorship,google_ads,cpc,real_estate_mentorship,Alex Morgan,Casey Bennett,Consultation Showed,51,2026-02-20T16:31:51,2026-02-20T16:12:51,book_b64f2ea1ec6b,
lead_6cfc051e6de4,2026-05-12T08:50:17,Jorge,Alexander,brianna22@example.com,1-351-046-2506,Mexico,Google Ads,Real Estate Mentorship,Evergreen,/real-estate-mentorship,google_ads,cpc,real_estate_mentorship,Alex Morgan,Riley Carter,New Lead,76,2026-05-12T10:43:17,2026-05-12T09:36:17,,
lead_29c47ebc7c3a,2026-05-23T06:30:45,Tara,Barnes,vferguson@example.org,606 276 7293,France,Meta Ads,Mentorship VSL,Evergreen,/mentorship-vsl,meta_ads,paid_social,mentorship_vsl,Taylor Brooks,Riley Carter,Call Booked,46,2026-05-23T07:43:45,2026-05-23T06:41:45,book_1ca3da1ae33e,
lead_aafd7b035be0,2026-04-20T10:45:46,Jacqueline,Austin,jonathanwiley@example.org,429.146.5022,United States,Meta Ads,Investor Calculator,Evergreen,/investor-calculator,meta_ads,paid_social,investor_calculator,Taylor Brooks,Riley Carter,New Lead,45,2026-04-20T13:38:46,2026-04-20T11:11:46,,
lead_0b2a317093f5,2026-03-03T10:20:45,Kelly,Snyder,mitchellmichael@example.com,325-184-0703 x398,Canada,Meta Ads,Evergreen Wealth,Evergreen,/evergreen-wealth,meta_ads,paid_social,evergreen_wealth,Taylor Brooks,Morgan Reed,New Lead,42,2026-03-03T12:16:45,2026-03-03T12:32:45,,
lead_44cfb9bb86dc,2026-04-14T04:49:49,Clayton,Chavez,kimlee@example.net,109 451 6767,United States,Meta Ads,Evergreen Wealth,Evergreen,/evergreen-wealth,meta_ads,paid_social,evergreen_wealth,Jordan Lee,Morgan Reed,New Lead,60,2026-04-14T05:22:49,2026-04-14T05:10:49,,
lead_83a31564acbb,2026-03-12T10:51:40,Randall,Russell,emilyallison@example.net,+1 (530) 112-2008,United States,Meta Ads,Evergreen Wealth,Evergreen,/evergreen-wealth,meta_ads,paid_social,evergreen_wealth,Alex Morgan,Morgan Reed,New Lead,51,2026-03-12T12:21:40,2026-03-12T11:03:40,,
lead_f012c6410555,2026-03-15T05:40:27,Wesley,Adams,xmontoya@example.net,(933) 679-6082,Canada,Meta Ads,Evergreen Wealth,Evergreen,/evergreen-wealth,meta_ads,paid_social,evergreen_wealth,Alex Morgan,Morgan Reed,New Lead,52,2026-03-15T06:41:27,2026-03-15T06:22:27,,
lead_74e730acae97,2026-06-20T00:10:52,Catherine,Jimenez,terrypatrick@example.com,1-594-692-0856,Canada,Meta Ads,Mentorship VSL,Evergreen,/mentorship-vsl,meta_ads,paid_social,mentorship_vsl,Jordan Lee,Morgan Reed,New Lead,49,2026-06-20T01:33:52,2026-06-20T00:40:52,,
lead_66e8df50f45c,2026-04-18T02:22:23,Ashley,Flowers,camachodustin@example.net,1 (519) 350-0115,United States,Organic,Organic Content,Organic,/organic-content,organic,organic,organic_content,Alex Morgan,Morgan Reed,New Lead,63,2026-04-18T03:36:23,2026-04-18T02:31:23,,
lead_8fbf17084c11,2026-02-05T01:59:41,Peter,Alvarez,fernandezbrandon@example.net,(790) 441-0404 x315,Mexico,Meta Ads,Investor Calculator,Evergreen,/investor-calculator,meta_ads,paid_social,investor_calculator,Taylor Brooks,Riley Carter,New Lead,56,2026-02-05T03:32:41,2026-02-05T04:13:41,,
lead_ed4c911e2269,2026-04-03T14:20:14,Paul,Hicks,mcdanielmartha@example.org,(114) 837-4755 x803,Canada,Organic,Organic Content,Organic,/organic-content,organic,organic,organic_content,Alex Morgan,Riley Carter,New Lead,68,2026-04-03T16:56:14,2026-04-03T14:59:14,,
lead_6e3c48e77616,2026-05-08T16:27:55,Claudia,Smith,ublack@example.com,1-171-778-4019,Canada,Organic,Organic Content,Organic,/organic-content,organic,organic,organic_content,Taylor Brooks,Riley Carter,Consultation Showed,85,2026-05-08T17:04:55,2026-05-08T16:38:55,book_e67095e3c2eb,
lead_56e33003ec5a,2026-05-05T02:51:27,Eric,Ford,sullivancatherine@example.net,(237) 161-1586 x686,United States,Meta Ads,Mentorship VSL,Evergreen,/mentorship-vsl,meta_ads,paid_social,mentorship_vsl,Alex Morgan,Riley Carter,Cancelled,83,2026-05-05T04:30:27,2026-05-05T03:29:27,book_9c83d13e1676,
lead_e9fba1ce5e16,2026-02-05T13:19:44,Christopher,Duncan,lgonzales@example.net,(633) 261-7050 x583,France,Organic,Organic Content,Organic,/organic-content,organic,organic,organic_content,Jordan Lee,Riley Carter,Consultation Showed,86,2026-02-05T15:16:44,2026-02-05T13:37:44,book_696267030560,
lead_9cd93dbccdc4,2026-04-12T02:08:49,Jake,Kelly,chapmanrobert@example.com,385 353 3998,Canada,Meta Ads,Investor Calculator,Evergreen,/investor-calculator,meta_ads,paid_social,investor_calculator,Alex Morgan,Casey Bennett,New Lead,66,2026-04-12T03:11:49,2026-04-12T03:09:49,,
lead_5b7dd3e6ce01,2026-06-14T03:07:48,Justin,Hughes,clintonwhitehead@example.net,458-015-8466 x879,United States,Google Ads,Real Estate Mentorship,Evergreen,/real-estate-mentorship,google_ads,cpc,real_estate_mentorship,Alex Morgan,Riley Carter,New Lead,53,2026-06-14T03:35:48,2026-06-14T03:46:48,,
lead_f779bd50348b,2026-02-02T01:28:58,Adam,Golden,adamkramer@example.com,(527) 276-6983,Canada,Meta Ads,Evergreen Wealth,Evergreen,/evergreen-wealth,meta_ads,paid_social,evergreen_wealth,Taylor Brooks,Casey Bennett,No Show,59,2026-02-02T04:00:58,2026-02-02T02:54:58,book_7c736156430b,
lead_accf94bcf686,2026-06-06T23:10:10,Levi,Little,martindavid@example.net,1 (946) 130-8730,France,Organic,Organic Content,Organic,/organic-content,organic,organic,organic_content,Jordan Lee,Riley Carter,New Lead,40,2026-06-06T23:17:10,2026-06-06T23:16:10,,
lead_eb53dc6d217b,2026-04-04T03:21:31,Sabrina,Bradshaw,normakirby@example.net,638-277-7711 x842,Canada,Organic,Organic Content,Organic,/organic-content,organic,organic,organic_content,Taylor Brooks,Riley Carter,Consultation Showed,62,2026-04-04T05:33:31,2026-04-04T03:49:31,book_b18c2b8e4083,
lead_c4ae9648d3f6,2026-01-03T16:46:47,David,Oconnor,xgonzalez@example.net,407-121-0242,Canada,Referral,Client Referral,Referral,/client-referral,referral,organic,client_referral,Taylor Brooks,Morgan Reed,New Lead,87,2026-01-03T19:28:47,2026-01-03T17:17:47,,
lead_95ee6c30a224,2026-02-17T10:10:36,Kenneth,Roberts,pamelabrandt@example.com,777-196-1997 x165,France,Webinar,VIP Webinar,Webinar,/vip-webinar,webinar,organic,vip_webinar,Taylor Brooks,Riley Carter,Consultation Showed,70,2026-02-17T13:04:36,2026-02-17T10:16:36,book_1bcad5a4c06e,
lead_246834d3f3f9,2026-02-02T17:25:03,Michael,Ross,crussell@example.net,+1 (383) 344-0095,Mexico,Organic,Organic Content,Organic,/organic-content,organic,organic,organic_content,Taylor Brooks,Morgan Reed,New Lead,70,2026-02-02T20:22:03,2026-02-02T17:32:03,,
lead_55ba06a42184,2026-06-12T23:55:45,Evan,Holloway,sierra65@example.org,193-221-9143 x907,Canada,Meta Ads,Investor Calculator,Evergreen,/investor-calculator,meta_ads,paid_social,investor_calculator,Alex Morgan,Casey Bennett,New Lead,64,2026-06-13T00:34:45,2026-06-13T00:25:45,,
lead_9d04089c0706,2026-03-14T11:37:41,Michael,Mitchell,robertfarmer@example.com,191-150-1016 x260,Canada,Organic,Organic Content,Organic,/organic-content,organic,organic,organic_content,Taylor Brooks,Morgan Reed,New Lead,78,2026-03-14T12:10:41,2026-03-14T11:53:41,,
lead_e890570553be,2026-02-26T07:47:58,William,Taylor,ann34@example.com,1 (497) 833-5488,Canada,Webinar,5-Day Investor Challenge,Webinar,/5-day-investor-challenge,webinar,organic,5-day_investor_challenge,Jordan Lee,Morgan Reed,New Lead,76,2026-02-26T09:08:58,2026-02-26T09:03:58,,
lead_be6e9fd1c78b,2026-04-21T10:59:44,Michael,Kline,danielduncan@example.com,146.386.6432,Canada,Meta Ads,Mentorship VSL,Evergreen,/mentorship-vsl,meta_ads,paid_social,mentorship_vsl,Jordan Lee,Riley Carter,No Show,66,2026-04-21T12:44:44,2026-04-21T11:28:44,book_99621d9b53ff,
lead_54edc23d29e6,2026-03-31T22:00:06,Nancy,Davis,qschwartz@example.com,+1 (352) 824-6854,Mexico,Organic,Organic Content,Organic,/organic-content,organic,organic,organic_content,Alex Morgan,Casey Bennett,New Lead,71,2026-04-01T00:43:06,2026-03-31T22:18:06,,
lead_86e93a760ab4,2026-03-05T19:09:44,Vanessa,Jimenez,kellywilliams@example.org,208 601 4605,Canada,Meta Ads,Investor Calculator,Evergreen,/investor-calculator,meta_ads,paid_social,investor_calculator,Alex Morgan,Casey Bennett,New Lead,73,2026-03-05T20:30:44,2026-03-05T21:12:44,,
lead_ae072499ca54,2026-03-20T01:46:23,Bridget,Hansen,joshua27@example.org,+1 (430) 335-6369,Canada,Webinar,5-Day Investor Challenge,Webinar,/5-day-investor-challenge,webinar,organic,5-day_investor_challenge,Jordan Lee,Casey Bennett,New Lead,73,2026-03-20T03:21:23,2026-03-20T02:04:23,,
lead_9962d373c210,2026-04-10T20:53:54,Lisa,Davis,brownbenjamin@example.org,(399) 318-7810 x480,Canada,Meta Ads,Mentorship VSL,Evergreen,/mentorship-vsl,meta_ads,paid_social,mentorship_vsl,Jordan Lee,Morgan Reed,New Lead,67,2026-04-10T21:37:54,2026-04-10T21:04:54,,
lead_66abc98e403f,2026-02-18T13:42:44,Alison,Haas,matthewcrane@example.org,1 (489) 290-9304,Canada,Meta Ads,Mentorship VSL,Evergreen,/mentorship-vsl,meta_ads,paid_social,mentorship_vsl,Jordan Lee,Casey Bennett,New Lead,27,2026-02-18T14:44:44,2026-02-18T14:29:44,,
lead_2c76f533e0c0,2026-04-15T03:55:58,Cynthia,Butler,sanchezrobert@example.org,(508) 122-6815 x947,Canada,Google Ads,High Intent Search,Evergreen,/high-intent-search,google_ads,cpc,high_intent_search,Jordan Lee,Riley Carter,Consultation Showed,53,2026-04-15T05:08:58,2026-04-15T04:08:58,book_19b0b94e9ad2,
lead_32f5ae8f8694,2026-01-28T03:51:43,Kayla,Bradford,rhonda31@example.org,858-330-9673,United States,Webinar,5-Day Investor Challenge,Webinar,/5-day-investor-challenge,webinar,organic,5-day_investor_challenge,Alex Morgan,Casey Bennett,New Lead,48,2026-01-28T05:26:43,2026-01-28T04:17:43,,
lead_ed2b4a400fde,2026-01-22T11:44:21,Christine,Roberts,codyrichards@example.org,1-726-937-6501,Canada,Webinar,5-Day Investor Challenge,Webinar,/5-day-investor-challenge,webinar,organic,5-day_investor_challenge,Alex Morgan,Casey Bennett,New Lead,71,2026-01-22T12:37:21,2026-01-22T12:29:21,,
lead_551cab30be38,2026-06-24T22:57:14,Lisa,Simmons,hickstimothy@example.org,(883) 636-8850 x162,Canada,Google Ads,Real Estate Mentorship,Evergreen,/real-estate-mentorship,google_ads,cpc,real_estate_mentorship,Alex Morgan,Casey Bennett,Cancelled,45,2026-06-24T23:10:14,2026-06-24T23:25:14,book_07bf299e7e48,
lead_9cf8915575c6,2026-01-24T01:36:44,Sandra,Jackson,jackreynolds@example.com,(980) 937-6165 x228,Canada,Email Campaign,Database Reactivation,Evergreen,/database-reactivation,email_campaign,organic,database_reactivation,Jordan Lee,Riley Carter,New Lead,83,2026-01-24T03:28:44,2026-01-24T02:52:44,,
lead_73893b2e5b87,2026-05-26T20:19:57,Tammy,Smith,beverly35@example.net,(812) 559-7772 x659,Canada,Webinar,VIP Webinar,Webinar,/vip-webinar,webinar,organic,vip_webinar,Taylor Brooks,Casey Bennett,New Lead,57,2026-05-26T22:06:57,2026-05-26T20:41:57,,
lead_3e4b0ae3e962,2026-06-03T22:18:36,Omar,Johnson,rhondawood@example.net,(405) 014-1716 x578,Canada,Meta Ads,Evergreen Wealth,Evergreen,/evergreen-wealth,meta_ads,paid_social,evergreen_wealth,Jordan Lee,Riley Carter,New Lead,51,2026-06-03T22:28:36,2026-06-03T23:07:36,,
lead_62803c154373,2026-02-15T22:11:34,Ashley,Ashley,brittanyrush@example.com,+1 (751) 887-1148,United States,Meta Ads,Mentorship VSL,Evergreen,/mentorship-vsl,meta_ads,paid_social,mentorship_vsl,Jordan Lee,Casey Bennett,New Lead,69,2026-02-15T22:29:34,2026-02-15T22:40:34,,
lead_474e34048798,2026-03-26T08:07:03,Benjamin,Marks,kim09@example.org,1-149-287-8757,Canada,Direct,Direct Traffic,Evergreen,/direct-traffic,direct,organic,direct_traffic,Jordan Lee,Morgan Reed,Consultation Showed,78,2026-03-26T10:14:03,2026-03-26T08:14:03,book_0a123cf755ea,
lead_5a1882f1bff9,2026-04-30T22:17:09,Courtney,Day,brittanysmith@example.org,150 186 0742,United States,Webinar,5-Day Investor Challenge,Webinar,/5-day-investor-challenge,webinar,organic,5-day_investor_challenge,Alex Morgan,Morgan Reed,New Lead,60,2026-04-30T23:01:09,2026-04-30T22:52:09,,
lead_f1b2516d630d,2026-06-17T19:18:33,Richard,Day,edward22@example.org,(169) 318-0620,France,Meta Ads,Evergreen Wealth,Evergreen,/evergreen-wealth,meta_ads,paid_social,evergreen_wealth,Alex Morgan,Riley Carter,New Lead,56,2026-06-17T20:30:33,2026-06-17T19:48:33,,
lead_5f226f65e1c1,2026-04-03T00:30:02,Kimberly,Jimenez,andrewtaylor@example.com,566 249 7537,United States,Webinar,5-Day Investor Challenge,Webinar,/5-day-investor-challenge,webinar,organic,5-day_investor_challenge,Taylor Brooks,Riley Carter,New Lead,91,2026-04-03T01:01:02,2026-04-03T00:38:02,,
lead_e772b0e1ea43,2026-05-03T02:55:23,Virginia,Terry,troy14@example.com,+1 (495) 674-0687,Canada,Meta Ads,Mentorship VSL,Evergreen,/mentorship-vsl,meta_ads,paid_social,mentorship_vsl,Alex Morgan,Morgan Reed,New Lead,64,2026-05-03T05:42:23,2026-05-03T03:29:23,,
lead_382ee00e23e1,2026-02-07T07:36:41,Michael,Torres,jeffery51@example.com,+1 (468) 865-8348,Canada,Google Ads,Real Estate Mentorship,Evergreen,/real-estate-mentorship,google_ads,cpc,real_estate_mentorship,Taylor Brooks,Morgan Reed,New Lead,40,2026-02-07T08:18:41,2026-02-07T08:46:41,,
lead_0f935930238e,2026-03-15T20:34:18,Kristin,Hoffman,donnamcintosh@example.net,(162) 673-6648 x532,Canada,Meta Ads,Evergreen Wealth,Evergreen,/evergreen-wealth,meta_ads,paid_social,evergreen_wealth,Taylor Brooks,Riley Carter,Consultation Showed,53,2026-03-15T22:23:18,2026-03-15T21:22:18,book_84590e48522a,
lead_534f637c449e,2026-03-07T06:42:08,Michelle,Shepherd,ediaz@example.org,(694) 326-9834 x436,Canada,Direct,Direct Traffic,Evergreen,/direct-traffic,direct,organic,direct_traffic,Taylor Brooks,Casey Bennett,New Lead,23,2026-03-07T08:36:08,2026-03-07T07:47:08,,
lead_b4b33cee63aa,2026-01-22T08:53:35,Michelle,Johnson,hineskrystal@example.com,150-928-4672,Canada,Referral,Client Referral,Referral,/client-referral,referral,organic,client_referral,Jordan Lee,Riley Carter,New Lead,57,2026-01-22T10:06:35,2026-01-22T09:23:35,,
lead_6037f4440688,2026-06-23T19:29:50,Brett,Gonzalez,samanthachang@example.org,177-372-9545,Canada,Google Ads,Real Estate Mentorship,Evergreen,/real-estate-mentorship,google_ads,cpc,real_estate_mentorship,Alex Morgan,Morgan Reed,New Lead,64,2026-06-23T19:46:50,2026-06-23T20:15:50,,
lead_c4afc122603c,2026-02-11T03:53:13,John,Schaefer,fishermatthew@example.com,250.204.5028,Canada,Referral,Client Referral,Referral,/client-referral,referral,organic,client_referral,Taylor Brooks,Morgan Reed,New Lead,56,2026-02-11T05:11:13,2026-02-11T04:11:13,,
lead_3fb48b21a55d,2026-04-06T09:33:37,Larry,Cooper,taylorsteven@example.com,(437) 953-1112,Canada,Google Ads,Real Estate Mentorship,Evergreen,/real-estate-mentorship,google_ads,cpc,real_estate_mentorship,Alex Morgan,Morgan Reed,New Lead,43,2026-04-06T11:11:37,2026-04-06T10:03:37,,
lead_46cbcd2f7624,2026-03-06T07:33:30,Diane,Johnston,victoria26@example.com,174 286 6251,United States,Referral,Partner Referral,Referral,/partner-referral,referral,organic,partner_referral,Jordan Lee,Riley Carter,New Lead,61,2026-03-06T09:10:30,2026-03-06T08:37:30,,
lead_58c6a52a6e3a,2026-02-16T06:20:08,Alexandra,Crawford,angelarhodes@example.com,1-651-460-9193,Canada,Webinar,VIP Webinar,Webinar,/vip-webinar,webinar,organic,vip_webinar,Taylor Brooks,Casey Bennett,New Lead,61,2026-02-16T09:11:08,2026-02-16T06:23:08,,
lead_a28724019cef,2026-01-26T08:06:21,Clayton,Woods,maurice55@example.net,(870) 627-2816,United States,Meta Ads,Evergreen Wealth,Evergreen,/evergreen-wealth,meta_ads,paid_social,evergreen_wealth,Alex Morgan,Morgan Reed,New Lead,31,2026-01-26T10:52:21,2026-01-26T08:20:21,,
lead_74c059145616,2026-02-07T11:06:26,James,Ramos,idavis@example.org,1 (175) 626-4126,Mexico,Organic,Organic Content,Organic,/organic-content,organic,organic,organic_content,Alex Morgan,Riley Carter,New Lead,59,2026-02-07T13:05:26,2026-02-07T11:18:26,,
lead_0cbf734232dd,2026-05-21T20:22:44,Willie,Fox,amyers@example.net,669-319-6303,France,Organic,Organic Content,Organic,/organic-content,organic,organic,organic_content,Alex Morgan,Riley Carter,New Lead,61,2026-05-21T22:28:44,2026-05-21T21:57:44,,
lead_016996ac7bb3,2026-01-25T19:44:24,Stephanie,Graham,teverett@example.com,259-982-2673,Canada,Webinar,5-Day Investor Challenge,Webinar,/5-day-investor-challenge,webinar,organic,5-day_investor_challenge,Taylor Brooks,Casey Bennett,New Lead,75,2026-01-25T20:38:24,2026-01-25T20:04:24,,
lead_613f915631c1,2026-06-23T18:35:49,Stacey,Farley,juanperez@example.net,(480) 485-1420 x259,Canada,Webinar,VIP Webinar,Webinar,/vip-webinar,webinar,organic,vip_webinar,Taylor Brooks,Morgan Reed,New Lead,56,2026-06-23T20:13:49,2026-06-23T18:57:49,,
lead_8f68ca0cf7d2,2026-04-04T18:06:25,Richard,Diaz,angelafloyd@example.org,334.275.5767,Canada,Email Campaign,Database Reactivation,Evergreen,/database-reactivation,email_campaign,organic,database_reactivation,Taylor Brooks,Morgan Reed,New Lead,29,2026-04-04T19:58:25,2026-04-04T18:19:25,,
lead_0ac926487e83,2026-05-16T06:53:10,Catherine,Brown,kelly04@example.net,1-431-834-3695,Canada,Meta Ads,Investor Calculator,Evergreen,/investor-calculator,meta_ads,paid_social,investor_calculator,Taylor Brooks,Morgan Reed,New Lead,60,2026-05-16T07:31:10,2026-05-16T07:17:10,,
lead_2521d0e96430,2026-05-24T19:58:58,Rose,Miller,jenningsmelissa@example.net,771-150-6291 x792,Canada,Webinar,5-Day Investor Challenge,Webinar,/5-day-investor-challenge,webinar,organic,5-day_investor_challenge,Taylor Brooks,Riley Carter,New Lead,60,2026-05-24T21:44:58,2026-05-24T20:28:58,,
lead_7893f0042beb,2026-03-27T00:02:21,Rebecca,Choi,browningjason@example.org,(216) 291-0873 x922,Canada,Direct,Direct Traffic,Evergreen,/direct-traffic,direct,organic,direct_traffic,Jordan Lee,Casey Bennett,New Lead,67,2026-03-27T02:17:21,2026-03-27T00:17:21,,
lead_3be0577aedb9,2026-02-05T17:48:40,Brittney,Sanchez,buchananscott@example.net,567-105-2987 x707,Canada,Organic,Organic Content,Organic,/organic-content,organic,organic,organic_content,Alex Morgan,Riley Carter,Consultation Showed,70,2026-02-05T17:53:40,2026-02-05T17:59:40,book_539a8d180d59,
lead_5b62882441f0,2026-04-08T19:57:39,Michael,Larson,brooksjames@example.com,1-950-020-2683,Canada,Referral,Client Referral,Referral,/client-referral,referral,organic,client_referral,Alex Morgan,Casey Bennett,Consultation Showed,55,2026-04-08T22:16:39,2026-04-08T20:11:39,book_3baf11152cc6,
lead_f4629d2d8e9e,2026-02-03T05:25:34,Troy,Salazar,juliecollins@example.com,129-586-7603,Canada,Referral,Partner Referral,Referral,/partner-referral,referral,organic,partner_referral,Alex Morgan,Casey Bennett,New Lead,59,2026-02-03T06:27:34,2026-02-03T05:35:34,,
lead_3b36d12c3be5,2026-06-21T13:53:09,Joseph,Jacobs,joshuacohen@example.com,1 (141) 823-6881,Mexico,Meta Ads,Evergreen Wealth,Evergreen,/evergreen-wealth,meta_ads,paid_social,evergreen_wealth,Jordan Lee,Morgan Reed,New Lead,65,2026-06-21T15:09:09,2026-06-21T15:05:09,,
lead_4271782014b4,2026-06-09T21:22:11,Charles,Sanchez,seanjones@example.com,333.460.1842,Canada,Referral,Partner Referral,Referral,/partner-referral,referral,organic,partner_referral,Alex Morgan,Riley Carter,New Lead,75,2026-06-09T22:20:11,2026-06-09T22:34:11,,
lead_1a14ec5d7e13,2026-03-05T00:34:04,Aaron,Young,michaelyoung@example.org,(231) 681-6360 x389,Mexico,Google Ads,Real Estate Mentorship,Evergreen,/real-estate-mentorship,google_ads,cpc,real_estate_mentorship,Taylor Brooks,Casey Bennett,New Lead,52,2026-03-05T01:00:04,2026-03-05T00:47:04,,
lead_f18a3860a2f5,2026-06-24T10:32:53,Deborah,Miles,joannaburke@example.com,(594) 767-2000 x521,Canada,Webinar,VIP Webinar,Webinar,/vip-webinar,webinar,organic,vip_webinar,Alex Morgan,Riley Carter,New Lead,89,2026-06-24T13:13:53,2026-06-24T10:49:53,,
lead_8a004ef0f8a1,2026-02-12T13:55:01,Holly,Garcia,levyrobin@example.com,263.485.0895,Canada,Webinar,VIP Webinar,Webinar,/vip-webinar,webinar,organic,vip_webinar,Alex Morgan,Riley Carter,Consultation Showed,82,2026-02-12T15:11:01,2026-02-12T14:07:01,book_b90dd6941d30,
lead_a7d54ca8b533,2026-05-21T07:34:13,Henry,Ellis,christopher19@example.org,1-745-456-9729,Mexico,Referral,Partner Referral,Referral,/partner-referral,referral,organic,partner_referral,Jordan Lee,Riley Carter,Consultation Showed,96,2026-05-21T09:16:13,2026-05-21T08:41:13,book_1bee41b909db,
lead_0cf53082571c,2026-06-08T14:46:59,Maurice,Price,greeneshawn@example.com,437.718.8626,Canada,Referral,Partner Referral,Referral,/partner-referral,referral,organic,partner_referral,Jordan Lee,Morgan Reed,New Lead,79,2026-06-08T16:44:59,2026-06-08T15:09:59,,
lead_9773b9478c5e,2026-01-31T05:20:30,Brenda,Morales,judyhubbard@example.com,883-055-7371 x388,Canada,Organic,Organic Content,Organic,/organic-content,organic,organic,organic_content,Taylor Brooks,Casey Bennett,New Lead,45,2026-01-31T07:19:30,2026-01-31T08:45:30,,
lead_1b5d5fb9efbd,2026-01-19T04:37:55,Julie,Morrow,martindonald@example.net,1-461-446-6276,Canada,Google Ads,Real Estate Mentorship,Evergreen,/real-estate-mentorship,google_ads,cpc,real_estate_mentorship,Alex Morgan,Morgan Reed,New Lead,27,2026-01-19T06:48:55,2026-01-19T04:46:55,,
lead_e29bd49b4994,2026-05-22T15:37:23,Jessica,Smith,jonesstephen@example.org,1-721-524-8319,United States,Meta Ads,Investor Calculator,Evergreen,/investor-calculator,meta_ads,paid_social,investor_calculator,Alex Morgan,Casey Bennett,New Lead,27,2026-05-22T16:28:23,2026-05-22T16:35:23,,
lead_38bc0bf70867,2026-06-08T17:49:20,Veronica,Mclaughlin,paigeperry@example.com,846-568-9698,United States,Meta Ads,Evergreen Wealth,Evergreen,/evergreen-wealth,meta_ads,paid_social,evergreen_wealth,Alex Morgan,Morgan Reed,Consultation Showed,64,2026-06-08T19:34:20,2026-06-08T18:13:20,book_ad1e507fbaa9,
lead_90b9f28f1059,2026-02-17T14:57:56,Sara,Robinson,aaronramirez@example.org,893-631-5922 x912,Mexico,Meta Ads,Investor Calculator,Evergreen,/investor-calculator,meta_ads,paid_social,investor_calculator,Jordan Lee,Morgan Reed,New Lead,64,2026-02-17T16:58:56,2026-02-17T15:35:56,,
lead_13dc6c858fbb,2026-05-22T02:58:07,Savannah,Reyes,joshuawilliams@example.com,962-911-8722,United States,Webinar,5-Day Investor Challenge,Webinar,/5-day-investor-challenge,webinar,organic,5-day_investor_challenge,Jordan Lee,Casey Bennett,New Lead,87,2026-05-22T03:06:07,2026-05-22T03:37:07,,
lead_65adbc6346c7,2026-05-29T05:54:54,Eric,Castillo,andrewherrera@example.com,+1 (807) 578-9849,Mexico,Meta Ads,Evergreen Wealth,Evergreen,/evergreen-wealth,meta_ads,paid_social,evergreen_wealth,Alex Morgan,Morgan Reed,Call Booked,46,2026-05-29T08:43:54,2026-05-29T06:09:54,book_2becc4e5c0a2,
lead_3bb2200498d8,2026-01-28T16:43:48,Patricia,Perkins,dweber@example.com,721 711 4865,Canada,Webinar,VIP Webinar,Webinar,/vip-webinar,webinar,organic,vip_webinar,Alex Morgan,Morgan Reed,Consultation Showed,81,2026-01-28T19:28:48,2026-01-28T17:00:48,book_80f1f78b57a0,
lead_7fc01f08a4b4,2026-06-15T13:57:51,Michael,Rojas,cooleypatricia@example.org,+1 (217) 356-3163,Canada,Organic,Organic Content,Organic,/organic-content,organic,organic,organic_content,Jordan Lee,Riley Carter,New Lead,64,2026-06-15T14:23:51,2026-06-15T15:05:51,,
lead_ba7309fe98b4,2026-03-01T16:31:04,Gary,Murray,marissa72@example.net,+1 (916) 949-6378,Canada,Webinar,5-Day Investor Challenge,Webinar,/5-day-investor-challenge,webinar,organic,5-day_investor_challenge,Alex Morgan,Morgan Reed,New Lead,48,2026-03-01T18:00:04,2026-03-01T17:56:04,,
lead_398004616a34,2026-05-02T20:17:45,Chad,Berry,alicianorris@example.net,768-201-3071,Canada,Organic,Organic Content,Organic,/organic-content,organic,organic,organic_content,Alex Morgan,Morgan Reed,Consultation Showed,80,2026-05-02T22:41:45,2026-05-02T22:22:45,book_d4542a57bc69,
lead_e3daf904a399,2026-04-10T07:57:37,Vickie,Bailey,dannywalker@example.net,(161) 317-9854,Canada,Organic,Organic Content,Organic,/organic-content,organic,organic,organic_content,Alex Morgan,Morgan Reed,New Lead,85,2026-04-10T09:48:37,2026-04-10T08:56:37,,
lead_5da5f480bcd4,2026-01-29T14:49:27,Karen,Williams,sanchezemily@example.net,1 (945) 858-3563,United States,Meta Ads,Investor Calculator,Evergreen,/investor-calculator,meta_ads,paid_social,investor_calculator,Alex Morgan,Riley Carter,Cancelled,49,2026-01-29T16:24:27,2026-01-29T14:57:27,book_bf3ed5847245,
lead_69d8a99bf7a1,2026-04-06T12:03:00,Katherine,Martinez,ujefferson@example.org,625 517 4192,France,Google Ads,High Intent Search,Evergreen,/high-intent-search,google_ads,cpc,high_intent_search,Alex Morgan,Morgan Reed,New Lead,69,2026-04-06T12:51:00,2026-04-06T12:21:00,,
lead_8de383824e9f,2026-03-11T09:10:31,Angela,Humphrey,marilyn62@example.org,536 018 6399,United States,Email Campaign,Database Reactivation,Evergreen,/database-reactivation,email_campaign,organic,database_reactivation,Alex Morgan,Casey Bennett,New Lead,69,2026-03-11T09:34:31,2026-03-11T09:24:31,,
lead_1fdc0e4847de,2026-06-23T21:44:08,Michael,Davis,jenniferpeters@example.com,(715) 630-9307,United States,Email Campaign,Database Reactivation,Evergreen,/database-reactivation,email_campaign,organic,database_reactivation,Alex Morgan,Casey Bennett,Consultation Showed,67,2026-06-23T22:00:08,2026-06-23T23:23:08,book_1fbced3abdfb,
lead_d506d84d2034,2026-05-12T22:23:19,Adrienne,Doyle,curtisroy@example.net,1-359-872-4089,Canada,Organic,Organic Content,Organic,/organic-content,organic,organic,organic_content,Taylor Brooks,Riley Carter,No Show,41,2026-05-13T00:16:19,2026-05-12T23:04:19,book_f505151af029,
lead_ce7946acfe2f,2026-03-09T15:35:41,Jacqueline,Murray,markbautista@example.org,+1 (768) 113-3973,Canada,Meta Ads,Investor Calculator,Evergreen,/investor-calculator,meta_ads,paid_social,investor_calculator,Jordan Lee,Riley Carter,New Lead,77,2026-03-09T16:06:41,2026-03-09T15:51:41,,
lead_53cf969aefca,2026-06-07T10:13:34,Shawn,Mendoza,davidsandoval@example.net,1-902-422-2419,United States,Google Ads,Real Estate Mentorship,Evergreen,/real-estate-mentorship,google_ads,cpc,real_estate_mentorship,Alex Morgan,Riley Carter,Consultation Showed,56,2026-06-07T10:37:34,2026-06-07T11:14:34,book_84d95a5e964d,
lead_cc19925dd542,2026-03-17T20:19:33,Nichole,Franco,lisabrown@example.net,(523) 654-0181,United States,Meta Ads,Evergreen Wealth,Evergreen,/evergreen-wealth,meta_ads,paid_social,evergreen_wealth,Jordan Lee,Morgan Reed,New Lead,25,2026-03-17T22:18:33,2026-03-17T20:42:33,,
lead_73397e076176,2026-05-22T02:42:12,Kelly,Jackson,eric02@example.net,1-235-094-7651,Canada,Meta Ads,Investor Calculator,Evergreen,/investor-calculator,meta_ads,paid_social,investor_calculator,Jordan Lee,Morgan Reed,No Show,88,2026-05-22T03:58:12,2026-05-22T02:56:12,book_b312fa695072,
lead_e5acf87a24ff,2026-03-10T11:16:33,Elizabeth,Robertson,whitneyrobert@example.com,999-414-7539,Canada,Meta Ads,Investor Calculator,Evergreen,/investor-calculator,meta_ads,paid_social,investor_calculator,Jordan Lee,Riley Carter,New Lead,60,2026-03-10T12:42:33,2026-03-10T11:27:33,,
lead_df54cd0ebca9,2026-01-27T20:09:28,Christine,Brown,taylorflores@example.net,245 190 8261,Mexico,Direct,Direct Traffic,Evergreen,/direct-traffic,direct,organic,direct_traffic,Jordan Lee,Casey Bennett,New Lead,36,2026-01-27T23:01:28,2026-01-27T21:23:28,,
lead_5e4a5dbcc448,2026-04-14T09:30:38,Anthony,Gonzalez,rflores@example.org,302 376 6696,Mexico,Organic,Organic Content,Organic,/organic-content,organic,organic,organic_content,Jordan Lee,Morgan Reed,New Lead,72,2026-04-14T11:52:38,2026-04-14T10:08:38,,
lead_f0a9d5726643,2026-04-13T07:44:45,Kimberly,Hudson,jessereyes@example.net,1-311-839-0934,United States,Organic,Organic Content,Organic,/organic-content,organic,organic,organic_content,Taylor Brooks,Morgan Reed,New Lead,100,2026-04-13T10:16:45,2026-04-13T08:17:45,,
lead_221a146005bb,2026-03-12T05:41:17,Juan,Mccoy,kellygray@example.net,483 463 3488,Canada,Referral,Partner Referral,Referral,/partner-referral,referral,organic,partner_referral,Alex Morgan,Casey Bennett,New Lead,84,2026-03-12T05:46:17,2026-03-12T05:49:17,,
lead_bc97dea1f673,2026-06-28T19:43:27,Stephanie,Scott,vwatson@example.net,+1 (569) 408-6542,Canada,Organic,Organic Content,Organic,/organic-content,organic,organic,organic_content,Jordan Lee,Casey Bennett,New Lead,69,2026-06-28T20:16:27,2026-06-28T20:11:27,,
lead_1449d8a179b2,2026-02-27T05:23:20,John,Hoffman,iacevedo@example.net,1 (350) 743-5095,Canada,Webinar,5-Day Investor Challenge,Webinar,/5-day-investor-challenge,webinar,organic,5-day_investor_challenge,Taylor Brooks,Casey Bennett,New Lead,55,2026-02-27T07:25:20,2026-02-27T06:10:20,,
lead_512d02341952,2026-01-11T20:21:10,Terri,Phelps,chelsea70@example.org,+1 (796) 453-5917,Canada,Meta Ads,Evergreen Wealth,Evergreen,/evergreen-wealth,meta_ads,paid_social,evergreen_wealth,Taylor Brooks,Riley Carter,New Lead,27,2026-01-11T21:01:10,2026-01-11T21:00:10,,
lead_00c0c84dc711,2026-01-06T02:47:07,Mark,Green,langalexandra@example.org,599-542-8873,Canada,Meta Ads,Mentorship VSL,Evergreen,/mentorship-vsl,meta_ads,paid_social,mentorship_vsl,Taylor Brooks,Morgan Reed,New Lead,62,2026-01-06T04:40:07,2026-01-06T03:40:07,,
lead_ba0dc687063c,2026-04-03T14:10:22,Valerie,Stevenson,hestrada@example.com,+1 (279) 899-4706,Mexico,Referral,Partner Referral,Referral,/partner-referral,referral,organic,partner_referral,Alex Morgan,Morgan Reed,New Lead,84,2026-04-03T16:47:22,2026-04-03T15:05:22,,
lead_cd3b63283f1d,2026-02-17T13:59:46,Stephen,Castaneda,brennanmichelle@example.com,514-971-1038,Canada,Google Ads,High Intent Search,Evergreen,/high-intent-search,google_ads,cpc,high_intent_search,Jordan Lee,Morgan Reed,New Lead,59,2026-02-17T14:23:46,2026-02-17T14:43:46,,
lead_731dab7db667,2026-05-25T09:13:52,Laura,Tapia,zgarcia@example.com,1 (166) 505-1886,United States,Webinar,VIP Webinar,Webinar,/vip-webinar,webinar,organic,vip_webinar,Taylor Brooks,Casey Bennett,Cancelled,56,2026-05-25T09:53:52,2026-05-25T09:29:52,book_9ea169c1205d,
lead_297165e3bdd2,2026-03-28T05:04:01,Gina,Cruz,jose23@example.com,(159) 698-5045,United States,Organic,Organic Content,Organic,/organic-content,organic,organic,organic_content,Jordan Lee,Morgan Reed,New Lead,79,2026-03-28T07:54:01,2026-03-28T06:29:01,,
lead_d1b35b87b774,2026-01-07T05:41:09,Debbie,Harrington,kvincent@example.org,354-024-2861 x789,United States,Meta Ads,Mentorship VSL,Evergreen,/mentorship-vsl,meta_ads,paid_social,mentorship_vsl,Taylor Brooks,Morgan Reed,No Show,58,2026-01-07T08:20:09,2026-01-07T06:08:09,book_38500007485b,
lead_2693d9ee3b84,2026-05-13T00:34:48,Rachel,Solis,turnerarthur@example.org,1 (903) 857-6264,Canada,Meta Ads,Investor Calculator,Evergreen,/investor-calculator,meta_ads,paid_social,investor_calculator,Jordan Lee,Riley Carter,New Lead,76,2026-05-13T02:35:48,2026-05-13T00:50:48,,
lead_b97313f13a59,2026-03-24T06:26:47,Victoria,Jones,phodges@example.net,1-693-680-6358,Canada,Organic,Organic Content,Organic,/organic-content,organic,organic,organic_content,Alex Morgan,Riley Carter,New Lead,88,2026-03-24T07:11:47,2026-03-24T07:22:47,,
lead_fb3f09959770,2026-05-25T07:15:32,Jeffrey,Cortez,johnsonchristopher@example.org,389-695-1930 x485,Canada,Google Ads,High Intent Search,Evergreen,/high-intent-search,google_ads,cpc,high_intent_search,Alex Morgan,Morgan Reed,New Lead,51,2026-05-25T08:14:32,2026-05-25T07:31:32,,
lead_12b475e814fe,2026-06-08T13:26:23,Rebecca,Mckee,hstevens@example.com,503-656-2036 x344,Canada,Google Ads,High Intent Search,Evergreen,/high-intent-search,google_ads,cpc,high_intent_search,Taylor Brooks,Riley Carter,New Lead,67,2026-06-08T15:30:23,2026-06-08T14:05:23,,
lead_300cc2a32667,2026-02-02T00:08:13,Jason,Larson,mromero@example.com,(731) 812-3357,Mexico,Google Ads,Real Estate Mentorship,Evergreen,/real-estate-mentorship,google_ads,cpc,real_estate_mentorship,Taylor Brooks,Casey Bennett,New Lead,43,2026-02-02T00:26:13,2026-02-02T00:35:13,,
lead_1cf9fff06595,2026-01-21T06:32:22,Christopher,Klein,westjeffrey@example.org,844-577-6262 x636,Canada,Meta Ads,Evergreen Wealth,Evergreen,/evergreen-wealth,meta_ads,paid_social,evergreen_wealth,Jordan Lee,Morgan Reed,New Lead,68,2026-01-21T06:56:22,2026-01-21T07:39:22,,
lead_5044a3db2c94,2026-04-16T03:53:21,Amanda,Horton,qcervantes@example.com,1 (694) 434-8529,Canada,Meta Ads,Evergreen Wealth,Evergreen,/evergreen-wealth,meta_ads,paid_social,evergreen_wealth,Taylor Brooks,Morgan Reed,New Lead,79,2026-04-16T04:25:21,2026-04-16T04:08:21,,
lead_b33e733f447c,2026-02-06T10:56:58,Melinda,Griffin,bcobb@example.org,867-687-4042 x076,Canada,Webinar,VIP Webinar,Webinar,/vip-webinar,webinar,organic,vip_webinar,Alex Morgan,Morgan Reed,New Lead,69,2026-02-06T13:22:58,2026-02-06T12:20:58,,
lead_a96008ff527e,2026-04-20T16:08:38,Michael,Parker,tbell@example.org,157.330.9900,Canada,Meta Ads,Mentorship VSL,Evergreen,/mentorship-vsl,meta_ads,paid_social,mentorship_vsl,Jordan Lee,Morgan Reed,New Lead,66,2026-04-20T16:24:38,2026-04-20T16:43:38,,
lead_7ccb0812056e,2026-03-01T22:12:10,Ashley,Ramirez,hogannathan@example.com,(323) 445-3856 x535,France,Meta Ads,Evergreen Wealth,Evergreen,/evergreen-wealth,meta_ads,paid_social,evergreen_wealth,Jordan Lee,Casey Bennett,New Lead,58,2026-03-01T22:19:10,2026-03-01T22:28:10,,
lead_29a78b5e5da2,2026-05-26T23:50:20,Robin,Hancock,shellyjordan@example.org,504-709-1103,United States,Organic,Organic Content,Organic,/organic-content,organic,organic,organic_content,Alex Morgan,Riley Carter,New Lead,71,2026-05-27T01:35:20,2026-05-26T23:55:20,,
lead_1bfa16b71ead,2026-03-21T02:05:34,Brenda,Molina,madison11@example.net,(599) 651-1815 x837,Canada,Referral,Client Referral,Referral,/client-referral,referral,organic,client_referral,Alex Morgan,Morgan Reed,New Lead,91,2026-03-21T04:18:34,2026-03-21T02:14:34,,
lead_829328bbe7a4,2026-04-03T14:45:44,Richard,Jones,thomas61@example.net,+1 (987) 047-9666,Mexico,Organic,Organic Content,Organic,/organic-content,organic,organic,organic_content,Alex Morgan,Casey Bennett,New Lead,54,2026-04-03T17:20:44,2026-04-03T15:10:44,,
lead_83f3df686b9f,2026-03-31T22:13:53,Nicole,Erickson,yangjennifer@example.com,+1 (359) 950-8914,Mexico,Meta Ads,Mentorship VSL,Evergreen,/mentorship-vsl,meta_ads,paid_social,mentorship_vsl,Alex Morgan,Riley Carter,Consultation Showed,53,2026-03-31T22:38:53,2026-03-31T22:33:53,book_72c821cac248,
lead_f2480bc16e31,2026-06-06T19:06:39,Jacqueline,Holt,blairaudrey@example.org,264-054-7398 x622,United States,Meta Ads,Evergreen Wealth,Evergreen,/evergreen-wealth,meta_ads,paid_social,evergreen_wealth,Taylor Brooks,Morgan Reed,New Lead,16,2026-06-06T22:05:39,2026-06-06T20:49:39,,
lead_fc28a1e271e6,2026-03-28T21:24:32,Jon,Gomez,nancypatel@example.com,547-473-3891,Canada,Direct,Direct Traffic,Evergreen,/direct-traffic,direct,organic,direct_traffic,Jordan Lee,Riley Carter,New Lead,62,2026-03-28T22:02:32,2026-03-28T22:55:32,,
lead_4c60281a3565,2026-01-08T18:28:25,Shawn,Yang,gary74@example.com,403 594 4102,Canada,Webinar,VIP Webinar,Webinar,/vip-webinar,webinar,organic,vip_webinar,Alex Morgan,Riley Carter,New Lead,50,2026-01-08T21:27:25,2026-01-08T18:40:25,,
lead_1b2ee8ca4358,2026-04-21T01:56:58,Krista,Castillo,marygay@example.net,+1 (664) 774-1313,France,Organic,Organic Content,Organic,/organic-content,organic,organic,organic_content,Alex Morgan,Morgan Reed,New Lead,41,2026-04-21T04:41:58,2026-04-21T04:02:58,,
lead_3a624c61e0e6,2026-04-17T05:50:19,Charles,Craig,thomaswillie@example.org,1-665-815-3988,Canada,Meta Ads,Investor Calculator,Evergreen,/investor-calculator,meta_ads,paid_social,investor_calculator,Jordan Lee,Casey Bennett,Consultation Showed,76,2026-04-17T06:17:19,2026-04-17T06:03:19,book_b2a6517e0d18,
lead_f926b216424d,2026-02-01T08:30:58,Dana,Benson,upierce@example.com,998-412-8655,Canada,Meta Ads,Investor Calculator,Evergreen,/investor-calculator,meta_ads,paid_social,investor_calculator,Jordan Lee,Casey Bennett,Consultation Showed,42,2026-02-01T08:52:58,2026-02-01T09:13:58,book_dbea7b6df33d,
lead_dccee1e2a09b,2026-05-18T23:53:32,Mary,Dudley,bennettmichael@example.net,238 319 3489,Canada,Meta Ads,Evergreen Wealth,Evergreen,/evergreen-wealth,meta_ads,paid_social,evergreen_wealth,Jordan Lee,Casey Bennett,New Lead,41,2026-05-19T01:55:32,2026-05-19T00:32:32,,
lead_b62e55d0fbff,2026-05-07T06:34:50,Amy,Moran,oconnorvictoria@example.net,246.342.9242,Mexico,Webinar,VIP Webinar,Webinar,/vip-webinar,webinar,organic,vip_webinar,Taylor Brooks,Casey Bennett,New Lead,83,2026-05-07T07:14:50,2026-05-07T07:53:50,,
lead_a579c95ad872,2026-03-19T20:30:43,Hannah,Walter,pgarner@example.org,221.852.7341,Mexico,Meta Ads,Investor Calculator,Evergreen,/investor-calculator,meta_ads,paid_social,investor_calculator,Taylor Brooks,Morgan Reed,New Lead,63,2026-03-19T22:19:43,2026-03-19T21:20:43,,
lead_c83edd6730ef,2026-03-14T13:29:22,Kenneth,Morales,johncook@example.net,1 (553) 015-3030,United States,Google Ads,Real Estate Mentorship,Evergreen,/real-estate-mentorship,google_ads,cpc,real_estate_mentorship,Taylor Brooks,Casey Bennett,New Lead,56,2026-03-14T13:55:22,2026-03-14T15:44:22,,
lead_ada8f14699b1,2026-01-09T06:52:57,Kenneth,Cole,powerscory@example.org,+1 (459) 845-5766,France,Meta Ads,Mentorship VSL,Evergreen,/mentorship-vsl,meta_ads,paid_social,mentorship_vsl,Alex Morgan,Riley Carter,Consultation Showed,65,2026-01-09T09:35:57,2026-01-09T07:04:57,book_9bee1e0445e0,
lead_9794c1962ef4,2026-01-31T00:18:43,Kara,Torres,david82@example.net,526.994.5206,Canada,Webinar,5-Day Investor Challenge,Webinar,/5-day-investor-challenge,webinar,organic,5-day_investor_challenge,Alex Morgan,Riley Carter,New Lead,49,2026-01-31T00:49:43,2026-01-31T03:13:43,,
lead_9a3c2610c1c8,2026-02-13T07:29:39,Gabrielle,Donovan,johnsonteresa@example.net,+1 (369) 100-8224,Mexico,Google Ads,High Intent Search,Evergreen,/high-intent-search,google_ads,cpc,high_intent_search,Taylor Brooks,Morgan Reed,New Lead,64,2026-02-13T09:13:39,2026-02-13T07:53:39,,
lead_a7fa065013c9,2026-05-05T18:11:40,Lauren,Martinez,robertgordon@example.org,317 562 6996,Mexico,Google Ads,Real Estate Mentorship,Evergreen,/real-estate-mentorship,google_ads,cpc,real_estate_mentorship,Jordan Lee,Morgan Reed,New Lead,41,2026-05-05T20:32:40,2026-05-05T18:42:40,,
lead_58c6fd3685b1,2026-01-22T00:56:23,Anthony,Lee,tyler10@example.org,1 (193) 257-2287,United States,Meta Ads,Mentorship VSL,Evergreen,/mentorship-vsl,meta_ads,paid_social,mentorship_vsl,Alex Morgan,Casey Bennett,New Lead,94,2026-01-22T02:42:23,2026-01-22T02:17:23,,
lead_34993a3fefdc,2026-03-08T11:48:33,Jade,Moore,williamsdeanna@example.com,1-285-972-4387,Canada,Meta Ads,Investor Calculator,Evergreen,/investor-calculator,meta_ads,paid_social,investor_calculator,Taylor Brooks,Riley Carter,New Lead,43,2026-03-08T14:27:33,2026-03-08T12:26:33,,
lead_faa58caec2be,2026-03-30T06:29:24,Duane,Bailey,matthew05@example.net,(502) 860-6048 x022,Canada,Organic,Organic Content,Organic,/organic-content,organic,organic,organic_content,Jordan Lee,Morgan Reed,New Lead,62,2026-03-30T06:43:24,2026-03-30T06:38:24,,
lead_6a5a9144ce85,2026-04-21T08:02:04,Alexander,Logan,olivia47@example.com,1 (709) 041-8985,France,Referral,Client Referral,Referral,/client-referral,referral,organic,client_referral,Jordan Lee,Morgan Reed,New Lead,74,2026-04-21T08:15:04,2026-04-21T09:22:04,,
lead_26083a42ef22,2026-06-03T07:36:44,Philip,Watts,austinlester@example.com,1 (862) 388-7888,France,Email Campaign,Database Reactivation,Evergreen,/database-reactivation,email_campaign,organic,database_reactivation,Alex Morgan,Morgan Reed,New Lead,48,2026-06-03T09:31:44,2026-06-03T08:09:44,,
lead_4df86cedf521,2026-05-28T07:24:31,Jessica,James,nterry@example.net,(213) 606-2290,Canada,Meta Ads,Evergreen Wealth,Evergreen,/evergreen-wealth,meta_ads,paid_social,evergreen_wealth,Jordan Lee,Riley Carter,Consultation Showed,71,2026-05-28T10:24:31,2026-05-28T07:37:31,book_dd43237f86f7,
lead_9c929c273ddb,2026-01-14T10:46:14,Victoria,Lloyd,angelasmith@example.com,294-719-9038 x035,Canada,Meta Ads,Evergreen Wealth,Evergreen,/evergreen-wealth,meta_ads,paid_social,evergreen_wealth,Jordan Lee,Riley Carter,New Lead,32,2026-01-14T12:01:14,2026-01-14T11:54:14,,
lead_7c4985e3f65b,2026-04-12T21:38:32,Kathleen,Cross,jessica82@example.net,1-441-914-7905,United States,Google Ads,Real Estate Mentorship,Evergreen,/real-estate-mentorship,google_ads,cpc,real_estate_mentorship,Jordan Lee,Morgan Reed,New Lead,65,2026-04-12T22:37:32,2026-04-12T23:36:32,,
lead_06fed6df2448,2026-06-23T18:47:59,Kyle,Anderson,briannaandrade@example.net,+1 (173) 095-3267,Canada,Webinar,5-Day Investor Challenge,Webinar,/5-day-investor-challenge,webinar,organic,5-day_investor_challenge,Jordan Lee,Morgan Reed,New Lead,45,2026-06-23T20:41:59,2026-06-23T20:28:59,,
lead_8b751cceed23,2026-04-04T12:32:10,Lindsey,Scott,hbriggs@example.net,+1 (956) 292-5822,Canada,Meta Ads,Investor Calculator,Evergreen,/investor-calculator,meta_ads,paid_social,investor_calculator,Alex Morgan,Riley Carter,New Lead,55,2026-04-04T14:38:10,2026-04-04T12:43:10,,
lead_9db3c28352f2,2026-06-09T19:31:52,Rebecca,Love,wolfdaniel@example.org,935 306 8856,Canada,Google Ads,Real Estate Mentorship,Evergreen,/real-estate-mentorship,google_ads,cpc,real_estate_mentorship,Taylor Brooks,Morgan Reed,Consultation Showed,86,2026-06-09T19:38:52,2026-06-09T20:20:52,book_4f917bc414a9,
lead_cf97e084e10d,2026-04-23T07:57:20,Jessica,Maldonado,awashington@example.net,680-964-5837 x449,Canada,Meta Ads,Mentorship VSL,Evergreen,/mentorship-vsl,meta_ads,paid_social,mentorship_vsl,Taylor Brooks,Riley Carter,Consultation Showed,53,2026-04-23T10:39:20,2026-04-23T08:55:20,book_5027dfa08b79,
lead_95646c567e77,2026-01-03T18:06:54,Mariah,Wells,christopherhoward@example.org,575.559.2897,Mexico,Webinar,VIP Webinar,Webinar,/vip-webinar,webinar,organic,vip_webinar,Alex Morgan,Casey Bennett,Consultation Showed,87,2026-01-03T18:49:54,2026-01-03T18:20:54,book_e20897d09f69,
lead_029b32d209f9,2026-06-03T19:03:57,Amanda,Ellis,christopher14@example.net,+1 (726) 751-1997,Canada,Webinar,5-Day Investor Challenge,Webinar,/5-day-investor-challenge,webinar,organic,5-day_investor_challenge,Taylor Brooks,Riley Carter,New Lead,93,2026-06-03T22:00:57,2026-06-03T19:18:57,,
lead_3c07c3580d9e,2026-06-11T15:46:53,Jonathan,Walker,ukelly@example.org,1 (464) 196-7896,United States,Meta Ads,Investor Calculator,Evergreen,/investor-calculator,meta_ads,paid_social,investor_calculator,Taylor Brooks,Riley Carter,New Lead,83,2026-06-11T16:23:53,2026-06-11T16:12:53,,
lead_d3dceb80f7a2,2026-05-25T19:14:56,Savannah,Smith,knightjamie@example.net,(520) 163-0159 x722,Canada,Meta Ads,Evergreen Wealth,Evergreen,/evergreen-wealth,meta_ads,paid_social,evergreen_wealth,Taylor Brooks,Morgan Reed,New Lead,55,2026-05-25T20:07:56,2026-05-25T20:11:56,,
lead_cd602a3156f0,2026-03-09T14:11:46,Duane,Warren,kevinbates@example.org,566-809-8460 x180,France,Organic,Organic Content,Organic,/organic-content,organic,organic,organic_content,Taylor Brooks,Riley Carter,New Lead,52,2026-03-09T15:09:46,2026-03-09T14:32:46,,
lead_c83d7b82520a,2026-06-08T00:29:11,Alan,Harris,angela15@example.org,135-866-7155 x446,Canada,Email Campaign,Database Reactivation,Evergreen,/database-reactivation,email_campaign,organic,database_reactivation,Jordan Lee,Riley Carter,New Lead,58,2026-06-08T02:07:11,2026-06-08T01:15:11,,
lead_948d8c5c7e4f,2026-05-16T19:03:14,Michael,Willis,bwilliams@example.com,1-262-720-5364,United States,Webinar,5-Day Investor Challenge,Webinar,/5-day-investor-challenge,webinar,organic,5-day_investor_challenge,Jordan Lee,Casey Bennett,Cancelled,65,2026-05-16T21:15:14,2026-05-16T19:23:14,book_73b494b61233,
lead_d6bf8854cbfe,2026-06-10T19:37:33,Daniel,Vazquez,riley28@example.com,821-553-8307,Canada,Google Ads,Real Estate Mentorship,Evergreen,/real-estate-mentorship,google_ads,cpc,real_estate_mentorship,Jordan Lee,Morgan Reed,New Lead,23,2026-06-10T22:00:33,2026-06-10T20:12:33,,
lead_be5232666709,2026-03-25T04:24:44,Matthew,Flores,christophermoore@example.org,+1 (743) 956-7844,Canada,Email Campaign,Database Reactivation,Evergreen,/database-reactivation,email_campaign,organic,database_reactivation,Taylor Brooks,Morgan Reed,New Lead,41,2026-03-25T06:04:44,2026-03-25T05:11:44,,
lead_4d1aa40245d5,2026-02-25T08:19:35,Aaron,Hoffman,guerramaria@example.org,598.177.5512,United States,Organic,Organic Content,Organic,/organic-content,organic,organic,organic_content,Jordan Lee,Riley Carter,New Lead,30,2026-02-25T11:12:35,2026-02-25T08:32:35,,
lead_448ee2dd3086,2026-06-29T15:26:39,Kerry,Leon,matthewchambers@example.com,1-598-283-8597,France,Meta Ads,Mentorship VSL,Evergreen,/mentorship-vsl,meta_ads,paid_social,mentorship_vsl,Alex Morgan,Morgan Reed,New Lead,36,2026-06-29T15:56:39,2026-06-29T15:33:39,,
lead_b9a57984c581,2026-01-21T03:09:42,Scott,Hamilton,ldeleon@example.org,805-549-4343 x687,United States,Referral,Client Referral,Referral,/client-referral,referral,organic,client_referral,Taylor Brooks,Riley Carter,Consultation Showed,99,2026-01-21T05:21:42,2026-01-21T03:27:42,book_f2a45c9271f9,
lead_d3a2f612e966,2026-04-08T17:50:04,Curtis,Heath,stephanieswanson@example.net,1-690-763-4153,Mexico,Meta Ads,Investor Calculator,Evergreen,/investor-calculator,meta_ads,paid_social,investor_calculator,Taylor Brooks,Casey Bennett,New Lead,60,2026-04-08T20:23:04,2026-04-08T18:11:04,,
lead_0fcf27da836e,2026-02-13T06:41:35,Brittney,Owens,beckdaniel@example.com,1-977-349-4314,Canada,Webinar,5-Day Investor Challenge,Webinar,/5-day-investor-challenge,webinar,organic,5-day_investor_challenge,Alex Morgan,Morgan Reed,No Show,69,2026-02-13T08:42:35,2026-02-13T07:26:35,book_cd8685cc1129,
lead_3589ada42aa1,2026-03-10T01:58:41,Timothy,Thompson,taylor85@example.com,1-613-547-4168,Canada,Webinar,5-Day Investor Challenge,Webinar,/5-day-investor-challenge,webinar,organic,5-day_investor_challenge,Taylor Brooks,Riley Carter,Consultation Showed,48,2026-03-10T04:01:41,2026-03-10T02:29:41,book_e93caa0e82e3,
lead_811ac865585e,2026-01-02T11:26:32,Nancy,Brooks,christineedwards@example.org,585 558 0957,United States,Webinar,VIP Webinar,Webinar,/vip-webinar,webinar,organic,vip_webinar,Taylor Brooks,Casey Bennett,Consultation Showed,95,2026-01-02T13:06:32,2026-01-02T13:11:32,book_7fc10c1464f8,
lead_783357670b66,2026-02-21T08:39:18,Marissa,Cox,valdezrichard@example.org,(841) 362-3347 x040,Mexico,Meta Ads,Mentorship VSL,Evergreen,/mentorship-vsl,meta_ads,paid_social,mentorship_vsl,Jordan Lee,Riley Carter,Call Booked,41,2026-02-21T10:02:18,2026-02-21T08:47:18,book_12d92638007a,
lead_07541e12fcff,2026-01-07T08:16:29,Cristian,Morales,gschultz@example.com,497-341-8559 x508,Canada,Meta Ads,Investor Calculator,Evergreen,/investor-calculator,meta_ads,paid_social,investor_calculator,Jordan Lee,Riley Carter,Consultation Showed,42,2026-01-07T08:24:29,2026-01-07T08:42:29,book_bc5eaa0b6771,
lead_d1f0f6491d07,2026-03-07T01:37:56,Victor,Campbell,djohnson@example.org,(196) 101-7590,France,Webinar,VIP Webinar,Webinar,/vip-webinar,webinar,organic,vip_webinar,Jordan Lee,Morgan Reed,New Lead,55,2026-03-07T02:25:56,2026-03-07T02:26:56,,
lead_0a54d870409a,2026-02-07T09:51:45,Katherine,Gonzales,bentleysteve@example.net,1-690-786-9285,United States,Organic,Organic Content,Organic,/organic-content,organic,organic,organic_content,Alex Morgan,Riley Carter,New Lead,74,2026-02-07T12:33:45,2026-02-07T12:58:45,,
lead_10b38ff8b732,2026-05-22T09:15:04,Erin,Sanders,danielyates@example.net,(889) 676-3536,Canada,Google Ads,Real Estate Mentorship,Evergreen,/real-estate-mentorship,google_ads,cpc,real_estate_mentorship,Jordan Lee,Riley Carter,New Lead,73,2026-05-22T10:04:04,2026-05-22T09:54:04,,
lead_c1c42e583652,2026-01-20T08:04:00,Zoe,Richardson,jacqueline96@example.org,207-228-8341 x335,Canada,Meta Ads,Evergreen Wealth,Evergreen,/evergreen-wealth,meta_ads,paid_social,evergreen_wealth,Taylor Brooks,Riley Carter,New Lead,47,2026-01-20T08:41:00,2026-01-20T09:24:00,,
lead_4a3d8edf436f,2026-06-12T14:16:38,Karen,Salazar,nelsonbrandon@example.com,1-827-493-6635,Canada,Webinar,VIP Webinar,Webinar,/vip-webinar,webinar,organic,vip_webinar,Jordan Lee,Morgan Reed,New Lead,69,2026-06-12T16:42:38,2026-06-12T14:33:38,,
lead_24ff28dc29d1,2026-03-26T22:31:47,Jennifer,Acosta,ealexander@example.net,1-680-300-7356,United States,Meta Ads,Evergreen Wealth,Evergreen,/evergreen-wealth,meta_ads,paid_social,evergreen_wealth,Taylor Brooks,Morgan Reed,New Lead,59,2026-03-26T22:38:47,2026-03-26T23:36:47,,
lead_05704db6c1e4,2026-04-16T13:41:50,Ann,Hernandez,palmerterri@example.com,763 794 1288,Canada,Meta Ads,Mentorship VSL,Evergreen,/mentorship-vsl,meta_ads,paid_social,mentorship_vsl,Alex Morgan,Riley Carter,New Lead,45,2026-04-16T14:06:50,2026-04-16T13:50:50,,
lead_b4af76df5dd8,2026-05-04T04:48:45,Ruben,Aguilar,patrickemily@example.org,814 252 6119,United States,Webinar,VIP Webinar,Webinar,/vip-webinar,webinar,organic,vip_webinar,Alex Morgan,Morgan Reed,New Lead,66,2026-05-04T07:34:45,2026-05-04T05:19:45,,
lead_4448dbfb99a8,2026-02-27T15:45:33,Kristine,Payne,meganpatrick@example.com,+1 (657) 446-5325,Canada,Referral,Partner Referral,Referral,/partner-referral,referral,organic,partner_referral,Alex Morgan,Riley Carter,New Lead,43,2026-02-27T16:39:33,2026-02-27T18:25:33,,
lead_23e11d9b31ec,2026-05-30T14:17:06,Joshua,Middleton,meyerlaura@example.net,(951) 367-3805 x203,United States,Webinar,VIP Webinar,Webinar,/vip-webinar,webinar,organic,vip_webinar,Jordan Lee,Morgan Reed,Consultation Showed,91,2026-05-30T15:28:06,2026-05-30T15:06:06,book_c9c09fad691e,
lead_6c8740a79e02,2026-05-04T23:05:49,Margaret,Schneider,vaughnjavier@example.net,+1 (384) 184-7146,Mexico,Email Campaign,Database Reactivation,Evergreen,/database-reactivation,email_campaign,organic,database_reactivation,Alex Morgan,Casey Bennett,New Lead,48,2026-05-05T01:38:49,2026-05-05T02:28:49,,
lead_13b041d296c1,2026-01-21T19:00:48,Gabriel,Shah,dorothy33@example.org,1 (740) 112-7283,Canada,Email Campaign,Database Reactivation,Evergreen,/database-reactivation,email_campaign,organic,database_reactivation,Alex Morgan,Morgan Reed,New Lead,66,2026-01-21T19:41:48,2026-01-21T19:49:48,,
lead_72048c8a7563,2026-06-27T05:34:45,Alexander,Smith,zjohns@example.com,370-906-7618 x376,Canada,Meta Ads,Investor Calculator,Evergreen,/investor-calculator,meta_ads,paid_social,investor_calculator,Jordan Lee,Morgan Reed,New Lead,55,2026-06-27T06:32:45,2026-06-27T06:12:45,,
lead_837659c92cbc,2026-05-02T11:53:34,Joy,Brooks,efisher@example.net,962.172.0488,Canada,Google Ads,Real Estate Mentorship,Evergreen,/real-estate-mentorship,google_ads,cpc,real_estate_mentorship,Jordan Lee,Casey Bennett,Call Booked,16,2026-05-02T12:17:34,2026-05-02T12:39:34,book_5eea01905ae9,
lead_21f877421a13,2026-06-07T00:06:42,Ralph,Williams,dakota69@example.org,832-645-6496,Canada,Webinar,VIP Webinar,Webinar,/vip-webinar,webinar,organic,vip_webinar,Alex Morgan,Morgan Reed,Consultation Showed,69,2026-06-07T00:52:42,2026-06-07T01:03:42,book_ade7b3174438,
lead_97d7a53d4d52,2026-01-23T18:13:29,Kenneth,Chapman,moralesmarcus@example.net,(490) 649-0970,France,Referral,Partner Referral,Referral,/partner-referral,referral,organic,partner_referral,Jordan Lee,Riley Carter,New Lead,100,2026-01-23T19:45:29,2026-01-23T18:40:29,,
lead_02fc1abc80f7,2026-01-31T18:08:34,Kenneth,Rogers,thorntoncaitlyn@example.net,918-158-9136,United States,Organic,Organic Content,Organic,/organic-content,organic,organic,organic_content,Alex Morgan,Morgan Reed,New Lead,51,2026-01-31T20:26:34,2026-01-31T18:27:34,,
lead_588821e3e1e2,2026-04-11T14:01:52,Douglas,Myers,fordgregory@example.com,(319) 362-5260,United States,Organic,Organic Content,Organic,/organic-content,organic,organic,organic_content,Alex Morgan,Casey Bennett,New Lead,42,2026-04-11T16:17:52,2026-04-11T16:43:52,,
lead_cf1843d0226c,2026-01-06T17:28:07,Grant,Henderson,piercewilliam@example.com,1-980-293-3583,Canada,Meta Ads,Evergreen Wealth,Evergreen,/evergreen-wealth,meta_ads,paid_social,evergreen_wealth,Alex Morgan,Riley Carter,New Lead,55,2026-01-06T18:56:07,2026-01-06T17:49:07,,
lead_6d8267f1cecd,2026-02-21T23:03:44,Maria,Lee,melissa74@example.com,1-169-351-0214,Canada,Referral,Partner Referral,Referral,/partner-referral,referral,organic,partner_referral,Alex Morgan,Casey Bennett,New Lead,70,2026-02-22T00:18:44,2026-02-22T00:07:44,,
lead_c430fba83bca,2026-04-01T16:34:53,Rebecca,Hubbard,rhondasanchez@example.org,1 (858) 979-9035,Canada,Referral,Client Referral,Referral,/client-referral,referral,organic,client_referral,Jordan Lee,Morgan Reed,New Lead,59,2026-04-01T18:45:53,2026-04-01T16:45:53,,
lead_831856aabc0c,2026-05-14T09:55:11,Craig,Hickman,vincentholly@example.org,556-870-9412,France,Meta Ads,Evergreen Wealth,Evergreen,/evergreen-wealth,meta_ads,paid_social,evergreen_wealth,Alex Morgan,Riley Carter,New Lead,56,2026-05-14T11:11:11,2026-05-14T10:15:11,,
lead_bca3fd5f9f8c,2026-02-02T03:59:58,Renee,Hale,riverasylvia@example.com,(838) 953-3768 x418,France,Webinar,VIP Webinar,Webinar,/vip-webinar,webinar,organic,vip_webinar,Jordan Lee,Casey Bennett,New Lead,74,2026-02-02T04:56:58,2026-02-02T04:45:58,,
lead_7e312b86165d,2026-04-26T19:05:53,Kathryn,Powell,bglenn@example.org,864-345-9731,Mexico,Webinar,VIP Webinar,Webinar,/vip-webinar,webinar,organic,vip_webinar,Taylor Brooks,Morgan Reed,New Lead,84,2026-04-26T20:19:53,2026-04-26T19:12:53,,
lead_790a656f35ab,2026-02-08T18:45:58,Kathleen,Williams,gregorycarpenter@example.com,557-451-0484 x809,Canada,Organic,Organic Content,Organic,/organic-content,organic,organic,organic_content,Taylor Brooks,Morgan Reed,New Lead,79,2026-02-08T21:15:58,2026-02-08T19:25:58,,
lead_2bdb9b2180b9,2026-04-10T07:05:43,Jaclyn,Lucero,meganweaver@example.com,+1 (605) 427-0799,Canada,Google Ads,High Intent Search,Evergreen,/high-intent-search,google_ads,cpc,high_intent_search,Jordan Lee,Riley Carter,New Lead,74,2026-04-10T08:14:43,2026-04-10T07:52:43,,
lead_14509d12deb8,2026-03-19T08:14:37,Lisa,Robbins,leah61@example.org,607.976.4754,Canada,Webinar,VIP Webinar,Webinar,/vip-webinar,webinar,organic,vip_webinar,Jordan Lee,Casey Bennett,New Lead,88,2026-03-19T08:26:37,2026-03-19T09:02:37,,
lead_159a1447a4f6,2026-02-17T15:15:55,Robert,Murray,yhernandez@example.net,(948) 540-3909,Canada,Webinar,VIP Webinar,Webinar,/vip-webinar,webinar,organic,vip_webinar,Jordan Lee,Casey Bennett,New Lead,65,2026-02-17T15:38:55,2026-02-17T16:05:55,,
lead_d0fdecb93559,2026-01-24T17:58:34,Jonathan,Jennings,judith06@example.com,861 382 6870,Canada,Meta Ads,Investor Calculator,Evergreen,/investor-calculator,meta_ads,paid_social,investor_calculator,Alex Morgan,Riley Carter,New Lead,69,2026-01-24T18:05:34,2026-01-24T21:21:34,,
lead_fbd16884d48d,2026-04-21T04:35:54,Nicole,Zamora,dcarlson@example.org,(399) 626-3779,Mexico,Meta Ads,Investor Calculator,Evergreen,/investor-calculator,meta_ads,paid_social,investor_calculator,Taylor Brooks,Morgan Reed,New Lead,36,2026-04-21T06:02:54,2026-04-21T05:27:54,,
lead_493552b73700,2026-04-13T09:13:14,Natasha,Morton,yjones@example.org,373-512-8962,Canada,Google Ads,High Intent Search,Evergreen,/high-intent-search,google_ads,cpc,high_intent_search,Jordan Lee,Riley Carter,New Lead,62,2026-04-13T10:13:14,2026-04-13T09:24:14,,
lead_ce6bea973f49,2026-04-22T10:47:36,Donna,Johnson,karlmartin@example.org,(102) 399-3446,Canada,Organic,Organic Content,Organic,/organic-content,organic,organic,organic_content,Jordan Lee,Casey Bennett,New Lead,47,2026-04-22T13:37:36,2026-04-22T11:24:36,,
lead_f5b39f62e268,2026-02-08T06:39:39,Kristin,Olsen,davenportstephanie@example.com,1-930-695-2357,Mexico,Webinar,5-Day Investor Challenge,Webinar,/5-day-investor-challenge,webinar,organic,5-day_investor_challenge,Jordan Lee,Morgan Reed,Consultation Showed,92,2026-02-08T06:56:39,2026-02-08T07:16:39,book_e3b1c897ab2b,
lead_ce7b47edd6e3,2026-01-24T03:47:14,Nichole,Morris,caroldavis@example.net,1 (637) 006-4488,Canada,Direct,Direct Traffic,Evergreen,/direct-traffic,direct,organic,direct_traffic,Taylor Brooks,Casey Bennett,Consultation Showed,38,2026-01-24T04:23:14,2026-01-24T04:44:14,book_9c91cc1df8ea,
lead_bfce71c7055f,2026-04-22T22:16:59,Justin,Mendoza,john19@example.net,(704) 255-4280 x537,Canada,Organic,Organic Content,Organic,/organic-content,organic,organic,organic_content,Taylor Brooks,Riley Carter,New Lead,44,2026-04-22T22:26:59,2026-04-22T22:46:59,,
lead_c146e6edecfd,2026-02-25T05:14:26,Kathleen,Turner,michaelowen@example.com,(368) 878-6020 x392,Mexico,Direct,Direct Traffic,Evergreen,/direct-traffic,direct,organic,direct_traffic,Jordan Lee,Morgan Reed,Consultation Showed,51,2026-02-25T05:52:26,2026-02-25T05:38:26,book_a986b3becf0d,
lead_dac910c06f15,2026-03-07T12:21:02,David,Barron,fjohnson@example.net,1 (986) 639-9287,Canada,Webinar,5-Day Investor Challenge,Webinar,/5-day-investor-challenge,webinar,organic,5-day_investor_challenge,Jordan Lee,Morgan Reed,Consultation Showed,47,2026-03-07T15:11:02,2026-03-07T12:43:02,book_f57afee88033,
lead_8b1f52cc3e42,2026-05-21T10:36:23,Kimberly,Moore,zharris@example.net,842.495.6291,Canada,Webinar,VIP Webinar,Webinar,/vip-webinar,webinar,organic,vip_webinar,Jordan Lee,Casey Bennett,New Lead,58,2026-05-21T11:58:23,2026-05-21T11:05:23,,
lead_120cb6356284,2026-04-06T21:21:41,Ruth,Ray,kevin60@example.org,(228) 880-7005,Canada,Meta Ads,Investor Calculator,Evergreen,/investor-calculator,meta_ads,paid_social,investor_calculator,Jordan Lee,Riley Carter,New Lead,90,2026-04-07T00:02:41,2026-04-06T21:24:41,,
lead_55efbab90d63,2026-06-14T19:05:58,Jacqueline,White,rcollins@example.org,502 201 7545,France,Direct,Direct Traffic,Evergreen,/direct-traffic,direct,organic,direct_traffic,Alex Morgan,Casey Bennett,New Lead,50,2026-06-14T21:54:58,2026-06-14T20:24:58,,
lead_56e3bedd0779,2026-01-06T16:29:34,Carl,Hill,qharvey@example.net,604.662.7501,Canada,Email Campaign,Database Reactivation,Evergreen,/database-reactivation,email_campaign,organic,database_reactivation,Alex Morgan,Morgan Reed,New Lead,38,2026-01-06T17:31:34,2026-01-06T17:02:34,,
lead_30da202fdf9f,2026-06-17T06:21:45,George,Becker,kking@example.org,(160) 785-4833,Canada,Meta Ads,Investor Calculator,Evergreen,/investor-calculator,meta_ads,paid_social,investor_calculator,Alex Morgan,Morgan Reed,New Lead,86,2026-06-17T08:17:45,2026-06-17T08:29:45,,
lead_48e1107abbfb,2026-06-08T11:31:24,Ashley,Watson,pthomas@example.net,(436) 806-0145 x792,France,Webinar,VIP Webinar,Webinar,/vip-webinar,webinar,organic,vip_webinar,Taylor Brooks,Morgan Reed,New Lead,83,2026-06-08T13:53:24,2026-06-08T12:08:24,,
lead_533a40716760,2026-01-22T12:22:55,Dennis,Washington,judith85@example.net,897.015.0196,Mexico,Meta Ads,Evergreen Wealth,Evergreen,/evergreen-wealth,meta_ads,paid_social,evergreen_wealth,Alex Morgan,Casey Bennett,No Show,36,2026-01-22T12:39:55,2026-01-22T13:00:55,book_798af201b31a,
lead_5a8d34ffe57b,2026-06-03T17:15:11,Chelsea,Boone,bcaldwell@example.net,651 920 1828,Canada,Meta Ads,Mentorship VSL,Evergreen,/mentorship-vsl,meta_ads,paid_social,mentorship_vsl,Alex Morgan,Morgan Reed,New Lead,59,2026-06-03T18:57:11,2026-06-03T17:38:11,,
lead_cdfcd1574e52,2026-01-25T12:32:52,David,Perez,taracole@example.org,1-693-795-8291,Mexico,Organic,Organic Content,Organic,/organic-content,organic,organic,organic_content,Taylor Brooks,Casey Bennett,Consultation Showed,54,2026-01-25T13:58:52,2026-01-25T12:55:52,book_bd7497436216,
lead_0a4117655344,2026-04-12T07:35:42,Amanda,Hurley,robin11@example.com,(897) 149-2075,Canada,Referral,Partner Referral,Referral,/partner-referral,referral,organic,partner_referral,Jordan Lee,Riley Carter,No Show,66,2026-04-12T09:55:42,2026-04-12T08:05:42,book_e36181b2885c,
lead_c1563fe23caf,2026-03-04T12:12:56,Kevin,Villarreal,robin48@example.com,(996) 262-5918,Canada,Organic,Organic Content,Organic,/organic-content,organic,organic,organic_content,Jordan Lee,Casey Bennett,New Lead,40,2026-03-04T14:20:56,2026-03-04T12:46:56,,
lead_809c5ba2c249,2026-04-19T10:52:10,John,Jones,denise77@example.org,+1 (577) 244-3435,United States,Webinar,VIP Webinar,Webinar,/vip-webinar,webinar,organic,vip_webinar,Taylor Brooks,Morgan Reed,New Lead,47,2026-04-19T11:59:10,2026-04-19T11:10:10,,
lead_cf55994f2f47,2026-04-07T01:01:47,Cindy,Ford,ymartin@example.com,515-643-8029 x903,Canada,Referral,Partner Referral,Referral,/partner-referral,referral,organic,partner_referral,Taylor Brooks,Morgan Reed,New Lead,33,2026-04-07T01:21:47,2026-04-07T02:13:47,,
lead_ba4918172d95,2026-02-06T11:45:31,Sarah,Holland,david79@example.com,800-940-9165,Canada,Organic,Organic Content,Organic,/organic-content,organic,organic,organic_content,Alex Morgan,Riley Carter,Consultation Showed,79,2026-02-06T13:54:31,2026-02-06T13:08:31,book_ee0e877644bd,
lead_5d5d1de0d887,2026-05-28T16:07:50,Jeremy,Perry,natasha66@example.net,425 492 0369,United States,Webinar,VIP Webinar,Webinar,/vip-webinar,webinar,organic,vip_webinar,Taylor Brooks,Morgan Reed,New Lead,26,2026-05-28T17:31:50,2026-05-28T16:33:50,,
lead_8ce265f17f5c,2026-06-27T12:07:57,Brian,Hodges,sandra01@example.net,1 (527) 311-7226,Canada,Webinar,5-Day Investor Challenge,Webinar,/5-day-investor-challenge,webinar,organic,5-day_investor_challenge,Jordan Lee,Casey Bennett,New Lead,66,2026-06-27T12:45:57,2026-06-27T12:31:57,,
lead_1e1811d2a41b,2026-06-01T11:09:41,Rhonda,Green,robert00@example.net,584.293.3598,Canada,Direct,Direct Traffic,Evergreen,/direct-traffic,direct,organic,direct_traffic,Jordan Lee,Casey Bennett,New Lead,49,2026-06-01T12:56:41,2026-06-01T11:23:41,,
lead_a6353f8bba38,2026-06-18T21:42:28,Shane,Torres,barbarawalsh@example.net,1 (196) 677-1539,United States,Meta Ads,Investor Calculator,Evergreen,/investor-calculator,meta_ads,paid_social,investor_calculator,Alex Morgan,Casey Bennett,Consultation Showed,67,2026-06-19T00:14:28,2026-06-18T23:34:28,book_8be5126fa84b,
lead_f053a77a624b,2026-02-16T17:06:08,Kristine,Martin,judymarshall@example.org,+1 (150) 032-9909,Mexico,Webinar,5-Day Investor Challenge,Webinar,/5-day-investor-challenge,webinar,organic,5-day_investor_challenge,Alex Morgan,Casey Bennett,Consultation Showed,42,2026-02-16T17:15:08,2026-02-16T17:21:08,book_d9b7c9b73d7e,
lead_6c8268e313a6,2026-04-14T02:06:19,Jacqueline,Fields,dturner@example.com,544.278.7355,Canada,Meta Ads,Mentorship VSL,Evergreen,/mentorship-vsl,meta_ads,paid_social,mentorship_vsl,Alex Morgan,Riley Carter,New Lead,54,2026-04-14T04:06:19,2026-04-14T02:31:19,,
lead_02efdf96b06d,2026-02-11T04:17:57,Donna,Williams,gregory31@example.com,492-067-5493 x934,Canada,Meta Ads,Investor Calculator,Evergreen,/investor-calculator,meta_ads,paid_social,investor_calculator,Jordan Lee,Riley Carter,New Lead,48,2026-02-11T05:00:57,2026-02-11T05:06:57,,
lead_d75982c7143b,2026-02-22T22:21:22,Gabriella,Ross,ramirezmelissa@example.net,452 878 3573,Canada,Meta Ads,Investor Calculator,Evergreen,/investor-calculator,meta_ads,paid_social,investor_calculator,Taylor Brooks,Casey Bennett,New Lead,88,2026-02-23T00:00:22,2026-02-22T23:10:22,,
lead_013c040daebc,2026-02-07T15:47:12,Margaret,Mckenzie,mcclainjohn@example.com,(245) 330-2364,Canada,Webinar,VIP Webinar,Webinar,/vip-webinar,webinar,organic,vip_webinar,Alex Morgan,Riley Carter,No Show,66,2026-02-07T17:07:12,2026-02-07T16:50:12,book_e37c55f5719b,
lead_02d654561dc3,2026-04-06T20:25:06,Megan,Hernandez,bmahoney@example.net,(153) 720-3350 x516,Canada,Meta Ads,Mentorship VSL,Evergreen,/mentorship-vsl,meta_ads,paid_social,mentorship_vsl,Taylor Brooks,Morgan Reed,New Lead,51,2026-04-06T22:42:06,2026-04-06T20:53:06,,
lead_66eef8e01db2,2026-02-12T15:18:57,David,Underwood,cody07@example.net,555.587.0940,Canada,Referral,Partner Referral,Referral,/partner-referral,referral,organic,partner_referral,Alex Morgan,Riley Carter,New Lead,56,2026-02-12T15:52:57,2026-02-12T16:43:57,,
lead_d36ca7d19189,2026-04-14T07:54:48,Edwin,Woodard,stacey64@example.org,999.255.1253,Canada,Meta Ads,Evergreen Wealth,Evergreen,/evergreen-wealth,meta_ads,paid_social,evergreen_wealth,Taylor Brooks,Riley Carter,New Lead,58,2026-04-14T08:24:48,2026-04-14T08:28:48,,
lead_f4147d203306,2026-03-18T06:58:43,Lauren,Johnson,etownsend@example.net,835.053.4941,Canada,Webinar,VIP Webinar,Webinar,/vip-webinar,webinar,organic,vip_webinar,Taylor Brooks,Casey Bennett,New Lead,45,2026-03-18T07:28:43,2026-03-18T07:20:43,,
lead_0ebc6459df90,2026-06-02T13:45:22,Daniel,Holt,michael16@example.com,(728) 246-3061,Canada,Organic,Organic Content,Organic,/organic-content,organic,organic,organic_content,Jordan Lee,Riley Carter,New Lead,56,2026-06-02T14:42:22,2026-06-02T14:27:22,,
lead_e4c4e5bcb79d,2026-01-19T07:12:07,Dennis,Christian,patricia63@example.com,100 761 5042,Canada,Organic,Organic Content,Organic,/organic-content,organic,organic,organic_content,Taylor Brooks,Riley Carter,New Lead,48,2026-01-19T08:04:07,2026-01-19T08:01:07,,
lead_6a9f40879686,2026-06-15T13:14:09,Leonard,Hart,wmason@example.net,+1 (997) 714-3360,Canada,Organic,Organic Content,Organic,/organic-content,organic,organic,organic_content,Taylor Brooks,Morgan Reed,New Lead,42,2026-06-15T14:20:09,2026-06-15T14:41:09,,
lead_6c7027465f3d,2026-06-24T17:41:40,Bobby,Cannon,rodriguezchristian@example.com,+1 (910) 392-7888,Canada,Meta Ads,Investor Calculator,Evergreen,/investor-calculator,meta_ads,paid_social,investor_calculator,Alex Morgan,Riley Carter,New Lead,28,2026-06-24T19:42:40,2026-06-24T19:51:40,,
lead_1ad7a3b9f5d0,2026-01-05T01:03:36,Corey,Wheeler,campbellterri@example.com,663.881.6878,France,Organic,Organic Content,Organic,/organic-content,organic,organic,organic_content,Alex Morgan,Morgan Reed,New Lead,64,2026-01-05T01:53:36,2026-01-05T01:49:36,,
lead_8063c442e788,2026-04-26T08:15:52,Christopher,Roth,sarah90@example.com,396-568-8267,France,Referral,Partner Referral,Referral,/partner-referral,referral,organic,partner_referral,Taylor Brooks,Morgan Reed,Consultation Showed,74,2026-04-26T09:50:52,2026-04-26T08:32:52,book_28cbc8b938a4,
lead_ed170af21ffc,2026-04-02T18:19:39,Alexandria,Smith,jennifermoore@example.org,(914) 723-7356 x407,Canada,Organic,Organic Content,Organic,/organic-content,organic,organic,organic_content,Alex Morgan,Riley Carter,New Lead,21,2026-04-02T18:52:39,2026-04-02T19:51:39,,
lead_fc92646c9601,2026-06-12T05:03:18,Jeffrey,Ramsey,chungjeffrey@example.com,789-995-1454 x983,Canada,Referral,Client Referral,Referral,/client-referral,referral,organic,client_referral,Alex Morgan,Morgan Reed,No Show,27,2026-06-12T06:06:18,2026-06-12T05:52:18,book_30ae7b358546,
lead_30e51f5cb1b2,2026-03-01T03:32:58,Steven,Miller,kcastillo@example.org,+1 (868) 867-5185,Canada,Webinar,5-Day Investor Challenge,Webinar,/5-day-investor-challenge,webinar,organic,5-day_investor_challenge,Taylor Brooks,Casey Bennett,Consultation Showed,93,2026-03-01T05:02:58,2026-03-01T03:47:58,book_f4c59387340a,
lead_431eecb2e59f,2026-05-09T19:42:28,Patricia,Miller,michael05@example.net,1 (363) 431-8073,Canada,Direct,Direct Traffic,Evergreen,/direct-traffic,direct,organic,direct_traffic,Jordan Lee,Morgan Reed,Call Booked,38,2026-05-09T21:51:28,2026-05-09T20:02:28,book_ab67fe027d66,
lead_ef825ea1bc16,2026-05-18T21:34:19,Allen,Johnson,allison56@example.com,(837) 773-0316,Mexico,Webinar,VIP Webinar,Webinar,/vip-webinar,webinar,organic,vip_webinar,Taylor Brooks,Riley Carter,New Lead,100,2026-05-18T23:04:19,2026-05-18T22:02:19,,
lead_c6fda4094715,2026-05-14T03:59:08,Grace,Castillo,maryrodriguez@example.com,(172) 012-4025 x455,United States,Organic,Organic Content,Organic,/organic-content,organic,organic,organic_content,Alex Morgan,Morgan Reed,New Lead,41,2026-05-14T06:16:08,2026-05-14T04:06:08,,
lead_0c5f02ee98b4,2026-05-09T00:52:21,Dominique,Shea,brittany08@example.net,999-839-7673,Canada,Direct,Direct Traffic,Evergreen,/direct-traffic,direct,organic,direct_traffic,Alex Morgan,Morgan Reed,No Show,86,2026-05-09T01:33:21,2026-05-09T02:41:21,book_19af7725fe64,
lead_d70518f01e9e,2026-03-11T19:01:05,William,Taylor,ndavis@example.org,(543) 830-0091,United States,Organic,Organic Content,Organic,/organic-content,organic,organic,organic_content,Alex Morgan,Casey Bennett,New Lead,37,2026-03-11T19:58:05,2026-03-11T19:31:05,,
lead_855ef358f3f3,2026-06-20T07:47:14,Jeffrey,Moore,christine30@example.com,1-317-996-5466,United States,Referral,Client Referral,Referral,/client-referral,referral,organic,client_referral,Jordan Lee,Riley Carter,New Lead,91,2026-06-20T10:32:14,2026-06-20T10:44:14,,
lead_0c79779b54d2,2026-03-09T17:44:08,William,Crawford,michaelboyd@example.com,325 275 6002,Canada,Meta Ads,Mentorship VSL,Evergreen,/mentorship-vsl,meta_ads,paid_social,mentorship_vsl,Jordan Lee,Casey Bennett,New Lead,44,2026-03-09T19:13:08,2026-03-09T18:41:08,,
lead_ba9864f9ed14,2026-04-23T12:44:39,John,Anderson,benjamin67@example.com,925.158.9041,United States,Meta Ads,Evergreen Wealth,Evergreen,/evergreen-wealth,meta_ads,paid_social,evergreen_wealth,Taylor Brooks,Morgan Reed,New Lead,55,2026-04-23T15:02:39,2026-04-23T13:15:39,,
lead_ee60823baad7,2026-04-21T00:50:17,Melissa,Martin,rogersrobert@example.com,581-239-2788,Canada,Google Ads,Real Estate Mentorship,Evergreen,/real-estate-mentorship,google_ads,cpc,real_estate_mentorship,Alex Morgan,Casey Bennett,New Lead,80,2026-04-21T02:23:17,2026-04-21T01:33:17,,
lead_eb8618fb0423,2026-04-01T13:11:48,Kelsey,Tucker,silvapatrick@example.org,+1 (515) 276-9584,Canada,Email Campaign,Database Reactivation,Evergreen,/database-reactivation,email_campaign,organic,database_reactivation,Jordan Lee,Riley Carter,New Lead,39,2026-04-01T16:10:48,2026-04-01T14:17:48,,
lead_59ce845e92b1,2026-02-28T23:05:27,Kevin,Smith,laurengreen@example.net,848 863 1373,Canada,Organic,Organic Content,Organic,/organic-content,organic,organic,organic_content,Jordan Lee,Morgan Reed,Consultation Showed,61,2026-03-01T01:14:27,2026-03-01T00:44:27,book_83694552dc52,
lead_0ff1fe627181,2026-02-24T22:57:22,Chase,Richardson,sherrymonroe@example.org,(102) 669-1419 x396,Canada,Google Ads,High Intent Search,Evergreen,/high-intent-search,google_ads,cpc,high_intent_search,Jordan Lee,Casey Bennett,New Lead,80,2026-02-25T01:33:22,2026-02-24T23:54:22,,
lead_1489bd900dc1,2026-05-09T05:00:12,Patrick,Johnson,yarias@example.org,(791) 199-2569 x247,Canada,Meta Ads,Investor Calculator,Evergreen,/investor-calculator,meta_ads,paid_social,investor_calculator,Alex Morgan,Casey Bennett,New Lead,57,2026-05-09T05:05:12,2026-05-09T05:13:12,,
lead_3794a79e5bba,2026-01-17T16:48:18,Ann,Caldwell,keithnovak@example.org,1-214-131-8118,Canada,Webinar,5-Day Investor Challenge,Webinar,/5-day-investor-challenge,webinar,organic,5-day_investor_challenge,Taylor Brooks,Morgan Reed,New Lead,42,2026-01-17T18:02:18,2026-01-17T17:09:18,,
lead_f87130746db8,2026-02-26T11:14:08,Larry,Rush,sandra32@example.com,779.044.7085,Canada,Google Ads,High Intent Search,Evergreen,/high-intent-search,google_ads,cpc,high_intent_search,Jordan Lee,Morgan Reed,New Lead,97,2026-02-26T12:15:08,2026-02-26T11:57:08,,
lead_2c03c3d479f5,2026-03-24T01:17:15,Aaron,Garner,romanraven@example.com,548.783.1031,France,Webinar,VIP Webinar,Webinar,/vip-webinar,webinar,organic,vip_webinar,Alex Morgan,Casey Bennett,Consultation Showed,67,2026-03-24T03:04:15,2026-03-24T01:24:15,book_491d56030da8,
lead_428670a7ad48,2026-02-03T15:38:44,Lisa,Gomez,enelson@example.org,475 794 0740,Canada,Email Campaign,Database Reactivation,Evergreen,/database-reactivation,email_campaign,organic,database_reactivation,Jordan Lee,Riley Carter,New Lead,59,2026-02-03T18:07:44,2026-02-03T16:33:44,,
lead_b1062e47f046,2026-02-18T13:10:47,Jason,Kaiser,nbaker@example.net,(370) 933-9136 x941,Canada,Meta Ads,Evergreen Wealth,Evergreen,/evergreen-wealth,meta_ads,paid_social,evergreen_wealth,Alex Morgan,Casey Bennett,New Lead,36,2026-02-18T13:49:47,2026-02-18T13:40:47,,
lead_232c98c0953b,2026-04-21T00:51:02,Lisa,Sullivan,chad60@example.org,767 531 8057,Canada,Meta Ads,Investor Calculator,Evergreen,/investor-calculator,meta_ads,paid_social,investor_calculator,Alex Morgan,Casey Bennett,New Lead,45,2026-04-21T03:36:02,2026-04-21T01:30:02,,
lead_45c8164cdfd0,2026-01-19T15:35:22,John,Jennings,millerwendy@example.net,+1 (754) 612-5360,Canada,Webinar,VIP Webinar,Webinar,/vip-webinar,webinar,organic,vip_webinar,Taylor Brooks,Casey Bennett,No Show,87,2026-01-19T16:15:22,2026-01-19T15:40:22,book_e6b03ad3e5c3,
lead_9e86c18e5685,2026-04-01T22:48:13,Sarah,Smith,scott86@example.com,1-286-989-4848,Canada,Organic,Organic Content,Organic,/organic-content,organic,organic,organic_content,Jordan Lee,Casey Bennett,New Lead,57,2026-04-02T00:23:13,2026-04-01T23:59:13,,
lead_9fb700fd7c55,2026-05-29T21:24:20,Tanner,Villanueva,richardrodriguez@example.org,470-177-3759 x493,Canada,Organic,Organic Content,Organic,/organic-content,organic,organic,organic_content,Alex Morgan,Riley Carter,New Lead,74,2026-05-29T23:16:20,2026-05-29T22:03:20,,
lead_c1e2395c12e9,2026-04-23T16:29:54,Lisa,Villa,hrose@example.org,519-600-4902 x144,Canada,Webinar,5-Day Investor Challenge,Webinar,/5-day-investor-challenge,webinar,organic,5-day_investor_challenge,Taylor Brooks,Riley Carter,New Lead,81,2026-04-23T18:45:54,2026-04-23T17:08:54,,
lead_7437a2e3b118,2026-01-11T09:29:45,Christopher,Bonilla,matthew96@example.com,1-333-384-9655,Canada,Webinar,VIP Webinar,Webinar,/vip-webinar,webinar,organic,vip_webinar,Taylor Brooks,Morgan Reed,Consultation Showed,88,2026-01-11T11:14:45,2026-01-11T09:55:45,book_bd9bb095b2a5,
lead_b0d5ac3486b9,2026-06-12T22:56:46,Jeremy,Duke,bparsons@example.org,(753) 004-9992,Canada,Organic,Organic Content,Organic,/organic-content,organic,organic,organic_content,Jordan Lee,Riley Carter,New Lead,60,2026-06-12T23:14:46,2026-06-12T23:38:46,,
lead_bfccfcac4d48,2026-01-19T21:54:45,Courtney,Whitney,jenniferrobbins@example.net,373-173-9462 x487,Canada,Meta Ads,Mentorship VSL,Evergreen,/mentorship-vsl,meta_ads,paid_social,mentorship_vsl,Taylor Brooks,Casey Bennett,New Lead,62,2026-01-19T23:13:45,2026-01-19T22:05:45,,
lead_bcb35825d1d5,2026-05-24T18:51:14,Sarah,Gonzalez,megan65@example.net,(492) 768-7141,United States,Webinar,5-Day Investor Challenge,Webinar,/5-day-investor-challenge,webinar,organic,5-day_investor_challenge,Taylor Brooks,Riley Carter,Consultation Showed,57,2026-05-24T21:25:14,2026-05-24T19:08:14,book_715434969e9d,
lead_60cc7e054d8c,2026-04-11T05:57:53,Joshua,Gonzalez,klinetimothy@example.net,+1 (470) 605-5817,Canada,Meta Ads,Evergreen Wealth,Evergreen,/evergreen-wealth,meta_ads,paid_social,evergreen_wealth,Jordan Lee,Morgan Reed,New Lead,40,2026-04-11T06:38:53,2026-04-11T06:14:53,,
lead_2268a9f9883d,2026-05-05T05:04:10,Mallory,Ford,davidlove@example.com,750 698 9354,Canada,Meta Ads,Mentorship VSL,Evergreen,/mentorship-vsl,meta_ads,paid_social,mentorship_vsl,Jordan Lee,Riley Carter,New Lead,76,2026-05-05T05:48:10,2026-05-05T08:05:10,,
lead_391f1843bfbe,2026-06-06T10:26:47,Kevin,Clark,ssmith@example.net,1 (257) 039-3427,United States,Direct,Direct Traffic,Evergreen,/direct-traffic,direct,organic,direct_traffic,Alex Morgan,Morgan Reed,New Lead,36,2026-06-06T12:35:47,2026-06-06T12:59:47,,
lead_c8fe4d9f471a,2026-04-28T05:52:06,Jennifer,Duke,lmckay@example.org,1 (152) 905-0926,Canada,Meta Ads,Evergreen Wealth,Evergreen,/evergreen-wealth,meta_ads,paid_social,evergreen_wealth,Alex Morgan,Morgan Reed,New Lead,36,2026-04-28T06:27:06,2026-04-28T06:27:06,,
lead_ba6ecfe52d97,2026-06-11T16:47:11,Adrian,Estrada,contreraskara@example.org,1 (561) 619-7384,Canada,Meta Ads,Evergreen Wealth,Evergreen,/evergreen-wealth,meta_ads,paid_social,evergreen_wealth,Alex Morgan,Morgan Reed,Cancelled,43,2026-06-11T19:01:11,2026-06-11T17:05:11,book_ca62257a0775,
lead_348743753683,2026-02-05T17:42:24,Tammy,Burgess,taylorchristopher@example.org,108-823-8469,Mexico,Meta Ads,Investor Calculator,Evergreen,/investor-calculator,meta_ads,paid_social,investor_calculator,Taylor Brooks,Casey Bennett,Consultation Showed,50,2026-02-05T18:47:24,2026-02-05T19:11:24,book_085e35f2cb78,
lead_e82f258e4f86,2026-06-16T20:41:34,Kathryn,Parks,mwoods@example.net,(710) 448-1773,United States,Webinar,VIP Webinar,Webinar,/vip-webinar,webinar,organic,vip_webinar,Jordan Lee,Morgan Reed,New Lead,76,2026-06-16T23:34:34,2026-06-16T21:58:34,,
lead_ccca02537c37,2026-01-28T12:18:19,Melissa,Mcmillan,jenny19@example.org,918 822 0631,Canada,Referral,Partner Referral,Referral,/partner-referral,referral,organic,partner_referral,Taylor Brooks,Riley Carter,Consultation Showed,41,2026-01-28T15:11:19,2026-01-28T15:47:19,book_a94df28aae41,
lead_13d92324de68,2026-04-03T11:03:32,Jessica,Sanders,david61@example.net,(702) 364-1693,Canada,Referral,Partner Referral,Referral,/partner-referral,referral,organic,partner_referral,Taylor Brooks,Morgan Reed,New Lead,85,2026-04-03T13:10:32,2026-04-03T12:33:32,,
lead_17b1abd09a69,2026-03-13T07:55:32,William,Stewart,gutierrezsteven@example.com,332-391-9325,Canada,Email Campaign,Database Reactivation,Evergreen,/database-reactivation,email_campaign,organic,database_reactivation,Jordan Lee,Riley Carter,Consultation Showed,73,2026-03-13T10:50:32,2026-03-13T08:10:32,book_dc7caf89762a,
lead_e0507f251e3d,2026-03-22T22:52:42,Kristina,Ferguson,gtrujillo@example.org,+1 (393) 794-9995,Canada,Webinar,VIP Webinar,Webinar,/vip-webinar,webinar,organic,vip_webinar,Jordan Lee,Casey Bennett,Consultation Showed,63,2026-03-23T00:45:42,2026-03-22T23:35:42,book_00f17b663400,
lead_0a3f2a52818d,2026-01-03T03:21:18,Sharon,Edwards,qgill@example.com,(143) 686-8111 x433,Canada,Meta Ads,Investor Calculator,Evergreen,/investor-calculator,meta_ads,paid_social,investor_calculator,Taylor Brooks,Riley Carter,New Lead,46,2026-01-03T05:54:18,2026-01-03T03:38:18,,
lead_d7414d373b86,2026-01-09T06:40:42,Ronald,Johnson,floresvictor@example.org,1 (155) 906-2787,France,Webinar,VIP Webinar,Webinar,/vip-webinar,webinar,organic,vip_webinar,Jordan Lee,Riley Carter,New Lead,65,2026-01-09T08:15:42,2026-01-09T09:30:42,,
lead_d44a32c7e111,2026-01-31T17:47:57,George,Kelly,wattsalfred@example.net,1-163-721-6266,Canada,Google Ads,High Intent Search,Evergreen,/high-intent-search,google_ads,cpc,high_intent_search,Taylor Brooks,Morgan Reed,No Show,44,2026-01-31T19:23:57,2026-01-31T18:48:57,book_aa10d0d7b90b,
lead_ed828e7cb15e,2026-04-10T14:57:49,Javier,Lee,charles02@example.net,1 (459) 997-7379,Canada,Google Ads,Real Estate Mentorship,Evergreen,/real-estate-mentorship,google_ads,cpc,real_estate_mentorship,Alex Morgan,Casey Bennett,Consultation Showed,75,2026-04-10T15:18:49,2026-04-10T15:14:49,book_5bd8f571ee7a,
lead_a443ac0e34f0,2026-03-31T05:20:24,Carolyn,Howard,ufarrell@example.com,492.474.1117,Canada,Referral,Client Referral,Referral,/client-referral,referral,organic,client_referral,Taylor Brooks,Casey Bennett,New Lead,61,2026-03-31T06:00:24,2026-03-31T05:31:24,,
lead_a527008d62d9,2026-06-27T21:36:54,Vanessa,Richmond,whernandez@example.com,961-125-8423 x300,Canada,Email Campaign,Database Reactivation,Evergreen,/database-reactivation,email_campaign,organic,database_reactivation,Jordan Lee,Riley Carter,New Lead,59,2026-06-28T00:26:54,2026-06-27T22:10:54,,
lead_9505b1d61d8e,2026-01-26T03:09:00,Bradley,Sanders,antoniogould@example.net,292 482 8732,Canada,Referral,Client Referral,Referral,/client-referral,referral,organic,client_referral,Taylor Brooks,Casey Bennett,Consultation Showed,73,2026-01-26T04:36:00,2026-01-26T03:37:00,book_9d827187dcfa,
lead_4f5e4e2001e8,2026-01-14T02:53:56,Benjamin,Ruiz,christopherfields@example.org,+1 (154) 852-2072,Canada,Organic,Organic Content,Organic,/organic-content,organic,organic,organic_content,Taylor Brooks,Morgan Reed,New Lead,68,2026-01-14T03:09:56,2026-01-14T03:50:56,,
lead_ed0fc4d83448,2026-01-21T15:01:23,Caleb,Cole,piercedevin@example.com,1-216-279-6365,Mexico,Meta Ads,Mentorship VSL,Evergreen,/mentorship-vsl,meta_ads,paid_social,mentorship_vsl,Jordan Lee,Casey Bennett,New Lead,53,2026-01-21T17:13:23,2026-01-21T15:16:23,,
lead_717563dd9ae1,2026-01-21T11:20:52,Eric,Simon,michael10@example.org,1 (310) 819-4842,United States,Webinar,5-Day Investor Challenge,Webinar,/5-day-investor-challenge,webinar,organic,5-day_investor_challenge,Jordan Lee,Casey Bennett,Consultation Showed,81,2026-01-21T12:09:52,2026-01-21T12:46:52,book_b0f5504994da,
lead_6c4abcd8a772,2026-04-29T19:40:39,Ruben,Thompson,smithrobert@example.com,523 502 8303,Canada,Email Campaign,Database Reactivation,Evergreen,/database-reactivation,email_campaign,organic,database_reactivation,Taylor Brooks,Morgan Reed,Consultation Showed,63,2026-04-29T20:49:39,2026-04-29T19:51:39,book_31ad68a7dcdc,
lead_d11a5210717c,2026-04-28T18:39:00,Felicia,Wiley,james75@example.org,469.280.9166,Mexico,Google Ads,Real Estate Mentorship,Evergreen,/real-estate-mentorship,google_ads,cpc,real_estate_mentorship,Alex Morgan,Casey Bennett,New Lead,58,2026-04-28T21:25:00,2026-04-28T18:45:00,,
lead_83306777b76e,2026-03-15T07:52:42,David,Larsen,jsalazar@example.com,1-103-304-5441,France,Meta Ads,Investor Calculator,Evergreen,/investor-calculator,meta_ads,paid_social,investor_calculator,Taylor Brooks,Riley Carter,New Lead,40,2026-03-15T08:31:42,2026-03-15T10:23:42,,
lead_b7df930d4946,2026-04-06T08:42:21,Perry,Graham,betty00@example.net,(744) 580-1517 x642,United States,Meta Ads,Investor Calculator,Evergreen,/investor-calculator,meta_ads,paid_social,investor_calculator,Alex Morgan,Morgan Reed,New Lead,70,2026-04-06T10:39:21,2026-04-06T08:58:21,,
lead_03d4ffe944ef,2026-06-08T00:45:31,Maria,Jackson,williskenneth@example.org,1 (405) 096-9961,Mexico,Webinar,VIP Webinar,Webinar,/vip-webinar,webinar,organic,vip_webinar,Alex Morgan,Morgan Reed,New Lead,57,2026-06-08T03:05:31,2026-06-08T00:54:31,,
lead_2b9ca298e910,2026-02-09T12:33:48,David,Copeland,nathan32@example.org,(505) 883-7743 x540,Mexico,Organic,Organic Content,Organic,/organic-content,organic,organic,organic_content,Alex Morgan,Casey Bennett,New Lead,47,2026-02-09T12:46:48,2026-02-09T13:26:48,,
lead_6b787268179a,2026-03-08T03:49:47,Tyler,Sullivan,julie39@example.com,311-152-5586,United States,Webinar,5-Day Investor Challenge,Webinar,/5-day-investor-challenge,webinar,organic,5-day_investor_challenge,Taylor Brooks,Riley Carter,Consultation Showed,79,2026-03-08T04:41:47,2026-03-08T04:16:47,book_6105e97fc702,
lead_afef93f56234,2026-06-11T15:16:43,Steven,Padilla,richardwalker@example.com,1-189-030-4588,Canada,Organic,Organic Content,Organic,/organic-content,organic,organic,organic_content,Jordan Lee,Riley Carter,New Lead,61,2026-06-11T16:14:43,2026-06-11T16:02:43,,
lead_68a7302938c5,2026-06-05T15:42:27,Jasmine,Watkins,copelandryan@example.com,129 355 4592,Canada,Google Ads,High Intent Search,Evergreen,/high-intent-search,google_ads,cpc,high_intent_search,Taylor Brooks,Casey Bennett,Consultation Showed,63,2026-06-05T16:04:27,2026-06-05T16:07:27,book_f89e5b227ae6,
lead_858a8e9986fc,2026-01-25T16:45:34,Mark,Leon,cramos@example.com,813.798.3045,Canada,Webinar,5-Day Investor Challenge,Webinar,/5-day-investor-challenge,webinar,organic,5-day_investor_challenge,Alex Morgan,Casey Bennett,Consultation Showed,74,2026-01-25T19:02:34,2026-01-25T17:14:34,book_065ca6fef775,
lead_420f2c504882,2026-04-15T23:05:23,Robert,Thomas,mark11@example.com,389-589-7015,Canada,Meta Ads,Mentorship VSL,Evergreen,/mentorship-vsl,meta_ads,paid_social,mentorship_vsl,Jordan Lee,Casey Bennett,New Lead,54,2026-04-16T00:34:23,2026-04-15T23:27:23,,
lead_e3df82010a8a,2026-01-14T04:40:59,Hunter,Frank,nicholasboyd@example.com,908-347-6128,France,Google Ads,Real Estate Mentorship,Evergreen,/real-estate-mentorship,google_ads,cpc,real_estate_mentorship,Alex Morgan,Riley Carter,New Lead,57,2026-01-14T05:25:59,2026-01-14T04:54:59,,
lead_9dd03c6db7aa,2026-03-19T12:29:54,Brenda,Griffith,mcdanielsamantha@example.com,+1 (811) 399-7992,Canada,Organic,Organic Content,Organic,/organic-content,organic,organic,organic_content,Taylor Brooks,Morgan Reed,New Lead,39,2026-03-19T15:12:54,2026-03-19T12:46:54,,
lead_aa466cace769,2026-05-07T20:16:54,Daniel,Escobar,heather03@example.org,(278) 852-8589 x868,Canada,Organic,Organic Content,Organic,/organic-content,organic,organic,organic_content,Jordan Lee,Casey Bennett,No Show,60,2026-05-07T20:28:54,2026-05-07T20:56:54,book_7df0bfd75ec9,
lead_f2fd4e2b416d,2026-01-28T01:07:55,Amy,Wang,tanyamcdonald@example.net,(509) 007-3794,Canada,Meta Ads,Evergreen Wealth,Evergreen,/evergreen-wealth,meta_ads,paid_social,evergreen_wealth,Taylor Brooks,Casey Bennett,New Lead,50,2026-01-28T02:04:55,2026-01-28T02:08:55,,
lead_155654c959a8,2026-02-15T18:03:20,Kimberly,Edwards,molly44@example.org,476-926-2654,Canada,Email Campaign,Database Reactivation,Evergreen,/database-reactivation,email_campaign,organic,database_reactivation,Taylor Brooks,Riley Carter,New Lead,66,2026-02-15T20:14:20,2026-02-15T18:48:20,,
lead_eaababed38ea,2026-03-09T03:45:25,Kenneth,Hayes,victoria16@example.org,1-135-983-9859,Mexico,Referral,Partner Referral,Referral,/partner-referral,referral,organic,partner_referral,Taylor Brooks,Riley Carter,Consultation Showed,54,2026-03-09T04:08:25,2026-03-09T04:32:25,book_bf76df3a9b57,
lead_a970c7839cc2,2026-06-22T08:08:11,Steven,Obrien,ucox@example.com,(137) 568-1678 x434,Canada,Organic,Organic Content,Organic,/organic-content,organic,organic,organic_content,Alex Morgan,Casey Bennett,New Lead,63,2026-06-22T10:34:11,2026-06-22T08:45:11,,
lead_6502b81ba3f6,2026-01-07T21:54:30,Tracy,Moses,brianramos@example.net,977.613.5007,Canada,Webinar,5-Day Investor Challenge,Webinar,/5-day-investor-challenge,webinar,organic,5-day_investor_challenge,Taylor Brooks,Casey Bennett,New Lead,34,2026-01-08T00:06:30,2026-01-07T22:27:30,,
lead_b0d981d5ea84,2026-06-01T18:14:56,Amanda,Hughes,edgargonzalez@example.net,(654) 033-6999 x528,Canada,Google Ads,Real Estate Mentorship,Evergreen,/real-estate-mentorship,google_ads,cpc,real_estate_mentorship,Alex Morgan,Morgan Reed,Consultation Showed,92,2026-06-01T19:17:56,2026-06-01T18:51:56,book_18d8ae117339,
lead_4f1b17aac3ef,2026-04-14T17:29:11,Evelyn,Williams,jeffreyhubbard@example.org,+1 (853) 273-5514,Mexico,Webinar,5-Day Investor Challenge,Webinar,/5-day-investor-challenge,webinar,organic,5-day_investor_challenge,Taylor Brooks,Riley Carter,No Show,56,2026-04-14T20:09:11,2026-04-14T17:53:11,book_cb03d953c042,
lead_2fadd6e20373,2026-01-11T02:59:31,Eric,Wheeler,lopeztanya@example.org,1-477-146-9509,United States,Webinar,VIP Webinar,Webinar,/vip-webinar,webinar,organic,vip_webinar,Taylor Brooks,Morgan Reed,Consultation Showed,72,2026-01-11T04:43:31,2026-01-11T03:43:31,book_6cdba18a7f14,
lead_84ccd832fc6d,2026-04-17T17:03:53,Jennifer,Edwards,heather02@example.org,661-741-3644,Canada,Google Ads,Real Estate Mentorship,Evergreen,/real-estate-mentorship,google_ads,cpc,real_estate_mentorship,Alex Morgan,Riley Carter,New Lead,36,2026-04-17T17:43:53,2026-04-17T18:28:53,,
lead_881e174a7743,2026-03-10T07:27:21,Anne,Lloyd,krodriguez@example.org,(293) 912-7065 x076,Canada,Direct,Direct Traffic,Evergreen,/direct-traffic,direct,organic,direct_traffic,Alex Morgan,Morgan Reed,Consultation Showed,66,2026-03-10T08:21:21,2026-03-10T08:26:21,book_54f9096752bd,
lead_4f0096c909ea,2026-01-02T22:50:05,Rebecca,Jackson,rebeccaweaver@example.org,556-446-8530,Canada,Meta Ads,Mentorship VSL,Evergreen,/mentorship-vsl,meta_ads,paid_social,mentorship_vsl,Taylor Brooks,Riley Carter,New Lead,63,2026-01-02T23:53:05,2026-01-02T23:19:05,,
lead_e7ca984e9b22,2026-06-19T13:40:01,Nathan,Nguyen,beverly02@example.com,(456) 077-7894,Mexico,Meta Ads,Evergreen Wealth,Evergreen,/evergreen-wealth,meta_ads,paid_social,evergreen_wealth,Alex Morgan,Morgan Reed,New Lead,70,2026-06-19T14:48:01,2026-06-19T14:55:01,,
lead_7ab71fda6969,2026-02-24T20:59:33,Jesse,Taylor,mhodge@example.net,746-008-2369,Canada,Meta Ads,Evergreen Wealth,Evergreen,/evergreen-wealth,meta_ads,paid_social,evergreen_wealth,Taylor Brooks,Riley Carter,New Lead,70,2026-02-24T21:15:33,2026-02-24T21:12:33,,
lead_6a77bd67645f,2026-01-26T04:31:17,Jennifer,Bird,stacycoleman@example.net,722-209-7550,Canada,Webinar,VIP Webinar,Webinar,/vip-webinar,webinar,organic,vip_webinar,Taylor Brooks,Morgan Reed,Consultation Showed,68,2026-01-26T07:11:17,2026-01-26T05:02:17,book_cbaec3f91123,
lead_f503e711b63a,2026-02-18T14:00:40,Dalton,Mejia,reynoldssheena@example.com,515-120-0393,Canada,Referral,Partner Referral,Referral,/partner-referral,referral,organic,partner_referral,Taylor Brooks,Riley Carter,Consultation Showed,65,2026-02-18T16:24:40,2026-02-18T14:35:40,book_1ba2f612bc31,
lead_239c185e5916,2026-03-28T03:03:17,Kyle,Johnson,kgreene@example.org,+1 (321) 833-3919,Mexico,Webinar,5-Day Investor Challenge,Webinar,/5-day-investor-challenge,webinar,organic,5-day_investor_challenge,Taylor Brooks,Casey Bennett,New Lead,65,2026-03-28T04:25:17,2026-03-28T04:28:17,,
lead_2653464613de,2026-04-13T07:16:18,Becky,Gray,danielhorn@example.org,371-226-0082,Canada,Webinar,5-Day Investor Challenge,Webinar,/5-day-investor-challenge,webinar,organic,5-day_investor_challenge,Taylor Brooks,Riley Carter,New Lead,61,2026-04-13T08:29:18,2026-04-13T07:29:18,,
lead_319d61edbbe1,2026-06-24T20:17:11,William,Pearson,lgoodman@example.com,354-985-7887,United States,Meta Ads,Investor Calculator,Evergreen,/investor-calculator,meta_ads,paid_social,investor_calculator,Taylor Brooks,Casey Bennett,New Lead,77,2026-06-24T22:07:11,2026-06-24T20:55:11,,
lead_24cb6231f486,2026-06-27T02:27:26,Pamela,Mahoney,rossedward@example.net,(901) 269-8044 x665,Mexico,Meta Ads,Evergreen Wealth,Evergreen,/evergreen-wealth,meta_ads,paid_social,evergreen_wealth,Taylor Brooks,Morgan Reed,New Lead,43,2026-06-27T03:07:26,2026-06-27T03:20:26,,
lead_1d5491611e74,2026-02-10T22:15:27,Bethany,Taylor,travis09@example.com,464-724-5257,Canada,Meta Ads,Mentorship VSL,Evergreen,/mentorship-vsl,meta_ads,paid_social,mentorship_vsl,Alex Morgan,Morgan Reed,New Lead,59,2026-02-10T22:51:27,2026-02-11T02:16:27,,
lead_b783099446e1,2026-05-07T04:47:28,Shawn,Owens,taylor88@example.com,170-946-5777,France,Direct,Direct Traffic,Evergreen,/direct-traffic,direct,organic,direct_traffic,Alex Morgan,Casey Bennett,New Lead,54,2026-05-07T06:48:28,2026-05-07T06:18:28,,
lead_dcf8ff974f5f,2026-02-23T23:25:17,Virginia,Miller,jashley@example.net,1-226-809-2826,Canada,Webinar,VIP Webinar,Webinar,/vip-webinar,webinar,organic,vip_webinar,Alex Morgan,Morgan Reed,New Lead,80,2026-02-24T02:00:17,2026-02-24T00:15:17,,
lead_ddbd879dc148,2026-03-16T13:16:21,Jasmine,Campos,david00@example.com,(971) 860-5668,Canada,Meta Ads,Mentorship VSL,Evergreen,/mentorship-vsl,meta_ads,paid_social,mentorship_vsl,Jordan Lee,Casey Bennett,New Lead,73,2026-03-16T15:27:21,2026-03-16T14:43:21,,
lead_a5da0d4f714a,2026-02-09T22:46:18,Alex,Harris,egray@example.net,1 (312) 798-3124,Canada,Google Ads,High Intent Search,Evergreen,/high-intent-search,google_ads,cpc,high_intent_search,Jordan Lee,Riley Carter,New Lead,52,2026-02-10T00:28:18,2026-02-09T23:52:18,,
lead_64d437e18bb7,2026-01-07T01:53:49,Angela,Ward,emily41@example.com,919-919-8480,United States,Meta Ads,Investor Calculator,Evergreen,/investor-calculator,meta_ads,paid_social,investor_calculator,Alex Morgan,Riley Carter,New Lead,63,2026-01-07T04:16:49,2026-01-07T02:13:49,,
lead_9855852fa669,2026-06-29T04:05:15,Scott,Galvan,ruizheather@example.net,+1 (871) 520-7710,Mexico,Webinar,VIP Webinar,Webinar,/vip-webinar,webinar,organic,vip_webinar,Taylor Brooks,Morgan Reed,No Show,63,2026-06-29T05:17:15,2026-06-29T05:14:15,book_a8e567f0220a,
lead_b41b5f1707dc,2026-05-21T22:24:33,Margaret,Brown,jeffreyproctor@example.net,1 (679) 672-4610,Canada,Webinar,VIP Webinar,Webinar,/vip-webinar,webinar,organic,vip_webinar,Jordan Lee,Riley Carter,Consultation Showed,90,2026-05-22T01:08:33,2026-05-21T23:41:33,book_90edf10ac339,
lead_6dfe5ae717e6,2026-06-06T18:44:28,Terri,Davis,williamstaylor@example.org,385-020-5025 x497,Canada,Email Campaign,Database Reactivation,Evergreen,/database-reactivation,email_campaign,organic,database_reactivation,Taylor Brooks,Riley Carter,New Lead,44,2026-06-06T19:16:28,2026-06-06T18:59:28,,
lead_48656c61b7e4,2026-04-01T00:04:42,Gina,Conrad,jacquelinewilliamson@example.org,802.975.9974,Canada,Meta Ads,Mentorship VSL,Evergreen,/mentorship-vsl,meta_ads,paid_social,mentorship_vsl,Taylor Brooks,Riley Carter,Consultation Showed,62,2026-04-01T01:57:42,2026-04-01T00:33:42,book_9cf04bebd2a0,
lead_c1495a432a69,2026-04-01T17:55:37,Emily,Valdez,danielle96@example.com,744-252-6942 x041,Canada,Meta Ads,Investor Calculator,Evergreen,/investor-calculator,meta_ads,paid_social,investor_calculator,Alex Morgan,Casey Bennett,No Show,79,2026-04-01T19:00:37,2026-04-01T18:16:37,book_289535e83075,
lead_3187b626588f,2026-01-17T14:37:50,Justin,Bailey,scottwilliams@example.net,1 (813) 379-3766,United States,Webinar,VIP Webinar,Webinar,/vip-webinar,webinar,organic,vip_webinar,Jordan Lee,Casey Bennett,New Lead,68,2026-01-17T15:45:50,2026-01-17T15:23:50,,
lead_ac900da88fb6,2026-04-30T12:39:29,Nicolas,Wilson,awang@example.net,1 (557) 174-9058,Canada,Organic,Organic Content,Organic,/organic-content,organic,organic,organic_content,Taylor Brooks,Casey Bennett,New Lead,36,2026-04-30T13:54:29,2026-04-30T12:49:29,,
lead_12966faa3b47,2026-01-25T03:18:35,Christina,Myers,hillbrianna@example.org,(603) 586-2405 x744,Canada,Webinar,5-Day Investor Challenge,Webinar,/5-day-investor-challenge,webinar,organic,5-day_investor_challenge,Jordan Lee,Casey Bennett,New Lead,33,2026-01-25T04:41:35,2026-01-25T03:59:35,,
lead_83f7e9ca1a5b,2026-03-31T20:27:05,Anthony,Williamson,qclark@example.com,(952) 791-1110,Canada,Webinar,VIP Webinar,Webinar,/vip-webinar,webinar,organic,vip_webinar,Jordan Lee,Morgan Reed,New Lead,64,2026-03-31T20:36:05,2026-03-31T21:41:05,,
lead_c4f706a9f0f4,2026-05-04T20:05:53,Nathan,Steele,haydenjohn@example.net,+1 (689) 859-3213,Canada,Direct,Direct Traffic,Evergreen,/direct-traffic,direct,organic,direct_traffic,Alex Morgan,Riley Carter,New Lead,89,2026-05-04T22:32:53,2026-05-05T03:28:53,,
lead_cee0f01032dd,2026-06-24T04:31:45,Margaret,Jenkins,brianhopkins@example.net,(648) 002-2642,Canada,Email Campaign,Database Reactivation,Evergreen,/database-reactivation,email_campaign,organic,database_reactivation,Alex Morgan,Casey Bennett,Consultation Showed,55,2026-06-24T07:12:45,2026-06-24T04:59:45,book_d76dade9bb52,
lead_9377d78e32f2,2026-02-20T09:32:52,Christina,Vaughan,alanyork@example.com,(929) 878-1921 x474,Canada,Meta Ads,Investor Calculator,Evergreen,/investor-calculator,meta_ads,paid_social,investor_calculator,Taylor Brooks,Morgan Reed,Consultation Showed,84,2026-02-20T11:43:52,2026-02-20T10:45:52,book_1dfec1715a6e,
lead_49de7c7e35a2,2026-05-08T09:04:47,Joshua,Torres,phillipsbrandy@example.com,878.472.1461,Canada,Meta Ads,Mentorship VSL,Evergreen,/mentorship-vsl,meta_ads,paid_social,mentorship_vsl,Taylor Brooks,Morgan Reed,New Lead,29,2026-05-08T09:21:47,2026-05-08T09:12:47,,
lead_ef0d5486f3cf,2026-06-17T02:32:53,Isaac,Rogers,stokesmaurice@example.org,967 698 8979,Canada,Meta Ads,Mentorship VSL,Evergreen,/mentorship-vsl,meta_ads,paid_social,mentorship_vsl,Alex Morgan,Riley Carter,Consultation Showed,67,2026-06-17T04:29:53,2026-06-17T02:52:53,book_2a27b518aca8,
lead_9e9c0a38bb09,2026-05-19T18:02:32,Alicia,Shepard,kelly58@example.com,641-340-1929 x360,France,Webinar,5-Day Investor Challenge,Webinar,/5-day-investor-challenge,webinar,organic,5-day_investor_challenge,Alex Morgan,Riley Carter,New Lead,84,2026-05-19T19:13:32,2026-05-19T18:51:32,,
lead_2089c0749e4f,2026-04-15T22:38:21,Sydney,Graham,ecook@example.net,(946) 389-0124,United States,Webinar,VIP Webinar,Webinar,/vip-webinar,webinar,organic,vip_webinar,Jordan Lee,Morgan Reed,Consultation Showed,30,2026-04-15T22:54:21,2026-04-15T22:50:21,book_265748fde589,
lead_f9cbadc0bce0,2026-01-22T23:28:08,Justin,Phillips,robertkramer@example.com,+1 (111) 568-6223,Canada,Meta Ads,Investor Calculator,Evergreen,/investor-calculator,meta_ads,paid_social,investor_calculator,Alex Morgan,Casey Bennett,New Lead,43,2026-01-23T01:43:08,2026-01-23T00:33:08,,
lead_a98f69a99629,2026-01-14T20:42:58,Tammy,Shepherd,sandovalmatthew@example.com,(105) 316-0227 x433,Canada,Organic,Organic Content,Organic,/organic-content,organic,organic,organic_content,Jordan Lee,Morgan Reed,Consultation Showed,60,2026-01-14T23:31:58,2026-01-14T20:48:58,book_b048d7c2fc1f,
lead_abd136001e4a,2026-06-03T01:06:45,Jason,Gonzales,lindseymcintyre@example.net,318-624-4756 x311,Canada,Meta Ads,Mentorship VSL,Evergreen,/mentorship-vsl,meta_ads,paid_social,mentorship_vsl,Jordan Lee,Riley Carter,New Lead,55,2026-06-03T02:43:45,2026-06-03T02:08:45,,
lead_7d0728a7e993,2026-05-01T18:20:25,Connie,Clark,vasquezmelanie@example.net,780-661-5459 x858,Canada,Google Ads,Real Estate Mentorship,Evergreen,/real-estate-mentorship,google_ads,cpc,real_estate_mentorship,Alex Morgan,Casey Bennett,New Lead,55,2026-05-01T18:32:25,2026-05-01T18:42:25,,
lead_d503040b182b,2026-01-21T15:04:38,Nicholas,Gomez,jeanne41@example.net,928-825-2128,Canada,Email Campaign,Database Reactivation,Evergreen,/database-reactivation,email_campaign,organic,database_reactivation,Jordan Lee,Riley Carter,New Lead,36,2026-01-21T17:44:38,2026-01-21T15:28:38,,
lead_d080a73684f5,2026-02-11T17:21:38,Patrick,Silva,mary94@example.com,(442) 882-8470 x520,Mexico,Webinar,VIP Webinar,Webinar,/vip-webinar,webinar,organic,vip_webinar,Alex Morgan,Riley Carter,Cancelled,76,2026-02-11T19:02:38,2026-02-11T17:39:38,book_c00739b15387,
lead_33a683f0e351,2026-05-29T02:01:43,Christian,Robinson,lisafernandez@example.com,523.203.6686,Canada,Webinar,VIP Webinar,Webinar,/vip-webinar,webinar,organic,vip_webinar,Alex Morgan,Morgan Reed,New Lead,70,2026-05-29T04:52:43,2026-05-29T02:43:43,,
lead_163c196f6039,2026-04-15T15:46:12,David,Ramos,igardner@example.com,(852) 728-7603 x208,Mexico,Organic,Organic Content,Organic,/organic-content,organic,organic,organic_content,Taylor Brooks,Morgan Reed,No Show,54,2026-04-15T16:22:12,2026-04-15T16:00:12,book_d3dd5606ff55,
lead_55fd520c27f3,2026-03-03T13:02:40,Shane,Perez,samuel10@example.com,783 345 5735,Canada,Organic,Organic Content,Organic,/organic-content,organic,organic,organic_content,Taylor Brooks,Casey Bennett,New Lead,60,2026-03-03T14:15:40,2026-03-03T13:07:40,,
lead_305833dabe57,2026-02-17T04:48:13,Glenn,Finley,micheleyork@example.com,300-453-5859 x730,Canada,Email Campaign,Database Reactivation,Evergreen,/database-reactivation,email_campaign,organic,database_reactivation,Jordan Lee,Riley Carter,New Lead,33,2026-02-17T06:25:13,2026-02-17T06:31:13,,
lead_54a407499ec3,2026-03-28T09:53:06,Kimberly,Walker,georgecooper@example.com,742-402-5554,Canada,Direct,Direct Traffic,Evergreen,/direct-traffic,direct,organic,direct_traffic,Jordan Lee,Riley Carter,No Show,62,2026-03-28T11:42:06,2026-03-28T10:13:06,book_6b92866544c6,
lead_d8a54e1c0aa3,2026-05-07T20:44:17,Adriana,Barber,tinaflynn@example.com,741-167-8815,United States,Organic,Organic Content,Organic,/organic-content,organic,organic,organic_content,Jordan Lee,Casey Bennett,New Lead,49,2026-05-07T22:52:17,2026-05-07T22:14:17,,
lead_b19eafe5c1e9,2026-06-29T18:09:13,Dana,Lin,dbooth@example.org,(465) 690-4484 x673,Canada,Meta Ads,Evergreen Wealth,Evergreen,/evergreen-wealth,meta_ads,paid_social,evergreen_wealth,Jordan Lee,Riley Carter,New Lead,26,2026-06-29T20:31:13,2026-06-29T18:28:13,,
lead_853d3d99a273,2026-04-28T14:02:50,Jacob,White,hannafrank@example.net,1 (558) 770-0623,United States,Organic,Organic Content,Organic,/organic-content,organic,organic,organic_content,Jordan Lee,Casey Bennett,New Lead,90,2026-04-28T15:13:50,2026-04-28T14:37:50,,
lead_c55679a9f99d,2026-03-23T18:06:26,Shelby,Aguilar,susan64@example.org,960-895-3012 x033,France,Meta Ads,Investor Calculator,Evergreen,/investor-calculator,meta_ads,paid_social,investor_calculator,Taylor Brooks,Casey Bennett,New Lead,57,2026-03-23T20:20:26,2026-03-23T18:47:26,,
lead_6c08d9800df7,2026-06-24T17:42:34,Anthony,Wilson,wdavis@example.com,983 356 8905,Mexico,Referral,Partner Referral,Referral,/partner-referral,referral,organic,partner_referral,Alex Morgan,Morgan Reed,New Lead,67,2026-06-24T18:33:34,2026-06-24T18:24:34,,
lead_938be0bfb500,2026-05-29T15:31:59,Kimberly,Jones,pottsmichael@example.org,(874) 356-7027,United States,Meta Ads,Investor Calculator,Evergreen,/investor-calculator,meta_ads,paid_social,investor_calculator,Jordan Lee,Riley Carter,New Lead,70,2026-05-29T17:57:59,2026-05-29T15:48:59,,
lead_338f7fc0e9cc,2026-06-11T22:03:45,Gabriel,Wang,boltonsara@example.com,+1 (695) 794-5759,Canada,Meta Ads,Evergreen Wealth,Evergreen,/evergreen-wealth,meta_ads,paid_social,evergreen_wealth,Alex Morgan,Morgan Reed,New Lead,57,2026-06-11T23:58:45,2026-06-11T22:42:45,,
lead_d902066faad6,2026-06-28T09:05:36,Cheryl,Wood,anthony55@example.net,(562) 917-1485,Mexico,Meta Ads,Mentorship VSL,Evergreen,/mentorship-vsl,meta_ads,paid_social,mentorship_vsl,Jordan Lee,Morgan Reed,New Lead,78,2026-06-28T10:49:36,2026-06-28T09:20:36,,
lead_302c6f894941,2026-05-19T06:05:01,Priscilla,Hansen,sheri52@example.net,1 (220) 788-2165,Canada,Google Ads,High Intent Search,Evergreen,/high-intent-search,google_ads,cpc,high_intent_search,Jordan Lee,Riley Carter,New Lead,48,2026-05-19T07:25:01,2026-05-19T07:01:01,,
lead_fd4c00a522f1,2026-05-21T05:36:02,Morgan,Bishop,christophercollier@example.com,844-520-3027 x694,Canada,Organic,Organic Content,Organic,/organic-content,organic,organic,organic_content,Jordan Lee,Casey Bennett,Consultation Showed,49,2026-05-21T05:52:02,2026-05-21T06:49:02,book_bc77bbfeeae4,
lead_d26fa12915d6,2026-05-24T19:54:01,James,Palmer,kevinbrown@example.net,1 (432) 124-4029,Canada,Email Campaign,Database Reactivation,Evergreen,/database-reactivation,email_campaign,organic,database_reactivation,Jordan Lee,Riley Carter,No Show,45,2026-05-24T21:50:01,2026-05-24T20:11:01,book_a9202b9284f9,
lead_69741df0a017,2026-05-21T12:43:16,Yolanda,Kim,dawn09@example.com,621.805.2579,Mexico,Meta Ads,Evergreen Wealth,Evergreen,/evergreen-wealth,meta_ads,paid_social,evergreen_wealth,Taylor Brooks,Morgan Reed,New Lead,65,2026-05-21T15:18:16,2026-05-21T12:51:16,,
lead_d40c4c9e8390,2026-04-26T06:09:31,Brandy,Brown,campbelllisa@example.net,1-912-325-4601,Canada,Meta Ads,Evergreen Wealth,Evergreen,/evergreen-wealth,meta_ads,paid_social,evergreen_wealth,Taylor Brooks,Casey Bennett,New Lead,38,2026-04-26T08:45:31,2026-04-26T06:16:31,,
lead_09e9dc6ed295,2026-02-04T07:35:07,Rachel,Miller,harriskevin@example.net,(748) 571-3399,United States,Google Ads,Real Estate Mentorship,Evergreen,/real-estate-mentorship,google_ads,cpc,real_estate_mentorship,Jordan Lee,Morgan Reed,New Lead,56,2026-02-04T09:50:07,2026-02-04T07:41:07,,
lead_bc951d10187e,2026-03-08T05:43:17,Heather,Stafford,fpayne@example.org,234-211-2029 x138,Canada,Meta Ads,Investor Calculator,Evergreen,/investor-calculator,meta_ads,paid_social,investor_calculator,Taylor Brooks,Riley Carter,New Lead,52,2026-03-08T06:00:17,2026-03-08T06:12:17,,
lead_bf0a636f171d,2026-02-25T09:23:41,Victoria,Williams,brittany48@example.org,798 908 8819,Canada,Organic,Organic Content,Organic,/organic-content,organic,organic,organic_content,Alex Morgan,Morgan Reed,New Lead,39,2026-02-25T10:50:41,2026-02-25T09:37:41,,
lead_c593065408fd,2026-06-21T08:12:29,Erica,Turner,eric19@example.org,282-133-5683,Canada,Meta Ads,Mentorship VSL,Evergreen,/mentorship-vsl,meta_ads,paid_social,mentorship_vsl,Jordan Lee,Riley Carter,New Lead,48,2026-06-21T09:10:29,2026-06-21T09:00:29,,
lead_e1140dcc3861,2026-01-20T07:32:51,Scott,Hernandez,oibarra@example.com,904-171-0389 x191,Canada,Webinar,VIP Webinar,Webinar,/vip-webinar,webinar,organic,vip_webinar,Alex Morgan,Casey Bennett,New Lead,53,2026-01-20T09:05:51,2026-01-20T08:14:51,,
lead_84fb313a2ded,2026-02-13T10:12:25,Laura,Mendoza,morrismichelle@example.org,(132) 034-4956,Canada,Meta Ads,Investor Calculator,Evergreen,/investor-calculator,meta_ads,paid_social,investor_calculator,Jordan Lee,Riley Carter,New Lead,78,2026-02-13T11:00:25,2026-02-13T10:50:25,,
lead_6b6fefa3cb36,2026-05-10T09:48:20,Susan,Jones,wcarrillo@example.org,175-257-2316 x316,Canada,Webinar,5-Day Investor Challenge,Webinar,/5-day-investor-challenge,webinar,organic,5-day_investor_challenge,Alex Morgan,Riley Carter,New Lead,60,2026-05-10T11:04:20,2026-05-10T10:40:20,,
lead_3294351aa87c,2026-01-06T07:27:38,Mary,Bates,davisteresa@example.net,757-039-9630,Mexico,Webinar,5-Day Investor Challenge,Webinar,/5-day-investor-challenge,webinar,organic,5-day_investor_challenge,Taylor Brooks,Riley Carter,New Lead,63,2026-01-06T10:05:38,2026-01-06T08:07:38,,
lead_0688c6715f5b,2026-04-05T19:57:00,Raymond,Murray,reedcathy@example.com,+1 (869) 323-3700,Canada,Webinar,5-Day Investor Challenge,Webinar,/5-day-investor-challenge,webinar,organic,5-day_investor_challenge,Jordan Lee,Riley Carter,New Lead,62,2026-04-05T20:08:00,2026-04-05T20:30:00,,
lead_259805edfa18,2026-04-12T03:32:29,Daniel,Maldonado,harringtonbethany@example.org,1-108-633-2343,Mexico,Google Ads,Real Estate Mentorship,Evergreen,/real-estate-mentorship,google_ads,cpc,real_estate_mentorship,Jordan Lee,Morgan Reed,New Lead,61,2026-04-12T04:09:29,2026-04-12T04:01:29,,
lead_e2593d3e6543,2026-03-28T07:04:39,Lauren,Sullivan,scarter@example.net,(383) 923-7590 x972,Canada,Webinar,5-Day Investor Challenge,Webinar,/5-day-investor-challenge,webinar,organic,5-day_investor_challenge,Alex Morgan,Morgan Reed,New Lead,51,2026-03-28T08:59:39,2026-03-28T07:18:39,,
lead_af6c2f6d5019,2026-03-10T16:27:36,Alicia,Small,ginapierce@example.com,1-455-139-1960,United States,Direct,Direct Traffic,Evergreen,/direct-traffic,direct,organic,direct_traffic,Alex Morgan,Riley Carter,New Lead,32,2026-03-10T16:52:36,2026-03-10T16:37:36,,
lead_f694a90efd24,2026-04-09T11:04:18,Samantha,Stone,kimberlyyoung@example.com,(183) 873-6932 x380,Canada,Meta Ads,Evergreen Wealth,Evergreen,/evergreen-wealth,meta_ads,paid_social,evergreen_wealth,Taylor Brooks,Riley Carter,New Lead,60,2026-04-09T12:34:18,2026-04-09T11:16:18,,
lead_4b333f7af466,2026-05-18T05:58:20,Jonathan,Young,scott84@example.com,+1 (248) 674-1637,Mexico,Organic,Organic Content,Organic,/organic-content,organic,organic,organic_content,Alex Morgan,Casey Bennett,New Lead,66,2026-05-18T07:23:20,2026-05-18T06:14:20,,
lead_05f9375dd1ab,2026-06-04T05:13:41,David,Ross,ellismichael@example.org,576-014-5840 x811,Canada,Meta Ads,Mentorship VSL,Evergreen,/mentorship-vsl,meta_ads,paid_social,mentorship_vsl,Taylor Brooks,Riley Carter,New Lead,26,2026-06-04T07:31:41,2026-06-04T05:47:41,,
lead_1967cc6fcc0a,2026-05-04T04:58:15,Johnny,Miller,hthompson@example.net,1-536-116-8611,Canada,Webinar,5-Day Investor Challenge,Webinar,/5-day-investor-challenge,webinar,organic,5-day_investor_challenge,Alex Morgan,Riley Carter,New Lead,80,2026-05-04T07:43:15,2026-05-04T05:53:15,,
lead_2d76625992d8,2026-05-11T18:01:38,Paul,Johnson,nataliejones@example.net,360 555 4654,Canada,Google Ads,High Intent Search,Evergreen,/high-intent-search,google_ads,cpc,high_intent_search,Alex Morgan,Casey Bennett,Cancelled,64,2026-05-11T18:56:38,2026-05-11T18:15:38,book_8689de45bc42,
lead_4a4393c0939f,2026-02-24T21:00:35,Judith,Mason,noahmullins@example.org,771-403-4454 x595,Canada,Webinar,VIP Webinar,Webinar,/vip-webinar,webinar,organic,vip_webinar,Alex Morgan,Riley Carter,New Lead,69,2026-02-24T21:38:35,2026-02-24T21:16:35,,
lead_ace8379bbfd7,2026-01-01T14:54:08,Kristin,Johnson,victoriayork@example.org,+1 (522) 723-8697,Canada,Webinar,5-Day Investor Challenge,Webinar,/5-day-investor-challenge,webinar,organic,5-day_investor_challenge,Taylor Brooks,Riley Carter,New Lead,39,2026-01-01T16:50:08,2026-01-01T15:06:08,,
lead_9ac8666606da,2026-01-08T12:52:49,Gloria,Vaughn,zmanning@example.org,+1 (483) 850-9570,United States,Meta Ads,Evergreen Wealth,Evergreen,/evergreen-wealth,meta_ads,paid_social,evergreen_wealth,Taylor Brooks,Casey Bennett,New Lead,55,2026-01-08T14:44:49,2026-01-08T13:16:49,,
lead_7b9cdeb3be2e,2026-05-04T19:57:56,Jonathan,Norman,russellsamantha@example.com,981-136-4034,Canada,Referral,Partner Referral,Referral,/partner-referral,referral,organic,partner_referral,Taylor Brooks,Morgan Reed,New Lead,48,2026-05-04T21:31:56,2026-05-04T20:21:56,,
lead_4af1703f3ed4,2026-06-19T21:58:39,Courtney,Hoffman,monicaali@example.com,506-279-5951,United States,Webinar,5-Day Investor Challenge,Webinar,/5-day-investor-challenge,webinar,organic,5-day_investor_challenge,Jordan Lee,Riley Carter,Consultation Showed,71,2026-06-19T23:17:39,2026-06-19T22:22:39,book_43fced3bdaab,
lead_96c3a9001ab4,2026-04-16T12:29:22,Lisa,Wheeler,jonathan96@example.com,1 (342) 175-6275,Canada,Google Ads,Real Estate Mentorship,Evergreen,/real-estate-mentorship,google_ads,cpc,real_estate_mentorship,Alex Morgan,Morgan Reed,Consultation Showed,60,2026-04-16T14:37:22,2026-04-16T13:00:22,book_5904c44ab7d5,
lead_fea4ed21733a,2026-03-23T11:26:59,Vincent,Coffey,perrysarah@example.net,373.447.9459,Canada,Direct,Direct Traffic,Evergreen,/direct-traffic,direct,organic,direct_traffic,Taylor Brooks,Casey Bennett,New Lead,76,2026-03-23T13:25:59,2026-03-23T11:45:59,,
lead_092704903096,2026-03-03T22:12:34,Jim,Craig,jdawson@example.org,864 897 1001,Canada,Meta Ads,Investor Calculator,Evergreen,/investor-calculator,meta_ads,paid_social,investor_calculator,Taylor Brooks,Casey Bennett,New Lead,65,2026-03-04T01:06:34,2026-03-03T22:24:34,,
lead_551a625c1812,2026-06-13T03:14:48,Alexander,Hawkins,martinezjennifer@example.com,1 (576) 130-4948,United States,Referral,Client Referral,Referral,/client-referral,referral,organic,client_referral,Taylor Brooks,Morgan Reed,New Lead,74,2026-06-13T05:24:48,2026-06-13T04:39:48,,
lead_9243ba4f5cf6,2026-04-09T13:03:45,Christopher,Mccall,glenn35@example.net,1 (728) 337-2875,Mexico,Meta Ads,Investor Calculator,Evergreen,/investor-calculator,meta_ads,paid_social,investor_calculator,Jordan Lee,Morgan Reed,New Lead,49,2026-04-09T14:03:45,2026-04-09T13:31:45,,
lead_7b17f3338a10,2026-02-20T19:10:07,Dominique,Berry,kellerbrandon@example.org,+1 (956) 477-1158,Canada,Organic,Organic Content,Organic,/organic-content,organic,organic,organic_content,Jordan Lee,Casey Bennett,New Lead,34,2026-02-20T22:07:07,2026-02-20T20:25:07,,
lead_a36cf8dbc4cc,2026-06-27T03:56:47,David,Daniel,houstonmichelle@example.com,789-410-7911,Canada,Google Ads,Real Estate Mentorship,Evergreen,/real-estate-mentorship,google_ads,cpc,real_estate_mentorship,Taylor Brooks,Morgan Reed,No Show,51,2026-06-27T04:14:47,2026-06-27T04:11:47,book_8c075babffa7,
lead_2f450d9a2413,2026-03-01T21:45:49,David,Turner,yscott@example.net,319.830.9754,Canada,Meta Ads,Evergreen Wealth,Evergreen,/evergreen-wealth,meta_ads,paid_social,evergreen_wealth,Taylor Brooks,Morgan Reed,New Lead,62,2026-03-01T23:44:49,2026-03-01T23:14:49,,
lead_acda4592c0ee,2026-04-30T02:12:13,Jessica,Turner,ulewis@example.net,(885) 237-7487 x700,Canada,Organic,Organic Content,Organic,/organic-content,organic,organic,organic_content,Taylor Brooks,Riley Carter,New Lead,52,2026-04-30T04:53:13,2026-04-30T02:27:13,,
lead_1be3509f6933,2026-01-05T02:24:56,Ann,Clay,matthewthompson@example.org,118 082 2679,Canada,Meta Ads,Mentorship VSL,Evergreen,/mentorship-vsl,meta_ads,paid_social,mentorship_vsl,Taylor Brooks,Casey Bennett,New Lead,46,2026-01-05T04:06:56,2026-01-05T02:44:56,,
lead_5f95df05ef28,2026-05-08T04:12:08,Christina,Wade,jluna@example.net,+1 (553) 839-5716,Canada,Email Campaign,Database Reactivation,Evergreen,/database-reactivation,email_campaign,organic,database_reactivation,Jordan Lee,Riley Carter,New Lead,35,2026-05-08T04:29:08,2026-05-08T05:24:08,,
lead_a1a99c8a29d4,2026-06-12T18:03:27,Richard,Bryan,theresamack@example.org,937-090-7037,Canada,Meta Ads,Evergreen Wealth,Evergreen,/evergreen-wealth,meta_ads,paid_social,evergreen_wealth,Taylor Brooks,Morgan Reed,New Lead,69,2026-06-12T20:25:27,2026-06-12T20:02:27,,
lead_c894b1a01d47,2026-06-26T19:57:15,Kimberly,Rose,tellison@example.com,(520) 709-8348,Canada,Meta Ads,Evergreen Wealth,Evergreen,/evergreen-wealth,meta_ads,paid_social,evergreen_wealth,Alex Morgan,Riley Carter,New Lead,49,2026-06-26T21:37:15,2026-06-26T21:16:15,,
lead_037c95a34b6d,2026-01-08T00:07:17,Brittney,Chambers,tvasquez@example.net,862-965-0744 x565,United States,Webinar,5-Day Investor Challenge,Webinar,/5-day-investor-challenge,webinar,organic,5-day_investor_challenge,Taylor Brooks,Morgan Reed,Consultation Showed,44,2026-01-08T00:17:17,2026-01-08T00:36:17,book_f0704b7d8e0e,
lead_c96c9fcd8311,2026-01-09T05:03:47,Dean,Ruiz,erica19@example.net,181 794 7795,Canada,Organic,Organic Content,Organic,/organic-content,organic,organic,organic_content,Alex Morgan,Morgan Reed,New Lead,65,2026-01-09T05:48:47,2026-01-09T05:24:47,,
lead_c909f85c30f8,2026-01-07T13:25:01,Michele,Drake,kyleduran@example.org,726-269-3032,United States,Referral,Partner Referral,Referral,/partner-referral,referral,organic,partner_referral,Jordan Lee,Riley Carter,New Lead,49,2026-01-07T14:39:01,2026-01-07T14:58:01,,
lead_6b114b883e36,2026-06-17T09:08:06,Elizabeth,Mckee,george57@example.org,(209) 074-0635,Canada,Google Ads,Real Estate Mentorship,Evergreen,/real-estate-mentorship,google_ads,cpc,real_estate_mentorship,Taylor Brooks,Riley Carter,No Show,55,2026-06-17T09:34:06,2026-06-17T09:32:06,book_9533e2a7533c,
lead_84e342b29dd0,2026-01-04T21:55:31,Ryan,Cooper,josephross@example.com,1 (112) 583-7990,United States,Referral,Client Referral,Referral,/client-referral,referral,organic,client_referral,Taylor Brooks,Riley Carter,New Lead,77,2026-01-04T22:03:31,2026-01-04T22:05:31,,
lead_a82f87319d26,2026-05-23T21:25:06,Jennifer,Howard,reginaldglass@example.com,(932) 763-3422,United States,Email Campaign,Database Reactivation,Evergreen,/database-reactivation,email_campaign,organic,database_reactivation,Alex Morgan,Riley Carter,New Lead,54,2026-05-24T00:00:06,2026-05-23T21:43:06,,
lead_650db8dea45f,2026-03-24T13:21:18,Sherry,Terry,kerritownsend@example.org,823-722-5931 x033,United States,Webinar,VIP Webinar,Webinar,/vip-webinar,webinar,organic,vip_webinar,Jordan Lee,Casey Bennett,New Lead,55,2026-03-24T15:37:18,2026-03-24T13:44:18,,
lead_1a6ec7c02556,2026-02-21T07:35:14,Makayla,Quinn,smithheather@example.com,434 037 0433,Canada,Google Ads,High Intent Search,Evergreen,/high-intent-search,google_ads,cpc,high_intent_search,Jordan Lee,Casey Bennett,New Lead,54,2026-02-21T10:27:14,2026-02-21T08:07:14,,
lead_292f74ccfc85,2026-03-20T21:38:18,Olivia,Gonzalez,chenamanda@example.net,(184) 561-2578,Canada,Google Ads,High Intent Search,Evergreen,/high-intent-search,google_ads,cpc,high_intent_search,Jordan Lee,Riley Carter,New Lead,46,2026-03-21T00:06:18,2026-03-20T22:02:18,,
lead_a57be4c8a11e,2026-03-16T06:09:07,Joseph,Robinson,vargaslauren@example.net,1 (617) 696-8064,France,Organic,Organic Content,Organic,/organic-content,organic,organic,organic_content,Taylor Brooks,Casey Bennett,Consultation Showed,83,2026-03-16T06:18:07,2026-03-16T06:51:07,book_57f0a7fc360e,
lead_f716801af03b,2026-03-29T19:43:57,Megan,Kelly,jessica21@example.com,483-792-6405 x327,Canada,Email Campaign,Database Reactivation,Evergreen,/database-reactivation,email_campaign,organic,database_reactivation,Alex Morgan,Casey Bennett,New Lead,73,2026-03-29T20:45:57,2026-03-29T20:20:57,,
lead_bc0c491c1aec,2026-03-13T19:29:37,Deborah,Ewing,xboyd@example.net,(842) 883-9039,Canada,Webinar,VIP Webinar,Webinar,/vip-webinar,webinar,organic,vip_webinar,Taylor Brooks,Casey Bennett,Consultation Showed,70,2026-03-13T21:36:37,2026-03-13T19:39:37,book_54a27aff19b2,
lead_fbdd7e7cec62,2026-01-17T05:45:54,Christina,Lawson,ericamiller@example.com,632-198-5965,Canada,Meta Ads,Mentorship VSL,Evergreen,/mentorship-vsl,meta_ads,paid_social,mentorship_vsl,Alex Morgan,Casey Bennett,New Lead,34,2026-01-17T06:14:54,2026-01-17T05:58:54,,
lead_5e6abfcae350,2026-01-28T10:38:53,Kimberly,Becker,andersonalexander@example.com,+1 (886) 067-3476,United States,Organic,Organic Content,Organic,/organic-content,organic,organic,organic_content,Jordan Lee,Riley Carter,New Lead,76,2026-01-28T12:26:53,2026-01-28T10:56:53,,
lead_9d7e8cadaea7,2026-01-12T10:38:50,Clayton,Evans,jwright@example.net,1 (891) 038-5242,Canada,Webinar,5-Day Investor Challenge,Webinar,/5-day-investor-challenge,webinar,organic,5-day_investor_challenge,Jordan Lee,Riley Carter,New Lead,70,2026-01-12T12:49:50,2026-01-12T11:48:50,,
lead_356bb2c49cc1,2026-01-08T02:08:51,Patrick,Hernandez,michael63@example.net,143-963-9949 x594,United States,Meta Ads,Evergreen Wealth,Evergreen,/evergreen-wealth,meta_ads,paid_social,evergreen_wealth,Taylor Brooks,Casey Bennett,New Lead,54,2026-01-08T03:35:51,2026-01-08T02:17:51,,
lead_2c5ed673b61a,2026-05-15T01:29:05,James,Hart,kristin46@example.com,+1 (153) 170-8730,United States,Webinar,VIP Webinar,Webinar,/vip-webinar,webinar,organic,vip_webinar,Jordan Lee,Riley Carter,No Show,70,2026-05-15T02:27:05,2026-05-15T02:11:05,book_cfb0306a14b8,
lead_b172f6bbe82f,2026-03-04T11:52:24,Edward,Phelps,batesjill@example.com,(366) 325-6732,United States,Organic,Organic Content,Organic,/organic-content,organic,organic,organic_content,Taylor Brooks,Riley Carter,New Lead,43,2026-03-04T13:55:24,2026-03-04T11:59:24,,
lead_01ea64d17245,2026-06-28T21:14:41,Stacey,Harris,nadams@example.net,566.019.1090,Canada,Webinar,5-Day Investor Challenge,Webinar,/5-day-investor-challenge,webinar,organic,5-day_investor_challenge,Alex Morgan,Casey Bennett,New Lead,76,2026-06-28T21:45:41,2026-06-28T21:45:41,,
lead_c5618aadb007,2026-02-01T11:24:31,Ana,Jordan,adkinsjared@example.net,664 478 9378,United States,Meta Ads,Evergreen Wealth,Evergreen,/evergreen-wealth,meta_ads,paid_social,evergreen_wealth,Alex Morgan,Morgan Reed,New Lead,55,2026-02-01T13:42:31,2026-02-01T11:29:31,,
lead_a9847b068256,2026-01-08T14:02:30,Christina,Mccoy,christopher60@example.net,193-716-4581,Canada,Google Ads,High Intent Search,Evergreen,/high-intent-search,google_ads,cpc,high_intent_search,Taylor Brooks,Riley Carter,New Lead,71,2026-01-08T15:55:30,2026-01-08T14:39:30,,
lead_5c9e74d582dd,2026-03-19T13:21:55,Justin,Potter,jenniferbarnes@example.net,1-347-338-7805,Canada,Organic,Organic Content,Organic,/organic-content,organic,organic,organic_content,Jordan Lee,Casey Bennett,New Lead,66,2026-03-19T13:28:55,2026-03-19T14:18:55,,
lead_77365d931650,2026-04-12T10:56:01,Walter,Armstrong,paul51@example.net,(978) 477-1988,United States,Webinar,VIP Webinar,Webinar,/vip-webinar,webinar,organic,vip_webinar,Jordan Lee,Riley Carter,New Lead,37,2026-04-12T12:23:01,2026-04-12T11:13:01,,
lead_203316fe56c2,2026-02-26T08:24:54,Joel,Wallace,lisakelly@example.net,+1 (185) 938-0625,United States,Referral,Partner Referral,Referral,/partner-referral,referral,organic,partner_referral,Taylor Brooks,Riley Carter,New Lead,83,2026-02-26T10:42:54,2026-02-26T08:48:54,,
lead_907c4793c1c8,2026-04-02T16:11:32,Edward,Williams,zramirez@example.net,643 435 4869,Canada,Google Ads,Real Estate Mentorship,Evergreen,/real-estate-mentorship,google_ads,cpc,real_estate_mentorship,Jordan Lee,Riley Carter,Consultation Showed,68,2026-04-02T18:14:32,2026-04-02T17:51:32,book_36a9e74d214e,
lead_f4548a58efca,2026-02-01T21:24:19,Gregory,Rodriguez,parkspaul@example.org,(771) 088-0354 x694,United States,Webinar,5-Day Investor Challenge,Webinar,/5-day-investor-challenge,webinar,organic,5-day_investor_challenge,Jordan Lee,Morgan Reed,New Lead,73,2026-02-01T23:43:19,2026-02-01T22:10:19,,
lead_2007e7576615,2026-01-30T04:40:38,Ronald,Conway,lewisrichard@example.com,1-276-911-6122,Canada,Meta Ads,Evergreen Wealth,Evergreen,/evergreen-wealth,meta_ads,paid_social,evergreen_wealth,Alex Morgan,Casey Bennett,Consultation Showed,55,2026-01-30T06:45:38,2026-01-30T05:01:38,book_f155482e2d93,
lead_d11f8270854d,2026-05-15T18:29:05,Lisa,Williams,jessicacabrera@example.com,1 (258) 681-9004,Canada,Referral,Partner Referral,Referral,/partner-referral,referral,organic,partner_referral,Jordan Lee,Morgan Reed,New Lead,51,2026-05-15T18:58:05,2026-05-15T20:34:05,,
lead_68b508190773,2026-04-26T10:21:30,Lee,Guzman,jayanderson@example.net,+1 (360) 138-5500,Canada,Meta Ads,Investor Calculator,Evergreen,/investor-calculator,meta_ads,paid_social,investor_calculator,Taylor Brooks,Riley Carter,Consultation Showed,51,2026-04-26T11:06:30,2026-04-26T12:21:30,book_011f2340cfec,
lead_bb2c7795e68a,2026-05-03T02:31:18,Brenda,Floyd,hlee@example.org,601.245.7181,Mexico,Webinar,VIP Webinar,Webinar,/vip-webinar,webinar,organic,vip_webinar,Jordan Lee,Casey Bennett,New Lead,44,2026-05-03T02:39:18,2026-05-03T04:06:18,,
lead_ff6b96e575bc,2026-04-24T11:49:12,Angelica,Cruz,harpercathy@example.net,436.505.5191,Canada,Webinar,VIP Webinar,Webinar,/vip-webinar,webinar,organic,vip_webinar,Jordan Lee,Casey Bennett,No Show,55,2026-04-24T13:12:12,2026-04-24T12:41:12,book_2dda5de6edda,
lead_efc20eb1d0c1,2026-01-16T01:03:53,Martha,Ray,bmiller@example.net,617-080-4929 x328,Canada,Organic,Organic Content,Organic,/organic-content,organic,organic,organic_content,Taylor Brooks,Morgan Reed,Consultation Showed,61,2026-01-16T03:39:53,2026-01-16T01:13:53,book_0625541e1185,
lead_10f2bb1fa5e9,2026-04-20T10:50:41,Andre,Hull,greenechristopher@example.net,(132) 134-9522,Canada,Meta Ads,Investor Calculator,Evergreen,/investor-calculator,meta_ads,paid_social,investor_calculator,Taylor Brooks,Riley Carter,New Lead,43,2026-04-20T11:21:41,2026-04-20T12:04:41,,
lead_a578e721860d,2026-03-06T02:39:28,Anna,Mcmahon,blake03@example.com,577.588.5627,United States,Referral,Client Referral,Referral,/client-referral,referral,organic,client_referral,Taylor Brooks,Riley Carter,Consultation Showed,66,2026-03-06T05:11:28,2026-03-06T02:48:28,book_440beb000973,
lead_1c6e2259a599,2026-06-19T04:43:22,Amber,Price,jonessamantha@example.org,+1 (620) 306-9516,United States,Meta Ads,Mentorship VSL,Evergreen,/mentorship-vsl,meta_ads,paid_social,mentorship_vsl,Jordan Lee,Morgan Reed,Call Booked,66,2026-06-19T07:25:22,2026-06-19T05:13:22,book_1949863a52cb,
lead_d7485828c520,2026-02-12T00:41:58,Tracy,Davis,wilsonryan@example.net,181.123.9933,Mexico,Meta Ads,Evergreen Wealth,Evergreen,/evergreen-wealth,meta_ads,paid_social,evergreen_wealth,Taylor Brooks,Morgan Reed,New Lead,56,2026-02-12T01:09:58,2026-02-12T01:51:58,,
lead_5677e13b292c,2026-06-19T19:59:49,Ian,Howard,icarpenter@example.org,+1 (223) 145-9688,Canada,Meta Ads,Investor Calculator,Evergreen,/investor-calculator,meta_ads,paid_social,investor_calculator,Alex Morgan,Morgan Reed,New Lead,59,2026-06-19T20:04:49,2026-06-19T22:25:49,,
lead_0fe649b0c11f,2026-03-24T14:32:03,Megan,Keith,kschultz@example.com,(104) 505-2112 x036,Canada,Organic,Organic Content,Organic,/organic-content,organic,organic,organic_content,Jordan Lee,Riley Carter,New Lead,31,2026-03-24T17:27:03,2026-03-24T14:57:03,,
lead_15567fc0e4b9,2026-04-19T18:27:55,April,Sullivan,kimberly80@example.com,1-960-819-7140,Canada,Webinar,5-Day Investor Challenge,Webinar,/5-day-investor-challenge,webinar,organic,5-day_investor_challenge,Jordan Lee,Riley Carter,New Lead,62,2026-04-19T20:12:55,2026-04-19T18:53:55,,
lead_995cabb3a6ef,2026-06-12T20:23:22,Mary,Nelson,joseph95@example.org,+1 (609) 580-6274,Canada,Organic,Organic Content,Organic,/organic-content,organic,organic,organic_content,Alex Morgan,Riley Carter,New Lead,64,2026-06-12T22:41:22,2026-06-12T21:34:22,,
lead_78860e99991f,2026-05-04T01:34:54,Raymond,Wheeler,gabriellelittle@example.com,174-294-1429,United States,Webinar,5-Day Investor Challenge,Webinar,/5-day-investor-challenge,webinar,organic,5-day_investor_challenge,Jordan Lee,Riley Carter,New Lead,70,2026-05-04T02:50:54,2026-05-04T01:46:54,,
lead_888126c6e751,2026-05-14T02:02:40,Kelly,Howard,lvelez@example.com,(484) 766-9195,Canada,Google Ads,Real Estate Mentorship,Evergreen,/real-estate-mentorship,google_ads,cpc,real_estate_mentorship,Jordan Lee,Riley Carter,New Lead,81,2026-05-14T02:37:40,2026-05-14T02:58:40,,
lead_b7226e7ebb61,2026-06-18T04:29:51,Brady,Myers,tyler86@example.org,246-859-0262 x976,Mexico,Google Ads,High Intent Search,Evergreen,/high-intent-search,google_ads,cpc,high_intent_search,Taylor Brooks,Casey Bennett,New Lead,69,2026-06-18T06:07:51,2026-06-18T05:36:51,,
lead_c18fc5953956,2026-04-30T19:18:29,David,Myers,kaylafernandez@example.com,734-982-4689,Mexico,Webinar,5-Day Investor Challenge,Webinar,/5-day-investor-challenge,webinar,organic,5-day_investor_challenge,Alex Morgan,Casey Bennett,Consultation Showed,73,2026-04-30T21:46:29,2026-04-30T19:52:29,book_5e7bf0aacdb8,
lead_57c70156d67e,2026-02-08T00:39:44,Timothy,Williams,kwood@example.com,540-215-7231 x252,Canada,Google Ads,High Intent Search,Evergreen,/high-intent-search,google_ads,cpc,high_intent_search,Alex Morgan,Morgan Reed,New Lead,35,2026-02-08T02:37:44,2026-02-08T02:08:44,,
lead_17807fbeb3ff,2026-01-19T06:34:38,Harry,Harris,matthewnewton@example.org,385-894-9617,Mexico,Organic,Organic Content,Organic,/organic-content,organic,organic,organic_content,Taylor Brooks,Morgan Reed,New Lead,45,2026-01-19T08:13:38,2026-01-19T06:59:38,,
lead_777259d61f48,2026-05-06T16:15:18,Daniel,Sosa,morganedward@example.net,1 (735) 313-1845,United States,Organic,Organic Content,Organic,/organic-content,organic,organic,organic_content,Jordan Lee,Morgan Reed,New Lead,77,2026-05-06T17:30:18,2026-05-06T16:59:18,,
lead_3b14551ba6f6,2026-02-23T05:44:33,Allen,Salazar,keithhernandez@example.org,210 912 9443,Canada,Direct,Direct Traffic,Evergreen,/direct-traffic,direct,organic,direct_traffic,Taylor Brooks,Morgan Reed,New Lead,19,2026-02-23T08:29:33,2026-02-23T06:04:33,,
lead_ed06e6df67e3,2026-04-28T23:22:14,Laura,Ramirez,campbellanthony@example.net,283-437-7982 x402,Canada,Webinar,VIP Webinar,Webinar,/vip-webinar,webinar,organic,vip_webinar,Alex Morgan,Casey Bennett,New Lead,82,2026-04-29T02:08:14,2026-04-28T23:45:14,,
lead_522337417aa6,2026-01-08T09:59:42,Sarah,Simmons,jeremyrobinson@example.net,(818) 100-9624 x265,Canada,Webinar,5-Day Investor Challenge,Webinar,/5-day-investor-challenge,webinar,organic,5-day_investor_challenge,Taylor Brooks,Morgan Reed,New Lead,74,2026-01-08T11:38:42,2026-01-08T10:49:42,,
lead_d09bf42cc960,2026-06-19T02:44:59,April,Jensen,rcochran@example.com,1 (987) 745-2634,Canada,Referral,Partner Referral,Referral,/partner-referral,referral,organic,partner_referral,Alex Morgan,Morgan Reed,New Lead,47,2026-06-19T03:22:59,2026-06-19T03:10:59,,
lead_793eb645d95a,2026-03-03T00:26:54,Alexandra,Patel,kaitlyngay@example.net,254 422 5351,Mexico,Google Ads,High Intent Search,Evergreen,/high-intent-search,google_ads,cpc,high_intent_search,Jordan Lee,Morgan Reed,New Lead,43,2026-03-03T00:55:54,2026-03-03T01:16:54,,
lead_b59689b83a1f,2026-03-06T14:19:52,Rachel,Cordova,angelarivera@example.org,1-155-388-2872,Mexico,Referral,Partner Referral,Referral,/partner-referral,referral,organic,partner_referral,Jordan Lee,Riley Carter,New Lead,74,2026-03-06T17:16:52,2026-03-06T17:29:52,,
lead_37b6db8be7fa,2026-05-21T05:23:43,Valerie,Alexander,ygraham@example.net,282-887-4587,Canada,Meta Ads,Mentorship VSL,Evergreen,/mentorship-vsl,meta_ads,paid_social,mentorship_vsl,Taylor Brooks,Casey Bennett,New Lead,47,2026-05-21T07:01:43,2026-05-21T05:43:43,,
lead_eee26d33e8bb,2026-01-13T14:42:42,Jennifer,Anderson,eedwards@example.net,(368) 593-1526,Mexico,Google Ads,High Intent Search,Evergreen,/high-intent-search,google_ads,cpc,high_intent_search,Taylor Brooks,Morgan Reed,Consultation Showed,53,2026-01-13T15:36:42,2026-01-13T15:12:42,book_c3eea10bca38,
lead_cde6aacdb643,2026-02-03T12:18:19,Cody,Pena,tskinner@example.org,1-643-010-6144,Canada,Webinar,5-Day Investor Challenge,Webinar,/5-day-investor-challenge,webinar,organic,5-day_investor_challenge,Taylor Brooks,Morgan Reed,No Show,69,2026-02-03T14:16:19,2026-02-03T13:38:19,book_75778688f27e,
lead_eeffa166b633,2026-02-03T14:05:25,Douglas,Kramer,wvelazquez@example.net,444-331-9971 x153,United States,Referral,Client Referral,Referral,/client-referral,referral,organic,client_referral,Alex Morgan,Casey Bennett,New Lead,98,2026-02-03T16:52:25,2026-02-03T14:23:25,,
lead_9503269bda17,2026-01-23T20:35:22,Lori,Eaton,bmartin@example.net,601-003-4344 x997,Canada,Meta Ads,Investor Calculator,Evergreen,/investor-calculator,meta_ads,paid_social,investor_calculator,Taylor Brooks,Morgan Reed,New Lead,69,2026-01-23T22:07:22,2026-01-23T21:09:22,,
lead_fbc19c7dc192,2026-01-18T02:51:52,Joanne,Daniels,lisa61@example.net,(388) 178-6021 x599,Mexico,Organic,Organic Content,Organic,/organic-content,organic,organic,organic_content,Alex Morgan,Riley Carter,New Lead,63,2026-01-18T03:25:52,2026-01-18T03:11:52,,
lead_ea2bab8044e3,2026-04-25T18:57:06,Victor,Scott,okim@example.net,374 903 3122,France,Meta Ads,Investor Calculator,Evergreen,/investor-calculator,meta_ads,paid_social,investor_calculator,Alex Morgan,Morgan Reed,New Lead,27,2026-04-25T21:42:06,2026-04-25T19:39:06,,
lead_22d1e88af73a,2026-03-31T09:22:56,Jermaine,Guzman,angela70@example.com,531-483-6874 x777,Mexico,Meta Ads,Investor Calculator,Evergreen,/investor-calculator,meta_ads,paid_social,investor_calculator,Alex Morgan,Casey Bennett,New Lead,76,2026-03-31T09:47:56,2026-03-31T12:08:56,,
lead_78e3eab56953,2026-05-26T03:10:32,Adam,Smith,wcruz@example.com,+1 (300) 762-2821,Canada,Webinar,5-Day Investor Challenge,Webinar,/5-day-investor-challenge,webinar,organic,5-day_investor_challenge,Jordan Lee,Riley Carter,Call Booked,50,2026-05-26T03:48:32,2026-05-26T03:34:32,book_a9c1d9305ae4,
lead_0f8ad64c2d8f,2026-01-28T06:25:58,Kristin,Newman,davidcalderon@example.org,(468) 278-4726 x439,Canada,Meta Ads,Investor Calculator,Evergreen,/investor-calculator,meta_ads,paid_social,investor_calculator,Alex Morgan,Morgan Reed,New Lead,58,2026-01-28T08:54:58,2026-01-28T07:08:58,,
lead_99195f24d1ae,2026-02-04T09:24:07,James,Smith,jennifer59@example.com,206 660 4853,Canada,Meta Ads,Evergreen Wealth,Evergreen,/evergreen-wealth,meta_ads,paid_social,evergreen_wealth,Jordan Lee,Casey Bennett,New Lead,60,2026-02-04T10:44:07,2026-02-04T10:08:07,,
lead_a3b8e4689f81,2026-04-23T08:55:10,Hunter,King,jamie58@example.net,1-398-118-4651,Canada,Meta Ads,Investor Calculator,Evergreen,/investor-calculator,meta_ads,paid_social,investor_calculator,Taylor Brooks,Riley Carter,New Lead,80,2026-04-23T10:33:10,2026-04-23T09:44:10,,
lead_64616840746a,2026-01-08T03:10:45,Tammy,White,salaskara@example.com,(617) 048-3648 x116,Canada,Google Ads,High Intent Search,Evergreen,/high-intent-search,google_ads,cpc,high_intent_search,Taylor Brooks,Riley Carter,Call Booked,40,2026-01-08T05:44:45,2026-01-08T04:02:45,book_2415297c6a6b,
lead_3e0d1a1e2925,2026-03-26T05:54:12,Beth,Frost,ashley42@example.org,(879) 313-6365,United States,Meta Ads,Mentorship VSL,Evergreen,/mentorship-vsl,meta_ads,paid_social,mentorship_vsl,Taylor Brooks,Casey Bennett,New Lead,82,2026-03-26T07:27:12,2026-03-26T07:32:12,,
lead_20c33192c232,2026-04-08T19:42:58,Gregory,Ross,estone@example.com,1 (893) 586-1341,Mexico,Meta Ads,Mentorship VSL,Evergreen,/mentorship-vsl,meta_ads,paid_social,mentorship_vsl,Jordan Lee,Morgan Reed,New Lead,34,2026-04-08T22:08:58,2026-04-09T02:34:58,,
lead_a8d31033e092,2026-02-20T03:21:49,Jonathan,Larson,jeffrey80@example.net,(242) 672-3399 x076,Canada,Organic,Organic Content,Organic,/organic-content,organic,organic,organic_content,Alex Morgan,Morgan Reed,New Lead,24,2026-02-20T04:21:49,2026-02-20T04:01:49,,
lead_97bb55ef54c2,2026-04-03T06:38:17,Michael,Johnson,jonesjeffrey@example.org,1 (848) 044-2364,Canada,Organic,Organic Content,Organic,/organic-content,organic,organic,organic_content,Jordan Lee,Casey Bennett,Consultation Showed,48,2026-04-03T07:18:17,2026-04-03T07:29:17,book_6388792e5019,
lead_d098e9526e2e,2026-03-04T14:21:45,Christine,Chang,victoria90@example.org,286-164-7904,United States,Organic,Organic Content,Organic,/organic-content,organic,organic,organic_content,Alex Morgan,Morgan Reed,New Lead,43,2026-03-04T14:52:45,2026-03-04T16:55:45,,
lead_e781f9a958f9,2026-03-07T09:00:16,Matthew,Bullock,alyssaweeks@example.com,199-673-6720 x961,Mexico,Google Ads,Real Estate Mentorship,Evergreen,/real-estate-mentorship,google_ads,cpc,real_estate_mentorship,Alex Morgan,Casey Bennett,New Lead,50,2026-03-07T11:50:16,2026-03-07T09:08:16,,
lead_803b31409305,2026-04-17T04:10:14,Lauren,Gill,twhite@example.org,605 869 9724,United States,Meta Ads,Investor Calculator,Evergreen,/investor-calculator,meta_ads,paid_social,investor_calculator,Jordan Lee,Riley Carter,Consultation Showed,69,2026-04-17T05:02:14,2026-04-17T04:16:14,book_eee6903de76b,
lead_f8d089a9ac99,2026-05-22T22:29:47,Christine,Harrison,michael79@example.org,877 011 5491,Canada,Google Ads,Real Estate Mentorship,Evergreen,/real-estate-mentorship,google_ads,cpc,real_estate_mentorship,Alex Morgan,Casey Bennett,New Lead,58,2026-05-23T00:16:47,2026-05-22T22:35:47,,
lead_aa455df41dd1,2026-04-04T16:52:52,Erica,Harris,jessicahorn@example.org,+1 (185) 688-8861,Canada,Webinar,VIP Webinar,Webinar,/vip-webinar,webinar,organic,vip_webinar,Alex Morgan,Morgan Reed,New Lead,62,2026-04-04T19:50:52,2026-04-04T16:58:52,,
lead_2ec895de1663,2026-03-23T17:56:12,Sarah,Mills,wgonzalez@example.net,+1 (179) 433-6447,United States,Webinar,5-Day Investor Challenge,Webinar,/5-day-investor-challenge,webinar,organic,5-day_investor_challenge,Taylor Brooks,Casey Bennett,New Lead,72,2026-03-23T19:50:12,2026-03-23T19:59:12,,
lead_b83b4bfaa9f6,2026-04-10T11:02:43,Gary,Gonzalez,ffoster@example.net,+1 (559) 645-8766,Mexico,Organic,Organic Content,Organic,/organic-content,organic,organic,organic_content,Taylor Brooks,Riley Carter,New Lead,57,2026-04-10T11:49:43,2026-04-10T11:18:43,,
lead_993636fd967f,2026-04-21T07:01:01,Lori,Schultz,wgarner@example.com,(447) 450-2405,Canada,Email Campaign,Database Reactivation,Evergreen,/database-reactivation,email_campaign,organic,database_reactivation,Jordan Lee,Morgan Reed,Consultation Showed,65,2026-04-21T07:41:01,2026-04-21T07:34:01,book_946255ebca29,
lead_868fda22bde1,2026-06-03T23:00:41,Scott,Jackson,hansenjoshua@example.net,(996) 539-4503 x754,Mexico,Direct,Direct Traffic,Evergreen,/direct-traffic,direct,organic,direct_traffic,Jordan Lee,Casey Bennett,New Lead,67,2026-06-03T23:41:41,2026-06-03T23:11:41,,
lead_9abc04858393,2026-05-08T21:20:18,Michelle,Johnson,xwarren@example.org,(733) 856-9329 x136,Canada,Meta Ads,Evergreen Wealth,Evergreen,/evergreen-wealth,meta_ads,paid_social,evergreen_wealth,Alex Morgan,Casey Bennett,New Lead,47,2026-05-08T22:02:18,2026-05-08T21:23:18,,
lead_3d7dd6873395,2026-02-15T20:41:42,Kevin,Yang,hortonjoshua@example.org,137-304-1506 x324,Canada,Meta Ads,Evergreen Wealth,Evergreen,/evergreen-wealth,meta_ads,paid_social,evergreen_wealth,Taylor Brooks,Morgan Reed,New Lead,67,2026-02-15T21:38:42,2026-02-15T21:03:42,,
lead_a5ca4e3190fc,2026-06-14T05:06:01,Leon,Williams,rickblack@example.net,196-334-6746 x466,Canada,Meta Ads,Mentorship VSL,Evergreen,/mentorship-vsl,meta_ads,paid_social,mentorship_vsl,Alex Morgan,Casey Bennett,New Lead,35,2026-06-14T06:46:01,2026-06-14T05:39:01,,
lead_4cb92ed105e3,2026-05-14T08:39:24,John,Rosales,rebeccagonzalez@example.net,341-592-0941 x010,United States,Meta Ads,Mentorship VSL,Evergreen,/mentorship-vsl,meta_ads,paid_social,mentorship_vsl,Jordan Lee,Riley Carter,Consultation Showed,60,2026-05-14T10:24:24,2026-05-14T08:54:24,book_ed60ccfa598f,
lead_f660cbecb536,2026-05-18T03:14:34,Courtney,Graham,hbrock@example.net,1 (816) 484-9779,United States,Google Ads,Real Estate Mentorship,Evergreen,/real-estate-mentorship,google_ads,cpc,real_estate_mentorship,Alex Morgan,Casey Bennett,Consultation Showed,48,2026-05-18T04:21:34,2026-05-18T03:45:34,book_bce145b12f5a,
lead_7ce0991e2009,2026-03-19T15:35:32,James,Gonzalez,michellejohnson@example.org,1-443-575-4789,Mexico,Meta Ads,Evergreen Wealth,Evergreen,/evergreen-wealth,meta_ads,paid_social,evergreen_wealth,Taylor Brooks,Riley Carter,New Lead,68,2026-03-19T17:03:32,2026-03-19T15:57:32,,
lead_9f7b80289d92,2026-04-14T17:09:25,Melissa,Johnson,elizabeth26@example.org,870 687 5670,Canada,Webinar,VIP Webinar,Webinar,/vip-webinar,webinar,organic,vip_webinar,Taylor Brooks,Riley Carter,New Lead,66,2026-04-14T17:32:25,2026-04-14T17:30:25,,
lead_c6a70d531a74,2026-02-13T01:10:08,Christopher,Mathis,pughcarol@example.org,+1 (613) 912-3774,Canada,Direct,Direct Traffic,Evergreen,/direct-traffic,direct,organic,direct_traffic,Alex Morgan,Casey Bennett,New Lead,32,2026-02-13T03:50:08,2026-02-13T04:17:08,,
lead_caba826f5868,2026-04-29T13:26:46,Carmen,Chapman,susan13@example.org,668-705-8079 x106,United States,Google Ads,High Intent Search,Evergreen,/high-intent-search,google_ads,cpc,high_intent_search,Alex Morgan,Riley Carter,Consultation Showed,70,2026-04-29T16:04:46,2026-04-29T13:33:46,book_dace6fa3b63b,
lead_f1641c9aaeff,2026-02-06T12:00:22,David,Johnson,fadams@example.org,983-847-8483 x034,Canada,Meta Ads,Investor Calculator,Evergreen,/investor-calculator,meta_ads,paid_social,investor_calculator,Jordan Lee,Morgan Reed,New Lead,52,2026-02-06T12:16:22,2026-02-06T12:19:22,,
lead_78be3b0a9db5,2026-02-04T22:16:52,Maureen,Bell,ryancline@example.net,1-104-492-7280,Canada,Meta Ads,Mentorship VSL,Evergreen,/mentorship-vsl,meta_ads,paid_social,mentorship_vsl,Jordan Lee,Casey Bennett,Consultation Showed,53,2026-02-05T00:09:52,2026-02-04T22:33:52,book_d2c2f16d1e65,
lead_ef3b7ae68303,2026-01-07T18:18:14,Jaime,Camacho,latoyahartman@example.com,(516) 785-9844,France,Referral,Client Referral,Referral,/client-referral,referral,organic,client_referral,Jordan Lee,Morgan Reed,Consultation Showed,79,2026-01-07T19:29:14,2026-01-07T20:16:14,book_657ffbd958fd,
lead_b5f47febf47f,2026-04-11T11:01:08,Pamela,Pierce,wendy93@example.org,(120) 756-0526,Canada,Meta Ads,Mentorship VSL,Evergreen,/mentorship-vsl,meta_ads,paid_social,mentorship_vsl,Alex Morgan,Casey Bennett,Consultation Showed,34,2026-04-11T11:33:08,2026-04-11T12:07:08,book_d22d94f82d8f,
lead_2d73a845c656,2026-05-08T08:34:09,David,Ward,marthabanks@example.org,+1 (663) 309-2356,Mexico,Referral,Partner Referral,Referral,/partner-referral,referral,organic,partner_referral,Alex Morgan,Morgan Reed,New Lead,22,2026-05-08T10:22:09,2026-05-08T08:47:09,,
lead_157aba01ee9e,2026-04-09T10:39:12,Joseph,Smith,anthonyharper@example.net,354.027.3201,United States,Meta Ads,Mentorship VSL,Evergreen,/mentorship-vsl,meta_ads,paid_social,mentorship_vsl,Alex Morgan,Casey Bennett,New Lead,73,2026-04-09T12:22:12,2026-04-09T10:56:12,,
lead_313cdcdabf93,2026-03-24T00:47:33,Michelle,Burton,jason85@example.org,342-318-2068,Canada,Referral,Client Referral,Referral,/client-referral,referral,organic,client_referral,Jordan Lee,Riley Carter,New Lead,63,2026-03-24T01:05:33,2026-03-24T01:37:33,,
lead_ddd5159e4a30,2026-04-08T11:46:35,Lindsey,Brown,caseyantonio@example.org,854-847-3857,United States,Referral,Client Referral,Referral,/client-referral,referral,organic,client_referral,Taylor Brooks,Casey Bennett,New Lead,56,2026-04-08T13:26:35,2026-04-08T12:18:35,,
lead_09fef717702f,2026-01-22T16:25:47,Carol,Dyer,josephmoran@example.net,1 (438) 151-8272,France,Webinar,VIP Webinar,Webinar,/vip-webinar,webinar,organic,vip_webinar,Taylor Brooks,Casey Bennett,New Lead,79,2026-01-22T17:15:47,2026-01-22T17:04:47,,
lead_4046ed7f6bc2,2026-01-30T04:51:18,Kathy,Berg,ifrederick@example.net,1 (918) 525-5768,Canada,Webinar,5-Day Investor Challenge,Webinar,/5-day-investor-challenge,webinar,organic,5-day_investor_challenge,Taylor Brooks,Riley Carter,No Show,72,2026-01-30T04:57:18,2026-01-30T05:00:18,book_f1e75c5f52bc,
lead_01d019d5d743,2026-06-07T20:05:10,Doris,Miller,brittany30@example.net,296.954.4876,United States,Meta Ads,Mentorship VSL,Evergreen,/mentorship-vsl,meta_ads,paid_social,mentorship_vsl,Jordan Lee,Casey Bennett,New Lead,50,2026-06-07T22:47:10,2026-06-07T21:14:10,,
lead_5b6ff5e87fc5,2026-01-08T17:41:18,Emma,Morgan,william49@example.net,150.892.4464,Mexico,Meta Ads,Investor Calculator,Evergreen,/investor-calculator,meta_ads,paid_social,investor_calculator,Jordan Lee,Casey Bennett,Consultation Showed,100,2026-01-08T18:17:18,2026-01-08T18:39:18,book_c56763992285,
lead_15b95c83ff04,2026-05-14T06:47:53,John,Cook,acantu@example.net,1 (155) 935-5881,Canada,Meta Ads,Mentorship VSL,Evergreen,/mentorship-vsl,meta_ads,paid_social,mentorship_vsl,Jordan Lee,Riley Carter,New Lead,63,2026-05-14T08:26:53,2026-05-14T07:17:53,,
lead_9f54263311ab,2026-04-16T09:23:28,William,Joseph,seanparsons@example.com,977-745-9254 x123,Canada,Meta Ads,Evergreen Wealth,Evergreen,/evergreen-wealth,meta_ads,paid_social,evergreen_wealth,Jordan Lee,Casey Bennett,Consultation Showed,60,2026-04-16T10:36:28,2026-04-16T09:41:28,book_b503c869478f,
lead_a392fff9b5ff,2026-02-27T19:18:17,Seth,York,timothyharrison@example.org,770-455-9484,Canada,Meta Ads,Investor Calculator,Evergreen,/investor-calculator,meta_ads,paid_social,investor_calculator,Alex Morgan,Casey Bennett,New Lead,60,2026-02-27T22:05:17,2026-02-27T20:05:17,,
lead_0d3ac16eb62c,2026-02-18T06:41:04,Steven,Baker,grahamdavid@example.net,1 (167) 125-5935,Canada,Webinar,VIP Webinar,Webinar,/vip-webinar,webinar,organic,vip_webinar,Alex Morgan,Morgan Reed,New Lead,71,2026-02-18T07:30:04,2026-02-18T06:55:04,,
lead_6bea150445e9,2026-03-25T17:04:26,Sarah,Frank,ngriffin@example.net,664-122-7276,Canada,Webinar,VIP Webinar,Webinar,/vip-webinar,webinar,organic,vip_webinar,Jordan Lee,Riley Carter,New Lead,73,2026-03-25T18:19:26,2026-03-25T18:50:26,,
lead_0eb92642d5ff,2026-01-08T21:24:02,James,Brown,lisa13@example.com,570.054.5583,Canada,Organic,Organic Content,Organic,/organic-content,organic,organic,organic_content,Alex Morgan,Morgan Reed,Call Booked,53,2026-01-08T21:48:02,2026-01-08T22:35:02,book_5b644e20a819,
lead_d9e82dc8cfaa,2026-03-16T03:50:36,Michael,Dean,pam56@example.org,168.335.7668,France,Organic,Organic Content,Organic,/organic-content,organic,organic,organic_content,Alex Morgan,Casey Bennett,New Lead,61,2026-03-16T06:06:36,2026-03-16T04:50:36,,
lead_d2bb464241e6,2026-03-24T01:07:55,Ann,Casey,katherine49@example.org,686-043-1715,Canada,Email Campaign,Database Reactivation,Evergreen,/database-reactivation,email_campaign,organic,database_reactivation,Taylor Brooks,Casey Bennett,New Lead,62,2026-03-24T02:54:55,2026-03-24T01:22:55,,
lead_bd60bb80651b,2026-06-12T12:01:08,Erin,Hansen,claytonrobbins@example.com,(136) 860-9316,France,Webinar,5-Day Investor Challenge,Webinar,/5-day-investor-challenge,webinar,organic,5-day_investor_challenge,Alex Morgan,Riley Carter,New Lead,57,2026-06-12T13:56:08,2026-06-12T12:15:08,,
lead_1605fd154e7f,2026-04-30T12:49:03,Alexandra,Sosa,debbie01@example.org,1 (358) 391-1153,Canada,Meta Ads,Investor Calculator,Evergreen,/investor-calculator,meta_ads,paid_social,investor_calculator,Alex Morgan,Riley Carter,New Lead,62,2026-04-30T15:05:03,2026-04-30T13:27:03,,
lead_8f487367dfab,2026-04-22T07:56:22,Bradley,Sullivan,johnsonjean@example.net,(439) 637-9020,Canada,Webinar,VIP Webinar,Webinar,/vip-webinar,webinar,organic,vip_webinar,Jordan Lee,Casey Bennett,New Lead,84,2026-04-22T10:02:22,2026-04-22T08:08:22,,
lead_4eb1264ade8c,2026-02-23T18:13:56,Amy,Fields,sherrygamble@example.org,(789) 384-4781 x676,United States,Webinar,5-Day Investor Challenge,Webinar,/5-day-investor-challenge,webinar,organic,5-day_investor_challenge,Taylor Brooks,Casey Bennett,New Lead,56,2026-02-23T20:26:56,2026-02-23T19:05:56,,
lead_2b85bc24bc30,2026-02-22T22:46:41,John,Macias,jocelynstephens@example.com,(512) 426-6474 x264,Canada,Webinar,VIP Webinar,Webinar,/vip-webinar,webinar,organic,vip_webinar,Alex Morgan,Casey Bennett,Consultation Showed,65,2026-02-22T22:52:41,2026-02-22T22:55:41,book_5a047a8d655d,
lead_66996a776d66,2026-02-21T20:33:30,Melanie,Scott,katiehubbard@example.com,+1 (863) 795-8187,Canada,Referral,Client Referral,Referral,/client-referral,referral,organic,client_referral,Taylor Brooks,Casey Bennett,Consultation Showed,69,2026-02-21T22:36:30,2026-02-21T20:56:30,book_00d543b6bdd6,
lead_8975446e5004,2026-01-04T12:13:33,Mallory,Turner,larryfox@example.net,244.693.9953,Canada,Meta Ads,Evergreen Wealth,Evergreen,/evergreen-wealth,meta_ads,paid_social,evergreen_wealth,Taylor Brooks,Casey Bennett,New Lead,25,2026-01-04T13:41:33,2026-01-04T12:37:33,,
lead_3e47f79ba61c,2026-04-25T03:52:42,Lisa,Rivera,ppowell@example.org,(794) 026-9089,United States,Webinar,VIP Webinar,Webinar,/vip-webinar,webinar,organic,vip_webinar,Jordan Lee,Riley Carter,New Lead,62,2026-04-25T05:44:42,2026-04-25T04:16:42,,
lead_d69e5b8de30a,2026-03-08T14:15:58,Joseph,Friedman,qmyers@example.net,718.229.2324,Canada,Google Ads,High Intent Search,Evergreen,/high-intent-search,google_ads,cpc,high_intent_search,Jordan Lee,Morgan Reed,New Lead,46,2026-03-08T15:47:58,2026-03-08T15:09:58,,
lead_5296db1a5346,2026-02-10T21:38:29,Ann,Taylor,perezjared@example.com,(940) 613-8674 x857,United States,Organic,Organic Content,Organic,/organic-content,organic,organic,organic_content,Taylor Brooks,Casey Bennett,New Lead,25,2026-02-10T23:59:29,2026-02-10T23:44:29,,
lead_e600b940bd20,2026-05-09T07:04:41,John,Hebert,mark65@example.net,765-786-8005 x512,France,Meta Ads,Evergreen Wealth,Evergreen,/evergreen-wealth,meta_ads,paid_social,evergreen_wealth,Taylor Brooks,Casey Bennett,New Lead,53,2026-05-09T09:35:41,2026-05-09T08:38:41,,
lead_bd002a4d0b79,2026-01-17T03:14:12,Dana,Mendoza,qgreen@example.net,1-536-327-0561,United States,Organic,Organic Content,Organic,/organic-content,organic,organic,organic_content,Taylor Brooks,Casey Bennett,New Lead,58,2026-01-17T04:12:12,2026-01-17T04:19:12,,
lead_42f0a7f79a66,2026-03-29T16:08:19,Suzanne,Kelly,lauren20@example.org,1-321-867-4715,Canada,Meta Ads,Investor Calculator,Evergreen,/investor-calculator,meta_ads,paid_social,investor_calculator,Alex Morgan,Riley Carter,New Lead,50,2026-03-29T19:05:19,2026-03-29T17:30:19,,
lead_9d8f1943a976,2026-04-20T16:35:22,Brent,Nguyen,armstrongallison@example.net,156-513-3585,Canada,Organic,Organic Content,Organic,/organic-content,organic,organic,organic_content,Alex Morgan,Casey Bennett,Consultation Showed,80,2026-04-20T18:30:22,2026-04-20T16:48:22,book_fc5213375052,
lead_a2e79923ab57,2026-02-15T13:52:04,Amy,Garrett,ritawhitaker@example.net,(976) 632-7904 x233,Mexico,Organic,Organic Content,Organic,/organic-content,organic,organic,organic_content,Alex Morgan,Casey Bennett,New Lead,61,2026-02-15T15:33:04,2026-02-15T14:22:04,,
lead_0f4275f455f3,2026-01-19T19:57:31,Cody,Morales,doyletravis@example.org,1 (722) 918-4574,Canada,Organic,Organic Content,Organic,/organic-content,organic,organic,organic_content,Alex Morgan,Riley Carter,New Lead,40,2026-01-19T21:43:31,2026-01-19T21:25:31,,
lead_0b9f1d3155a2,2026-05-29T21:53:41,Michael,George,melanie70@example.net,959 961 1435,Canada,Meta Ads,Evergreen Wealth,Evergreen,/evergreen-wealth,meta_ads,paid_social,evergreen_wealth,Jordan Lee,Morgan Reed,New Lead,47,2026-05-29T23:40:41,2026-05-29T22:46:41,,
lead_dfa4f9707394,2026-03-04T00:31:41,Lorraine,Williams,burtontimothy@example.net,1 (213) 061-0922,United States,Google Ads,Real Estate Mentorship,Evergreen,/real-estate-mentorship,google_ads,cpc,real_estate_mentorship,Taylor Brooks,Riley Carter,New Lead,58,2026-03-04T02:08:41,2026-03-04T01:00:41,,
lead_782ed8bf531a,2026-04-08T12:54:33,Richard,Matthews,matthew37@example.org,1-873-204-3192,Canada,Direct,Direct Traffic,Evergreen,/direct-traffic,direct,organic,direct_traffic,Alex Morgan,Casey Bennett,New Lead,45,2026-04-08T15:16:33,2026-04-08T13:03:33,,
lead_362505e8503d,2026-02-25T14:10:38,Julian,Marsh,robertjenkins@example.com,123-361-6558,Canada,Organic,Organic Content,Organic,/organic-content,organic,organic,organic_content,Alex Morgan,Casey Bennett,Call Booked,70,2026-02-25T16:10:38,2026-02-25T15:47:38,book_3d9798aef2f7,
lead_d4404e06ca6b,2026-06-11T03:27:26,Robert,Thomas,vnguyen@example.org,+1 (672) 036-7027,United States,Meta Ads,Mentorship VSL,Evergreen,/mentorship-vsl,meta_ads,paid_social,mentorship_vsl,Taylor Brooks,Morgan Reed,Consultation Showed,61,2026-06-11T04:57:26,2026-06-11T03:58:26,book_abf4c8367384,
lead_e692d01e88a0,2026-03-16T10:33:23,Daniel,Smith,rebecca68@example.com,969-057-1121,United States,Referral,Partner Referral,Referral,/partner-referral,referral,organic,partner_referral,Jordan Lee,Casey Bennett,New Lead,89,2026-03-16T13:06:23,2026-03-16T10:59:23,,
lead_6bbad4be3b94,2026-05-01T04:10:15,Christopher,Reyes,lisabonilla@example.com,(693) 305-4849,Canada,Meta Ads,Evergreen Wealth,Evergreen,/evergreen-wealth,meta_ads,paid_social,evergreen_wealth,Taylor Brooks,Riley Carter,New Lead,61,2026-05-01T05:12:15,2026-05-01T04:38:15,,
lead_016ad7dd9a8c,2026-01-05T10:24:44,Tanya,Pitts,drivera@example.com,1-732-183-0242,United States,Direct,Direct Traffic,Evergreen,/direct-traffic,direct,organic,direct_traffic,Alex Morgan,Riley Carter,Consultation Showed,44,2026-01-05T11:52:44,2026-01-05T11:46:44,book_444a4ae38fd6,
lead_cc7aa5a4848f,2026-03-13T21:42:14,Frances,Gutierrez,courtney51@example.net,120-411-5488,United States,Referral,Partner Referral,Referral,/partner-referral,referral,organic,partner_referral,Taylor Brooks,Casey Bennett,Cancelled,41,2026-03-13T21:52:14,2026-03-13T23:37:14,book_ce9a2366c074,
lead_a8270dcc80fb,2026-06-15T02:43:37,Kimberly,Garcia,jamesmyers@example.com,(436) 330-5754,Canada,Organic,Organic Content,Organic,/organic-content,organic,organic,organic_content,Taylor Brooks,Morgan Reed,Consultation Showed,50,2026-06-15T03:29:37,2026-06-15T04:44:37,book_719fff1cc210,
lead_9222fafb2b1a,2026-06-28T21:58:06,Steven,Harrell,laneamber@example.com,164.377.0217,Canada,Meta Ads,Mentorship VSL,Evergreen,/mentorship-vsl,meta_ads,paid_social,mentorship_vsl,Jordan Lee,Morgan Reed,New Lead,27,2026-06-28T22:54:06,2026-06-28T22:25:06,,
lead_877914941eeb,2026-04-23T03:49:17,Maria,Francis,lbrown@example.com,783 397 1785,Canada,Webinar,5-Day Investor Challenge,Webinar,/5-day-investor-challenge,webinar,organic,5-day_investor_challenge,Taylor Brooks,Riley Carter,Consultation Showed,51,2026-04-23T05:52:17,2026-04-23T04:12:17,book_1b7f74aa0781,
lead_8e8a77de58f9,2026-06-04T17:08:26,Allison,Gibson,wbrooks@example.net,273.930.1055,France,Google Ads,High Intent Search,Evergreen,/high-intent-search,google_ads,cpc,high_intent_search,Taylor Brooks,Riley Carter,New Lead,55,2026-06-04T17:58:26,2026-06-04T17:28:26,,
lead_b31cd20e07c5,2026-06-12T16:46:57,Kim,Obrien,johnsantos@example.com,(764) 708-9440,Mexico,Meta Ads,Mentorship VSL,Evergreen,/mentorship-vsl,meta_ads,paid_social,mentorship_vsl,Alex Morgan,Morgan Reed,New Lead,60,2026-06-12T18:15:57,2026-06-12T17:57:57,,
lead_d9f5ca80df3f,2026-01-02T08:04:42,Michael,Love,sarah52@example.net,1 (593) 570-7650,United States,Organic,Organic Content,Organic,/organic-content,organic,organic,organic_content,Jordan Lee,Riley Carter,No Show,39,2026-01-02T08:17:42,2026-01-02T08:46:42,book_1476ed2af591,
lead_d79e563135ad,2026-01-14T15:55:39,Philip,Booth,pmedina@example.com,+1 (722) 719-2602,France,Direct,Direct Traffic,Evergreen,/direct-traffic,direct,organic,direct_traffic,Taylor Brooks,Riley Carter,New Lead,86,2026-01-14T17:46:39,2026-01-14T16:11:39,,
lead_eb449396f4f4,2026-05-06T15:39:17,Kristin,Fuentes,martinezryan@example.org,109.360.9194,United States,Meta Ads,Mentorship VSL,Evergreen,/mentorship-vsl,meta_ads,paid_social,mentorship_vsl,Jordan Lee,Casey Bennett,Consultation Showed,84,2026-05-06T18:00:17,2026-05-06T15:57:17,book_f48b6977c997,
lead_90dfba561101,2026-02-26T21:18:24,Lisa,Jones,mwilliams@example.org,562-805-8777 x701,Mexico,Webinar,5-Day Investor Challenge,Webinar,/5-day-investor-challenge,webinar,organic,5-day_investor_challenge,Taylor Brooks,Morgan Reed,New Lead,67,2026-02-26T23:04:24,2026-02-26T21:45:24,,
lead_3ca749b9c416,2026-03-25T05:22:02,Emily,Marshall,ghunter@example.org,1 (669) 646-0773,Canada,Google Ads,Real Estate Mentorship,Evergreen,/real-estate-mentorship,google_ads,cpc,real_estate_mentorship,Jordan Lee,Riley Carter,New Lead,77,2026-03-25T05:58:02,2026-03-25T06:39:02,,
lead_ca15c0e60e05,2026-05-21T04:44:12,Suzanne,Cox,mooneylisa@example.org,951-356-3974,Canada,Webinar,5-Day Investor Challenge,Webinar,/5-day-investor-challenge,webinar,organic,5-day_investor_challenge,Taylor Brooks,Casey Bennett,New Lead,61,2026-05-21T05:32:12,2026-05-21T05:14:12,,
lead_d1034b11167a,2026-06-04T11:32:46,Kimberly,Bishop,brady75@example.org,+1 (974) 867-3581,Canada,Meta Ads,Evergreen Wealth,Evergreen,/evergreen-wealth,meta_ads,paid_social,evergreen_wealth,Alex Morgan,Casey Bennett,New Lead,62,2026-06-04T13:40:46,2026-06-04T12:03:46,,
lead_4d14baab7852,2026-03-30T23:33:45,David,Rodriguez,cbaker@example.com,679-359-9584 x383,United States,Referral,Partner Referral,Referral,/partner-referral,referral,organic,partner_referral,Jordan Lee,Casey Bennett,New Lead,67,2026-03-31T01:43:45,2026-03-31T00:40:45,,
lead_eade7462bc93,2026-03-06T04:59:34,Paul,Lane,lwalton@example.com,201 930 6469,United States,Meta Ads,Investor Calculator,Evergreen,/investor-calculator,meta_ads,paid_social,investor_calculator,Taylor Brooks,Casey Bennett,New Lead,83,2026-03-06T06:59:34,2026-03-06T05:53:34,,
lead_77f771beab5b,2026-01-29T17:50:30,Edgar,Pacheco,rayashley@example.net,(935) 303-1387,Canada,Organic,Organic Content,Organic,/organic-content,organic,organic,organic_content,Alex Morgan,Casey Bennett,New Lead,62,2026-01-29T20:08:30,2026-01-29T18:34:30,,
lead_15686fc1d3f9,2026-03-01T13:09:06,Jay,Flores,gmoreno@example.net,953-355-2620 x294,Canada,Organic,Organic Content,Organic,/organic-content,organic,organic,organic_content,Jordan Lee,Casey Bennett,New Lead,15,2026-03-01T13:54:06,2026-03-01T13:18:06,,
lead_815e6092b295,2026-01-30T23:44:54,Stephanie,King,wilsonangelica@example.com,(445) 173-9222,Canada,Webinar,VIP Webinar,Webinar,/vip-webinar,webinar,organic,vip_webinar,Jordan Lee,Casey Bennett,New Lead,65,2026-01-31T00:21:54,2026-01-31T00:29:54,,
lead_3bea8ba1e7d8,2026-01-06T10:30:40,Christopher,Newman,arogers@example.org,1-275-055-7779,Canada,Meta Ads,Evergreen Wealth,Evergreen,/evergreen-wealth,meta_ads,paid_social,evergreen_wealth,Alex Morgan,Riley Carter,New Lead,61,2026-01-06T11:29:40,2026-01-06T10:51:40,,
lead_11e4c37f3dea,2026-05-21T00:45:10,Stephen,Harris,elizabethlewis@example.net,1 (135) 381-1575,United States,Meta Ads,Investor Calculator,Evergreen,/investor-calculator,meta_ads,paid_social,investor_calculator,Taylor Brooks,Casey Bennett,New Lead,75,2026-05-21T03:00:10,2026-05-21T01:16:10,,
lead_a86d870f12ba,2026-03-08T20:09:04,Mercedes,Taylor,nmoore@example.com,(403) 695-7562 x943,Canada,Organic,Organic Content,Organic,/organic-content,organic,organic,organic_content,Taylor Brooks,Casey Bennett,Consultation Showed,45,2026-03-08T22:58:04,2026-03-08T20:44:04,book_60c44d07f7e5,
lead_589c9a5f9a1a,2026-06-18T01:05:48,Barbara,Russell,ywu@example.com,588-550-6943,United States,Organic,Organic Content,Organic,/organic-content,organic,organic,organic_content,Taylor Brooks,Casey Bennett,New Lead,53,2026-06-18T03:14:48,2026-06-18T02:18:48,,
lead_ea90d19f0227,2026-01-03T18:19:43,Joseph,Rodriguez,smithdustin@example.com,949-354-9210 x181,Mexico,Meta Ads,Investor Calculator,Evergreen,/investor-calculator,meta_ads,paid_social,investor_calculator,Jordan Lee,Morgan Reed,New Lead,49,2026-01-03T21:15:43,2026-01-03T19:09:43,,
lead_56bdd324ee4d,2026-01-30T03:27:47,Amy,Bowman,ncarr@example.net,532.935.7538,United States,Meta Ads,Evergreen Wealth,Evergreen,/evergreen-wealth,meta_ads,paid_social,evergreen_wealth,Taylor Brooks,Morgan Reed,New Lead,59,2026-01-30T04:43:47,2026-01-30T03:46:47,,
lead_ada01a62dbd1,2026-04-07T20:31:51,Laura,Barron,garciamark@example.com,334-756-0164,Canada,Referral,Client Referral,Referral,/client-referral,referral,organic,client_referral,Taylor Brooks,Morgan Reed,Cancelled,75,2026-04-07T22:33:51,2026-04-07T21:04:51,book_ed585f48e8c5,
lead_aa3d7bc503de,2026-05-24T23:04:16,Patrick,Turner,regina46@example.org,421-354-6922,Canada,Webinar,5-Day Investor Challenge,Webinar,/5-day-investor-challenge,webinar,organic,5-day_investor_challenge,Alex Morgan,Casey Bennett,Consultation Showed,38,2026-05-25T00:00:16,2026-05-24T23:30:16,book_ff20cb29a468,
lead_c25772c46617,2026-04-09T12:43:56,Ashley,Smith,potterjohn@example.com,(146) 609-5470,Canada,Referral,Client Referral,Referral,/client-referral,referral,organic,client_referral,Taylor Brooks,Riley Carter,Consultation Showed,80,2026-04-09T13:05:56,2026-04-09T13:06:56,book_c2b88eb61634,
lead_28da1a071d64,2026-06-04T22:33:59,Robert,Flynn,sarafox@example.org,579-516-3521,Canada,Organic,Organic Content,Organic,/organic-content,organic,organic,organic_content,Taylor Brooks,Morgan Reed,Call Booked,53,2026-06-04T22:52:59,2026-06-04T22:59:59,book_768dc2c70522,
lead_0943aa151015,2026-02-05T11:22:19,Cynthia,Rojas,aaronjackson@example.com,775.616.8095,Mexico,Meta Ads,Mentorship VSL,Evergreen,/mentorship-vsl,meta_ads,paid_social,mentorship_vsl,Alex Morgan,Riley Carter,New Lead,45,2026-02-05T14:13:19,2026-02-05T12:34:19,,
lead_d742987e9108,2026-01-08T19:29:54,Johnny,Greer,joseph33@example.net,(666) 502-8591,Canada,Webinar,5-Day Investor Challenge,Webinar,/5-day-investor-challenge,webinar,organic,5-day_investor_challenge,Jordan Lee,Morgan Reed,New Lead,65,2026-01-08T22:09:54,2026-01-08T19:38:54,,
lead_8d38384e7a22,2026-06-25T22:55:22,Rebecca,Horton,andrea79@example.org,1 (378) 290-5249,Canada,Webinar,5-Day Investor Challenge,Webinar,/5-day-investor-challenge,webinar,organic,5-day_investor_challenge,Alex Morgan,Morgan Reed,New Lead,52,2026-06-25T23:33:22,2026-06-25T23:17:22,,
lead_31f3dbe60859,2026-05-28T21:41:18,George,Olsen,daycurtis@example.com,199 948 1414,Canada,Meta Ads,Mentorship VSL,Evergreen,/mentorship-vsl,meta_ads,paid_social,mentorship_vsl,Alex Morgan,Riley Carter,New Lead,65,2026-05-29T00:14:18,2026-05-28T22:09:18,,
lead_2eb8c1412e86,2026-03-03T21:59:15,Karen,Robinson,heather69@example.net,(391) 426-5201,Canada,Webinar,5-Day Investor Challenge,Webinar,/5-day-investor-challenge,webinar,organic,5-day_investor_challenge,Jordan Lee,Morgan Reed,New Lead,72,2026-03-04T00:46:15,2026-03-03T22:31:15,,
lead_74e7f6e12630,2026-02-08T07:55:59,Lori,Johnson,cturner@example.org,798-446-9888,Canada,Google Ads,Real Estate Mentorship,Evergreen,/real-estate-mentorship,google_ads,cpc,real_estate_mentorship,Alex Morgan,Riley Carter,New Lead,50,2026-02-08T08:25:59,2026-02-08T10:16:59,,
lead_8fe9789b0232,2026-04-23T22:58:53,Richard,Weber,vazquezdylan@example.org,236.759.1644,Mexico,Organic,Organic Content,Organic,/organic-content,organic,organic,organic_content,Alex Morgan,Riley Carter,New Lead,49,2026-04-24T00:53:53,2026-04-23T23:39:53,,
lead_55cc0b97f3cb,2026-04-25T08:38:52,Wendy,Levy,lauraball@example.net,611-308-5231,United States,Webinar,5-Day Investor Challenge,Webinar,/5-day-investor-challenge,webinar,organic,5-day_investor_challenge,Jordan Lee,Morgan Reed,New Lead,58,2026-04-25T11:25:52,2026-04-25T08:54:52,,
lead_943a177f4595,2026-04-27T18:30:48,Richard,Rich,paigeyoung@example.org,(140) 224-6267 x132,Canada,Meta Ads,Investor Calculator,Evergreen,/investor-calculator,meta_ads,paid_social,investor_calculator,Alex Morgan,Casey Bennett,New Lead,63,2026-04-27T19:44:48,2026-04-27T18:52:48,,
lead_671b8986326f,2026-05-06T07:13:15,Wanda,Edwards,erik86@example.com,977-604-2939,Canada,Organic,Organic Content,Organic,/organic-content,organic,organic,organic_content,Taylor Brooks,Morgan Reed,Consultation Showed,43,2026-05-06T08:34:15,2026-05-06T10:49:15,book_8f1db2bc8650,
lead_0d3c8ca33a7d,2026-05-02T13:00:23,Trevor,Mccarthy,eerickson@example.com,587-721-0752,Canada,Google Ads,Real Estate Mentorship,Evergreen,/real-estate-mentorship,google_ads,cpc,real_estate_mentorship,Alex Morgan,Casey Bennett,New Lead,56,2026-05-02T14:57:23,2026-05-02T13:23:23,,
lead_169e8b018c4f,2026-04-02T08:43:06,Megan,Williams,marissahale@example.com,309.724.7254,Canada,Meta Ads,Mentorship VSL,Evergreen,/mentorship-vsl,meta_ads,paid_social,mentorship_vsl,Alex Morgan,Casey Bennett,New Lead,61,2026-04-02T10:54:06,2026-04-02T09:28:06,,
lead_d8739ddf9d04,2026-06-29T16:11:19,Ryan,Roberts,kimlisa@example.net,(492) 763-9852,Canada,Referral,Partner Referral,Referral,/partner-referral,referral,organic,partner_referral,Taylor Brooks,Riley Carter,New Lead,27,2026-06-29T18:09:19,2026-06-29T17:43:19,,
lead_31ad8059db60,2026-06-01T05:25:58,Angela,Garcia,lauradixon@example.org,+1 (532) 786-8070,United States,Webinar,5-Day Investor Challenge,Webinar,/5-day-investor-challenge,webinar,organic,5-day_investor_challenge,Alex Morgan,Casey Bennett,New Lead,60,2026-06-01T05:57:58,2026-06-01T05:29:58,,
lead_63ff5339522c,2026-05-29T19:46:42,Henry,Walter,rebecca73@example.org,(499) 593-1169 x921,Canada,Organic,Organic Content,Organic,/organic-content,organic,organic,organic_content,Taylor Brooks,Casey Bennett,New Lead,31,2026-05-29T22:06:42,2026-05-29T21:05:42,,
lead_9b856585bfbc,2026-04-21T21:05:31,Lucas,Edwards,wcortez@example.org,707-750-8849 x499,Canada,Email Campaign,Database Reactivation,Evergreen,/database-reactivation,email_campaign,organic,database_reactivation,Alex Morgan,Morgan Reed,New Lead,67,2026-04-22T00:02:31,2026-04-21T21:07:31,,
lead_eca4908193ff,2026-06-15T12:16:22,James,Reed,twagner@example.com,513 805 9519,United States,Webinar,5-Day Investor Challenge,Webinar,/5-day-investor-challenge,webinar,organic,5-day_investor_challenge,Alex Morgan,Casey Bennett,New Lead,50,2026-06-15T13:01:22,2026-06-15T12:56:22,,
lead_84a79f2bc4c2,2026-05-07T21:29:13,Andrea,Singh,kaitlin25@example.net,1 (551) 330-5915,United States,Email Campaign,Database Reactivation,Evergreen,/database-reactivation,email_campaign,organic,database_reactivation,Taylor Brooks,Casey Bennett,New Lead,42,2026-05-08T00:06:13,2026-05-07T21:44:13,,
lead_419471352ac0,2026-04-02T15:35:38,Cole,Gutierrez,daniel10@example.net,+1 (174) 513-6365,Canada,Meta Ads,Investor Calculator,Evergreen,/investor-calculator,meta_ads,paid_social,investor_calculator,Jordan Lee,Casey Bennett,New Lead,47,2026-04-02T16:57:38,2026-04-02T16:11:38,,
lead_56cad94b0392,2026-03-29T07:47:26,Sherri,Rogers,kingtravis@example.com,423 426 7870,Canada,Webinar,VIP Webinar,Webinar,/vip-webinar,webinar,organic,vip_webinar,Jordan Lee,Casey Bennett,New Lead,21,2026-03-29T09:10:26,2026-03-29T08:36:26,,
lead_b731bed97872,2026-01-11T17:45:04,Nicole,Mckenzie,jaypetersen@example.org,581 718 9935,Canada,Meta Ads,Investor Calculator,Evergreen,/investor-calculator,meta_ads,paid_social,investor_calculator,Alex Morgan,Casey Bennett,New Lead,39,2026-01-11T19:34:04,2026-01-11T18:01:04,,
lead_c6d76d5926fe,2026-06-08T22:38:26,Emily,Harmon,natalie11@example.org,259-637-3114 x933,Canada,Webinar,5-Day Investor Challenge,Webinar,/5-day-investor-challenge,webinar,organic,5-day_investor_challenge,Taylor Brooks,Casey Bennett,No Show,59,2026-06-08T23:34:26,2026-06-08T23:04:26,book_7354bb596104,
lead_4f2db3a5739a,2026-01-05T14:21:07,Rachael,Davies,pmartin@example.org,+1 (159) 400-3818,Canada,Meta Ads,Investor Calculator,Evergreen,/investor-calculator,meta_ads,paid_social,investor_calculator,Jordan Lee,Casey Bennett,New Lead,27,2026-01-05T15:48:07,2026-01-05T15:23:07,,
lead_1d406a91f111,2026-06-04T20:30:03,John,Butler,jennifer00@example.org,182.414.0817,United States,Organic,Organic Content,Organic,/organic-content,organic,organic,organic_content,Jordan Lee,Casey Bennett,Consultation Showed,66,2026-06-04T21:30:03,2026-06-04T21:04:03,book_1fe8ac9d8ea7,
lead_20ebafa5bff9,2026-02-01T03:36:06,Dennis,Green,obrown@example.net,387-321-4999 x703,United States,Meta Ads,Evergreen Wealth,Evergreen,/evergreen-wealth,meta_ads,paid_social,evergreen_wealth,Taylor Brooks,Riley Carter,New Lead,48,2026-02-01T05:04:06,2026-02-01T06:02:06,,
lead_735429bdcf92,2026-06-01T16:47:09,Sydney,Ramirez,elizabeth43@example.net,(144) 210-6510,Canada,Organic,Organic Content,Organic,/organic-content,organic,organic,organic_content,Taylor Brooks,Casey Bennett,New Lead,28,2026-06-01T19:40:09,2026-06-01T17:29:09,,
lead_c10232e50f7d,2026-04-24T19:29:27,Kelly,Foster,smithkelly@example.org,835.557.9420,Canada,Meta Ads,Mentorship VSL,Evergreen,/mentorship-vsl,meta_ads,paid_social,mentorship_vsl,Alex Morgan,Riley Carter,New Lead,71,2026-04-24T21:10:27,2026-04-24T19:33:27,,
lead_c364b84dcdb8,2026-03-27T01:48:27,Kathleen,Murillo,erikacarlson@example.com,+1 (972) 176-1898,Canada,Google Ads,Real Estate Mentorship,Evergreen,/real-estate-mentorship,google_ads,cpc,real_estate_mentorship,Alex Morgan,Riley Carter,New Lead,76,2026-03-27T03:05:27,2026-03-27T02:20:27,,
lead_79c8e14687cf,2026-03-22T08:20:32,Tyler,Spencer,ehenry@example.net,951-387-7123 x981,Mexico,Meta Ads,Mentorship VSL,Evergreen,/mentorship-vsl,meta_ads,paid_social,mentorship_vsl,Taylor Brooks,Casey Bennett,New Lead,66,2026-03-22T09:03:32,2026-03-22T08:31:32,,
lead_79444d14c16b,2026-03-27T02:26:42,Tasha,Walker,zday@example.org,548-730-4519,Canada,Organic,Organic Content,Organic,/organic-content,organic,organic,organic_content,Taylor Brooks,Riley Carter,New Lead,62,2026-03-27T03:33:42,2026-03-27T04:53:42,,
lead_fb8a5d5843a3,2026-06-08T16:56:26,Luis,Stevenson,znoble@example.org,234-188-0796 x403,United States,Meta Ads,Mentorship VSL,Evergreen,/mentorship-vsl,meta_ads,paid_social,mentorship_vsl,Alex Morgan,Morgan Reed,Consultation Showed,57,2026-06-08T18:15:26,2026-06-08T17:37:26,book_bb93c6646a07,
lead_b0357be90645,2026-06-15T17:17:15,Michael,Washington,william93@example.net,485.362.0544,Mexico,Webinar,VIP Webinar,Webinar,/vip-webinar,webinar,organic,vip_webinar,Jordan Lee,Riley Carter,Consultation Showed,89,2026-06-15T18:54:15,2026-06-15T17:26:15,book_f7f26b89f3e8,
lead_fe4e5a5c165f,2026-03-04T09:12:48,Katie,Silva,kmiller@example.com,1-106-385-6702,Canada,Webinar,5-Day Investor Challenge,Webinar,/5-day-investor-challenge,webinar,organic,5-day_investor_challenge,Jordan Lee,Casey Bennett,New Lead,75,2026-03-04T11:16:48,2026-03-04T09:32:48,,
lead_e76d4610cf9f,2026-02-20T07:08:52,Joanne,Stuart,saundersjames@example.net,1-520-555-5354,United States,Meta Ads,Mentorship VSL,Evergreen,/mentorship-vsl,meta_ads,paid_social,mentorship_vsl,Alex Morgan,Morgan Reed,New Lead,39,2026-02-20T08:18:52,2026-02-20T07:17:52,,
lead_29c5a0bc10aa,2026-03-24T23:30:23,Sharon,Atkinson,hblake@example.net,+1 (177) 888-9221,Mexico,Meta Ads,Investor Calculator,Evergreen,/investor-calculator,meta_ads,paid_social,investor_calculator,Alex Morgan,Riley Carter,New Lead,51,2026-03-25T01:16:23,2026-03-25T01:14:23,,
lead_d5d5a6b09dd3,2026-03-14T12:31:00,Jody,Gibson,erinsmith@example.com,894-711-2461,Canada,Meta Ads,Mentorship VSL,Evergreen,/mentorship-vsl,meta_ads,paid_social,mentorship_vsl,Alex Morgan,Riley Carter,Consultation Showed,55,2026-03-14T12:40:00,2026-03-14T14:16:00,book_b8c8525b59cc,
lead_9ca56d7a8b4c,2026-06-03T10:18:27,Michael,Vasquez,staffordjoshua@example.org,1-386-671-8644,Canada,Webinar,VIP Webinar,Webinar,/vip-webinar,webinar,organic,vip_webinar,Taylor Brooks,Casey Bennett,New Lead,82,2026-06-03T12:40:27,2026-06-03T10:25:27,,
lead_568472f51de2,2026-04-20T18:31:14,Susan,Martinez,kevin70@example.net,1-898-671-1018,France,Referral,Partner Referral,Referral,/partner-referral,referral,organic,partner_referral,Alex Morgan,Riley Carter,Consultation Showed,78,2026-04-20T18:59:14,2026-04-20T18:51:14,book_1655380df964,
lead_3182d03cf8ff,2026-06-14T08:02:26,Steven,Smith,ericford@example.org,1-943-073-2466,Canada,Meta Ads,Mentorship VSL,Evergreen,/mentorship-vsl,meta_ads,paid_social,mentorship_vsl,Jordan Lee,Riley Carter,Call Booked,32,2026-06-14T08:29:26,2026-06-14T08:35:26,book_5a601421daf2,
lead_421aea9f7c66,2026-05-27T00:08:32,Ashley,Austin,qsandoval@example.net,930-438-1779,United States,Referral,Partner Referral,Referral,/partner-referral,referral,organic,partner_referral,Jordan Lee,Casey Bennett,New Lead,100,2026-05-27T00:31:32,2026-05-27T00:45:32,,
lead_74057cc892cf,2026-05-07T07:17:14,Sarah,Berry,richard92@example.com,304-811-3018 x643,Canada,Organic,Organic Content,Organic,/organic-content,organic,organic,organic_content,Taylor Brooks,Riley Carter,New Lead,56,2026-05-07T08:46:14,2026-05-07T08:06:14,,
lead_c4783ac71e45,2026-06-01T16:15:00,John,Cervantes,hannah51@example.net,527.591.7003,Mexico,Meta Ads,Mentorship VSL,Evergreen,/mentorship-vsl,meta_ads,paid_social,mentorship_vsl,Jordan Lee,Riley Carter,New Lead,60,2026-06-01T18:10:00,2026-06-01T17:33:00,,
lead_c13ee32fb07a,2026-06-10T19:47:50,John,Blake,james25@example.com,640-536-2512 x311,Canada,Meta Ads,Mentorship VSL,Evergreen,/mentorship-vsl,meta_ads,paid_social,mentorship_vsl,Alex Morgan,Casey Bennett,New Lead,40,2026-06-10T21:31:50,2026-06-10T20:26:50,,
lead_e94ed7b8b761,2026-06-16T03:16:00,Jonathan,Walsh,vargassamantha@example.org,106 071 3693,Canada,Google Ads,Real Estate Mentorship,Evergreen,/real-estate-mentorship,google_ads,cpc,real_estate_mentorship,Jordan Lee,Riley Carter,New Lead,74,2026-06-16T04:18:00,2026-06-16T03:55:00,,
lead_84f0dbc160a0,2026-05-30T12:07:25,Kristen,Ward,gregorylevine@example.com,1-626-735-3842,Mexico,Google Ads,High Intent Search,Evergreen,/high-intent-search,google_ads,cpc,high_intent_search,Taylor Brooks,Riley Carter,New Lead,80,2026-05-30T14:39:25,2026-05-30T12:23:25,,
lead_c584f6fb558f,2026-02-10T00:42:05,Kimberly,Wilson,rrodriguez@example.com,1-842-618-4553,Canada,Meta Ads,Evergreen Wealth,Evergreen,/evergreen-wealth,meta_ads,paid_social,evergreen_wealth,Alex Morgan,Riley Carter,New Lead,43,2026-02-10T02:05:05,2026-02-10T01:12:05,,
lead_f2f7b664d194,2026-06-01T08:33:42,Kathryn,Barajas,amanda26@example.net,195 081 4994,Canada,Organic,Organic Content,Organic,/organic-content,organic,organic,organic_content,Alex Morgan,Casey Bennett,New Lead,52,2026-06-01T09:10:42,2026-06-01T09:46:42,,
lead_b6de77256b17,2026-05-08T19:16:50,Isaac,Lee,michaelwood@example.org,1 (180) 352-8805,Canada,Webinar,5-Day Investor Challenge,Webinar,/5-day-investor-challenge,webinar,organic,5-day_investor_challenge,Alex Morgan,Casey Bennett,Consultation Showed,62,2026-05-08T20:14:50,2026-05-08T20:16:50,book_8844a6400cb8,
lead_c18d8b9559b1,2026-06-28T14:56:36,Sara,Simpson,salasjennifer@example.net,597.354.4252,United States,Direct,Direct Traffic,Evergreen,/direct-traffic,direct,organic,direct_traffic,Alex Morgan,Morgan Reed,New Lead,65,2026-06-28T15:56:36,2026-06-28T15:27:36,,
lead_d19db4192922,2026-01-24T21:44:04,Jane,Kennedy,solson@example.com,+1 (749) 304-6400,Canada,Webinar,VIP Webinar,Webinar,/vip-webinar,webinar,organic,vip_webinar,Taylor Brooks,Riley Carter,Consultation Showed,35,2026-01-24T23:25:04,2026-01-24T22:25:04,book_d507b3151a7f,
lead_8bfd9d8c3269,2026-03-28T18:17:47,Alan,Carroll,peterpayne@example.org,255-377-9385 x460,Canada,Meta Ads,Evergreen Wealth,Evergreen,/evergreen-wealth,meta_ads,paid_social,evergreen_wealth,Alex Morgan,Casey Bennett,New Lead,72,2026-03-28T20:14:47,2026-03-28T18:30:47,,
lead_34589cbab3ad,2026-01-19T00:43:14,Donald,Johnson,andrew25@example.com,1 (439) 601-6099,Canada,Organic,Organic Content,Organic,/organic-content,organic,organic,organic_content,Taylor Brooks,Riley Carter,New Lead,49,2026-01-19T01:32:14,2026-01-19T01:12:14,,
lead_f106a17916f5,2026-05-27T22:02:28,Donald,Chen,taylor79@example.org,+1 (425) 174-3160,Canada,Organic,Organic Content,Organic,/organic-content,organic,organic,organic_content,Jordan Lee,Riley Carter,New Lead,40,2026-05-27T23:00:28,2026-05-27T22:13:28,,
lead_28fd50833f58,2026-03-22T14:38:09,David,Brown,karagood@example.net,1-639-884-4278,Canada,Organic,Organic Content,Organic,/organic-content,organic,organic,organic_content,Alex Morgan,Riley Carter,New Lead,56,2026-03-22T15:31:09,2026-03-22T14:44:09,,
lead_ba1aa4c2ba4a,2026-04-09T18:52:41,Eric,Middleton,fdavis@example.net,1-896-454-9595,Mexico,Google Ads,Real Estate Mentorship,Evergreen,/real-estate-mentorship,google_ads,cpc,real_estate_mentorship,Alex Morgan,Morgan Reed,New Lead,42,2026-04-09T19:25:41,2026-04-09T19:12:41,,
lead_9f210cfe1231,2026-03-19T17:34:19,Jessica,Liu,shanelee@example.org,442-718-3224 x023,Canada,Google Ads,Real Estate Mentorship,Evergreen,/real-estate-mentorship,google_ads,cpc,real_estate_mentorship,Jordan Lee,Morgan Reed,Consultation Showed,63,2026-03-19T18:04:19,2026-03-19T18:05:19,book_f7be838cbf3e,
lead_502e57e54ac9,2026-02-14T12:53:22,Phillip,Wade,thomasgarcia@example.com,1-304-046-5511,United States,Google Ads,Real Estate Mentorship,Evergreen,/real-estate-mentorship,google_ads,cpc,real_estate_mentorship,Jordan Lee,Casey Bennett,New Lead,31,2026-02-14T13:19:22,2026-02-14T15:49:22,,
lead_a63361db4075,2026-05-22T16:19:05,Andrea,Hall,kruegertammie@example.com,622-892-0745,Mexico,Meta Ads,Investor Calculator,Evergreen,/investor-calculator,meta_ads,paid_social,investor_calculator,Alex Morgan,Morgan Reed,New Lead,72,2026-05-22T19:09:05,2026-05-22T17:42:05,,
lead_6f69cea04391,2026-04-20T15:07:48,Gene,Shah,scottvelazquez@example.com,374-239-3543 x373,Canada,Webinar,5-Day Investor Challenge,Webinar,/5-day-investor-challenge,webinar,organic,5-day_investor_challenge,Alex Morgan,Morgan Reed,New Lead,71,2026-04-20T15:14:48,2026-04-20T15:24:48,,
lead_edfc73151aed,2026-01-12T21:07:34,Jennifer,Meyer,cathycarrillo@example.net,815 100 2607,Mexico,Referral,Partner Referral,Referral,/partner-referral,referral,organic,partner_referral,Taylor Brooks,Riley Carter,Cancelled,70,2026-01-12T23:44:34,2026-01-12T21:29:34,book_9928a8b7fb6c,
lead_759063d140fa,2026-03-22T13:27:50,Katherine,Jones,patriciasims@example.net,(169) 653-7155 x731,Canada,Meta Ads,Mentorship VSL,Evergreen,/mentorship-vsl,meta_ads,paid_social,mentorship_vsl,Alex Morgan,Riley Carter,New Lead,66,2026-03-22T14:12:50,2026-03-22T15:17:50,,
lead_e52fb0dfce0d,2026-03-12T21:20:24,Michael,Smith,cameronchavez@example.org,1 (307) 933-7731,United States,Direct,Direct Traffic,Evergreen,/direct-traffic,direct,organic,direct_traffic,Alex Morgan,Casey Bennett,New Lead,50,2026-03-12T21:53:24,2026-03-12T22:09:24,,
lead_464602d282b9,2026-05-02T10:10:02,Cheryl,Zhang,shelly48@example.com,127-590-8268,Mexico,Meta Ads,Investor Calculator,Evergreen,/investor-calculator,meta_ads,paid_social,investor_calculator,Jordan Lee,Riley Carter,New Lead,54,2026-05-02T11:50:02,2026-05-02T10:20:02,,
lead_7b8d3511beb8,2026-03-06T09:17:03,Aaron,Brown,geraldcastro@example.net,712-189-4523 x959,Mexico,Meta Ads,Evergreen Wealth,Evergreen,/evergreen-wealth,meta_ads,paid_social,evergreen_wealth,Alex Morgan,Riley Carter,New Lead,32,2026-03-06T09:29:03,2026-03-06T10:43:03,,
lead_0aafa5183f13,2026-01-10T00:42:11,Kelsey,Anderson,charlesmurphy@example.net,(975) 175-7903 x230,Canada,Webinar,VIP Webinar,Webinar,/vip-webinar,webinar,organic,vip_webinar,Taylor Brooks,Riley Carter,New Lead,69,2026-01-10T03:05:11,2026-01-10T00:56:11,,
lead_19103a2206f0,2026-01-20T10:34:15,Alicia,Brown,mshields@example.com,875.024.1300,Canada,Organic,Organic Content,Organic,/organic-content,organic,organic,organic_content,Alex Morgan,Morgan Reed,Consultation Showed,45,2026-01-20T10:42:15,2026-01-20T10:49:15,book_16102e44619e,
lead_10559ad515f0,2026-01-22T19:52:16,William,Payne,hbanks@example.net,555-850-9591 x450,Canada,Google Ads,High Intent Search,Evergreen,/high-intent-search,google_ads,cpc,high_intent_search,Jordan Lee,Riley Carter,Consultation Showed,35,2026-01-22T21:58:16,2026-01-22T20:15:16,book_cbe3a7f51099,
lead_3e1f8156614b,2026-03-02T11:22:23,Christine,Kerr,rachelmyers@example.net,1-262-728-6518,Canada,Google Ads,High Intent Search,Evergreen,/high-intent-search,google_ads,cpc,high_intent_search,Jordan Lee,Morgan Reed,Consultation Showed,69,2026-03-02T13:28:23,2026-03-02T11:37:23,book_8dbefbb03e85,
lead_d7b6d3f5f1a8,2026-03-12T23:44:20,Keith,Norris,parkertammy@example.org,(445) 046-2176 x434,United States,Meta Ads,Mentorship VSL,Evergreen,/mentorship-vsl,meta_ads,paid_social,mentorship_vsl,Alex Morgan,Casey Bennett,Cancelled,32,2026-03-13T02:26:20,2026-03-12T23:55:20,book_62bc008123ac,
lead_7453b8e1c3df,2026-01-25T10:25:27,Michele,Strong,simmonsnatasha@example.net,+1 (674) 078-8698,Canada,Organic,Organic Content,Organic,/organic-content,organic,organic,organic_content,Alex Morgan,Morgan Reed,New Lead,69,2026-01-25T11:26:27,2026-01-25T10:45:27,,
lead_5c8f4f401113,2026-05-20T06:42:41,Amanda,Griffin,rosariochristopher@example.com,+1 (872) 641-8793,Canada,Referral,Partner Referral,Referral,/partner-referral,referral,organic,partner_referral,Taylor Brooks,Morgan Reed,New Lead,60,2026-05-20T08:30:41,2026-05-20T07:10:41,,
lead_c43f239accb4,2026-02-05T20:25:22,Amanda,Orozco,shawnwilliams@example.org,1-593-164-5982,Canada,Meta Ads,Investor Calculator,Evergreen,/investor-calculator,meta_ads,paid_social,investor_calculator,Taylor Brooks,Casey Bennett,New Lead,29,2026-02-05T23:18:22,2026-02-05T20:59:22,,
lead_9b6de4b59423,2026-05-28T13:21:39,Tina,Downs,rpayne@example.com,840-793-6518,Canada,Referral,Client Referral,Referral,/client-referral,referral,organic,client_referral,Jordan Lee,Riley Carter,New Lead,73,2026-05-28T13:59:39,2026-05-28T14:10:39,,
lead_f4ac510472b8,2026-06-15T04:46:30,Nathaniel,Hartman,valerieyoder@example.net,603 273 5712,United States,Meta Ads,Mentorship VSL,Evergreen,/mentorship-vsl,meta_ads,paid_social,mentorship_vsl,Jordan Lee,Riley Carter,New Lead,73,2026-06-15T04:59:30,2026-06-15T05:09:30,,
lead_97f6a2fbbb59,2026-02-05T08:59:06,Pedro,Webb,vanessamoore@example.org,608-578-9591,Canada,Meta Ads,Evergreen Wealth,Evergreen,/evergreen-wealth,meta_ads,paid_social,evergreen_wealth,Alex Morgan,Morgan Reed,New Lead,75,2026-02-05T09:07:06,2026-02-05T09:12:06,,
lead_537b6e614030,2026-01-03T06:35:03,Jim,Thornton,matthewprice@example.org,198-057-8369,Canada,Meta Ads,Investor Calculator,Evergreen,/investor-calculator,meta_ads,paid_social,investor_calculator,Jordan Lee,Morgan Reed,New Lead,52,2026-01-03T09:06:03,2026-01-03T07:12:03,,
lead_652dbd6b144f,2026-03-29T18:57:28,Heidi,Harris,racheladams@example.org,+1 (853) 298-5684,Canada,Referral,Client Referral,Referral,/client-referral,referral,organic,client_referral,Jordan Lee,Riley Carter,New Lead,65,2026-03-29T19:56:28,2026-03-29T19:29:28,,
lead_5cc7fbf3186d,2026-05-08T06:40:02,Michelle,Lang,doylelaurie@example.com,107-461-4337,Mexico,Google Ads,Real Estate Mentorship,Evergreen,/real-estate-mentorship,google_ads,cpc,real_estate_mentorship,Jordan Lee,Morgan Reed,New Lead,39,2026-05-08T08:56:02,2026-05-08T08:07:02,,
lead_e76f8d82deb9,2026-05-30T21:49:01,Victoria,Bowers,blairdonna@example.com,1-736-871-6387,Canada,Meta Ads,Investor Calculator,Evergreen,/investor-calculator,meta_ads,paid_social,investor_calculator,Alex Morgan,Riley Carter,New Lead,74,2026-05-31T00:14:01,2026-05-30T22:06:01,,
lead_4799f0061af7,2026-01-13T06:09:00,Jacob,Miller,patricia74@example.org,1 (945) 866-1824,Canada,Webinar,VIP Webinar,Webinar,/vip-webinar,webinar,organic,vip_webinar,Alex Morgan,Riley Carter,Consultation Showed,82,2026-01-13T07:47:00,2026-01-13T06:29:00,book_8ed51f115a32,
lead_4aa5e64bebd9,2026-03-30T19:47:39,Jennifer,Parker,george85@example.org,541.988.7263,Canada,Meta Ads,Evergreen Wealth,Evergreen,/evergreen-wealth,meta_ads,paid_social,evergreen_wealth,Taylor Brooks,Casey Bennett,New Lead,49,2026-03-30T20:20:39,2026-03-30T21:55:39,,
lead_95cc41a31d9a,2026-03-01T14:51:55,Gina,Jackson,derekreeves@example.net,(521) 590-0713 x204,Canada,Meta Ads,Investor Calculator,Evergreen,/investor-calculator,meta_ads,paid_social,investor_calculator,Alex Morgan,Riley Carter,New Lead,38,2026-03-01T16:51:55,2026-03-01T15:48:55,,
lead_42d262d919d0,2026-02-07T20:11:50,Stacy,Green,robert71@example.com,1-417-660-4568,Mexico,Meta Ads,Mentorship VSL,Evergreen,/mentorship-vsl,meta_ads,paid_social,mentorship_vsl,Alex Morgan,Morgan Reed,New Lead,60,2026-02-07T20:52:50,2026-02-07T21:11:50,,
lead_4d5bbe0c16b2,2026-03-10T17:27:49,Barbara,Mcclain,vjennings@example.com,1 (776) 776-5766,United States,Meta Ads,Mentorship VSL,Evergreen,/mentorship-vsl,meta_ads,paid_social,mentorship_vsl,Alex Morgan,Riley Carter,New Lead,47,2026-03-10T19:46:49,2026-03-10T18:15:49,,
lead_cc975f15bdbb,2026-06-05T09:28:54,Michelle,Castillo,wwilliams@example.org,285-296-4552,Canada,Webinar,5-Day Investor Challenge,Webinar,/5-day-investor-challenge,webinar,organic,5-day_investor_challenge,Alex Morgan,Riley Carter,New Lead,75,2026-06-05T11:49:54,2026-06-05T09:36:54,,
lead_00cfa2ecd300,2026-03-14T17:09:59,Travis,Brown,lmoreno@example.net,(672) 754-4220 x618,Canada,Email Campaign,Database Reactivation,Evergreen,/database-reactivation,email_campaign,organic,database_reactivation,Alex Morgan,Riley Carter,New Lead,52,2026-03-14T17:54:59,2026-03-14T17:15:59,,
lead_b43a3e124b7e,2026-06-13T17:46:39,Heather,Perry,brookeherrera@example.net,(786) 400-6724,Canada,Referral,Partner Referral,Referral,/partner-referral,referral,organic,partner_referral,Taylor Brooks,Casey Bennett,New Lead,70,2026-06-13T18:29:39,2026-06-13T18:56:39,,
lead_9b5a57777116,2026-01-10T11:56:50,Michelle,Reynolds,sanchezlauren@example.org,1-130-318-3933,Canada,Webinar,VIP Webinar,Webinar,/vip-webinar,webinar,organic,vip_webinar,Taylor Brooks,Casey Bennett,New Lead,82,2026-01-10T13:43:50,2026-01-10T14:33:50,,
lead_36d266f09be7,2026-03-04T12:15:42,Penny,Rodriguez,owenwilliam@example.net,665-488-5587,United States,Webinar,VIP Webinar,Webinar,/vip-webinar,webinar,organic,vip_webinar,Jordan Lee,Morgan Reed,New Lead,68,2026-03-04T12:54:42,2026-03-04T12:34:42,,
lead_ffdfc7e9aa9b,2026-04-18T22:01:01,Nathan,Horton,eric61@example.com,443.697.4578,Canada,Meta Ads,Mentorship VSL,Evergreen,/mentorship-vsl,meta_ads,paid_social,mentorship_vsl,Taylor Brooks,Riley Carter,No Show,32,2026-04-19T00:57:01,2026-04-18T22:32:01,book_07036244773a,
lead_859b66d20a4e,2026-01-12T11:59:44,Logan,Pineda,debrabryant@example.org,(655) 669-6338,Canada,Organic,Organic Content,Organic,/organic-content,organic,organic,organic_content,Jordan Lee,Morgan Reed,New Lead,48,2026-01-12T13:49:44,2026-01-12T12:14:44,,
lead_add0858d500b,2026-03-17T23:18:08,Jennifer,Garner,ebeck@example.com,(725) 601-9991 x624,United States,Webinar,5-Day Investor Challenge,Webinar,/5-day-investor-challenge,webinar,organic,5-day_investor_challenge,Jordan Lee,Riley Carter,New Lead,68,2026-03-18T00:03:08,2026-03-17T23:24:08,,
lead_36c428b0eb29,2026-01-14T16:42:04,Sarah,Parker,kfisher@example.net,(868) 426-8517,France,Meta Ads,Investor Calculator,Evergreen,/investor-calculator,meta_ads,paid_social,investor_calculator,Jordan Lee,Morgan Reed,New Lead,30,2026-01-14T17:44:04,2026-01-14T17:09:04,,
lead_ee909c90e107,2026-05-21T23:18:25,James,Olson,davisnatalie@example.org,319-095-2038 x721,Mexico,Webinar,5-Day Investor Challenge,Webinar,/5-day-investor-challenge,webinar,organic,5-day_investor_challenge,Alex Morgan,Morgan Reed,New Lead,78,2026-05-22T01:52:25,2026-05-22T00:03:25,,
lead_81003f5928ee,2026-05-28T16:34:52,David,Dalton,dana90@example.net,1-256-244-6220,Canada,Google Ads,Real Estate Mentorship,Evergreen,/real-estate-mentorship,google_ads,cpc,real_estate_mentorship,Alex Morgan,Riley Carter,New Lead,52,2026-05-28T18:02:52,2026-05-28T17:13:52,,
lead_7938b873e3fc,2026-05-30T20:11:13,Peter,Coleman,crystalyoung@example.org,1 (408) 243-2625,Canada,Meta Ads,Evergreen Wealth,Evergreen,/evergreen-wealth,meta_ads,paid_social,evergreen_wealth,Alex Morgan,Riley Carter,New Lead,68,2026-05-30T22:56:13,2026-05-30T21:04:13,,
lead_3d019c36526a,2026-04-16T02:27:07,Emily,Davis,alexis07@example.com,1 (998) 414-2024,Canada,Google Ads,High Intent Search,Evergreen,/high-intent-search,google_ads,cpc,high_intent_search,Alex Morgan,Riley Carter,New Lead,44,2026-04-16T05:08:07,2026-04-16T03:09:07,,
lead_076e668a9dcf,2026-01-08T22:56:29,Kenneth,Mullins,brandon45@example.org,(332) 809-9970,Mexico,Google Ads,Real Estate Mentorship,Evergreen,/real-estate-mentorship,google_ads,cpc,real_estate_mentorship,Jordan Lee,Morgan Reed,No Show,76,2026-01-09T00:38:29,2026-01-08T23:37:29,book_4649dab12f32,
lead_99a37ce7c856,2026-04-24T14:11:51,Joseph,Smith,christophersolomon@example.org,771-823-5327 x737,Mexico,Referral,Client Referral,Referral,/client-referral,referral,organic,client_referral,Taylor Brooks,Casey Bennett,New Lead,100,2026-04-24T14:59:51,2026-04-24T14:31:51,,
lead_9485f02569a0,2026-04-12T12:36:28,Michael,Scott,ibrown@example.com,1 (273) 554-8147,Canada,Webinar,5-Day Investor Challenge,Webinar,/5-day-investor-challenge,webinar,organic,5-day_investor_challenge,Taylor Brooks,Riley Carter,New Lead,68,2026-04-12T13:07:28,2026-04-12T12:57:28,,
lead_8dfcaa86ffda,2026-02-16T20:30:17,Hector,Price,rrodriguez@example.org,(692) 942-7021,Canada,Email Campaign,Database Reactivation,Evergreen,/database-reactivation,email_campaign,organic,database_reactivation,Taylor Brooks,Casey Bennett,New Lead,61,2026-02-16T23:25:17,2026-02-16T20:49:17,,
lead_22c93f7f5148,2026-06-17T23:58:17,Brian,May,nicolerivas@example.org,(990) 627-9895,Mexico,Google Ads,High Intent Search,Evergreen,/high-intent-search,google_ads,cpc,high_intent_search,Taylor Brooks,Casey Bennett,New Lead,49,2026-06-18T01:14:17,2026-06-18T00:06:17,,
lead_c23476ec24ee,2026-03-23T11:41:20,Henry,Roberts,nkennedy@example.net,329.903.7191,Mexico,Webinar,VIP Webinar,Webinar,/vip-webinar,webinar,organic,vip_webinar,Jordan Lee,Morgan Reed,Consultation Showed,69,2026-03-23T14:36:20,2026-03-23T11:54:20,book_6c78d2e9c211,
lead_41896a3238f6,2026-06-06T12:11:33,Valerie,Reed,ashleycobb@example.com,214-211-6220 x659,Canada,Meta Ads,Mentorship VSL,Evergreen,/mentorship-vsl,meta_ads,paid_social,mentorship_vsl,Jordan Lee,Morgan Reed,New Lead,67,2026-06-06T14:20:33,2026-06-06T13:24:33,,
lead_4150851e4ed2,2026-01-21T04:30:50,Brandon,Love,jake43@example.com,1-344-329-6914,Canada,Organic,Organic Content,Organic,/organic-content,organic,organic,organic_content,Taylor Brooks,Casey Bennett,Consultation Showed,90,2026-01-21T06:39:50,2026-01-21T04:34:50,book_edad5dcd7a03,
lead_2f7b0bdee721,2026-01-09T04:12:21,Eric,Wolf,welchsteven@example.org,976 835 2780,Canada,Organic,Organic Content,Organic,/organic-content,organic,organic,organic_content,Taylor Brooks,Morgan Reed,New Lead,45,2026-01-09T06:51:21,2026-01-09T04:53:21,,
lead_4aa71c670be2,2026-05-29T08:38:27,Rachel,Mora,elizabeth10@example.net,(138) 530-0090,Canada,Organic,Organic Content,Organic,/organic-content,organic,organic,organic_content,Taylor Brooks,Riley Carter,New Lead,60,2026-05-29T09:44:27,2026-05-29T09:15:27,,
lead_090a64b9b9de,2026-06-08T07:29:48,Elizabeth,Lewis,matthewsimon@example.com,875-465-8617 x284,United States,Webinar,VIP Webinar,Webinar,/vip-webinar,webinar,organic,vip_webinar,Alex Morgan,Casey Bennett,New Lead,70,2026-06-08T09:14:48,2026-06-08T07:48:48,,
lead_8d8b450fe5c4,2026-06-15T11:41:37,Destiny,Allen,linda33@example.org,1-465-684-1546,Canada,Referral,Client Referral,Referral,/client-referral,referral,organic,client_referral,Taylor Brooks,Morgan Reed,New Lead,61,2026-06-15T13:43:37,2026-06-15T12:01:37,,
lead_55aba01070ee,2026-05-10T22:05:04,Mason,Owens,wharris@example.org,(751) 769-6595 x965,Canada,Email Campaign,Database Reactivation,Evergreen,/database-reactivation,email_campaign,organic,database_reactivation,Alex Morgan,Morgan Reed,Consultation Showed,34,2026-05-10T22:16:04,2026-05-10T22:24:04,book_d798f648e670,
lead_51ba8006b102,2026-01-20T04:27:39,Alexander,Floyd,janicewest@example.com,329 648 4210,Mexico,Referral,Client Referral,Referral,/client-referral,referral,organic,client_referral,Alex Morgan,Riley Carter,New Lead,76,2026-01-20T05:46:39,2026-01-20T05:04:39,,
lead_8db3833d5211,2026-03-11T15:08:43,Jack,Clay,christopher45@example.com,595-372-3766 x041,Canada,Google Ads,Real Estate Mentorship,Evergreen,/real-estate-mentorship,google_ads,cpc,real_estate_mentorship,Alex Morgan,Casey Bennett,Consultation Showed,70,2026-03-11T18:07:43,2026-03-11T15:57:43,book_62b3f9ee40e6,
lead_31f205e951b7,2026-03-05T00:20:14,Douglas,Jordan,brianmontgomery@example.com,281-372-2982,United States,Google Ads,High Intent Search,Evergreen,/high-intent-search,google_ads,cpc,high_intent_search,Taylor Brooks,Casey Bennett,New Lead,48,2026-03-05T02:22:14,2026-03-05T01:02:14,,
lead_f1b23633c3dc,2026-02-10T15:47:10,Allen,Maxwell,danielle24@example.net,(792) 295-0149,United States,Webinar,5-Day Investor Challenge,Webinar,/5-day-investor-challenge,webinar,organic,5-day_investor_challenge,Taylor Brooks,Riley Carter,Consultation Showed,45,2026-02-10T18:14:10,2026-02-10T16:51:10,book_7db503cded5e,
lead_5d49fb7a3f15,2026-05-27T06:43:18,Rachael,Hawkins,murrayryan@example.net,1 (739) 087-8347,United States,Meta Ads,Investor Calculator,Evergreen,/investor-calculator,meta_ads,paid_social,investor_calculator,Alex Morgan,Casey Bennett,New Lead,42,2026-05-27T08:17:18,2026-05-27T06:59:18,,
lead_b75488c87b11,2026-03-10T07:31:43,Stephen,Hanson,tapiasamuel@example.org,1-746-666-9483,Canada,Webinar,VIP Webinar,Webinar,/vip-webinar,webinar,organic,vip_webinar,Alex Morgan,Casey Bennett,New Lead,82,2026-03-10T10:13:43,2026-03-10T08:49:43,,
lead_e4fea1a40682,2026-06-27T12:20:49,Sarah,Weiss,jason68@example.org,1 (808) 559-2562,United States,Webinar,5-Day Investor Challenge,Webinar,/5-day-investor-challenge,webinar,organic,5-day_investor_challenge,Jordan Lee,Riley Carter,Consultation Showed,84,2026-06-27T12:48:49,2026-06-27T13:08:49,book_3396c1567729,
lead_cd20f795ecf4,2026-05-27T21:50:45,Laura,Bennett,jasongentry@example.org,1 (872) 734-6892,Canada,Organic,Organic Content,Organic,/organic-content,organic,organic,organic_content,Taylor Brooks,Casey Bennett,New Lead,63,2026-05-27T23:32:45,2026-05-27T22:06:45,,
lead_d1df4ce22a92,2026-06-23T22:38:18,Susan,Luna,taylor33@example.com,1-766-610-5149,United States,Google Ads,Real Estate Mentorship,Evergreen,/real-estate-mentorship,google_ads,cpc,real_estate_mentorship,Alex Morgan,Casey Bennett,Consultation Showed,71,2026-06-24T00:15:18,2026-06-23T23:07:18,book_c5b6d9354045,
lead_674a991b0058,2026-04-23T23:36:10,Christopher,Williams,zberg@example.org,(486) 887-9244 x940,Mexico,Meta Ads,Evergreen Wealth,Evergreen,/evergreen-wealth,meta_ads,paid_social,evergreen_wealth,Taylor Brooks,Riley Carter,Consultation Showed,51,2026-04-24T01:00:10,2026-04-24T00:06:10,book_696068e7c3c8,
lead_e7cc72834ec2,2026-03-19T06:40:49,Erin,Hogan,christopher69@example.net,1 (461) 344-0883,United States,Organic,Organic Content,Organic,/organic-content,organic,organic,organic_content,Alex Morgan,Morgan Reed,New Lead,71,2026-03-19T09:23:49,2026-03-19T07:31:49,,
lead_73c2ba913465,2026-06-27T14:47:54,Misty,Stephens,martinezbeth@example.org,1-476-912-3779,Canada,Meta Ads,Mentorship VSL,Evergreen,/mentorship-vsl,meta_ads,paid_social,mentorship_vsl,Jordan Lee,Morgan Reed,New Lead,56,2026-06-27T17:41:54,2026-06-27T15:06:54,,
lead_9c877ef599e7,2026-03-19T01:01:13,Crystal,Bishop,davisemily@example.org,101 631 8520,Mexico,Webinar,VIP Webinar,Webinar,/vip-webinar,webinar,organic,vip_webinar,Alex Morgan,Riley Carter,New Lead,27,2026-03-19T01:40:13,2026-03-19T01:15:13,,
lead_62fbe10fa1cb,2026-04-30T02:44:40,Courtney,Allen,coxjavier@example.org,(363) 140-9821,France,Webinar,VIP Webinar,Webinar,/vip-webinar,webinar,organic,vip_webinar,Jordan Lee,Morgan Reed,New Lead,77,2026-04-30T05:14:40,2026-04-30T03:22:40,,
lead_48c872b67f76,2026-02-17T17:59:37,Todd,White,dunnrose@example.com,801 295 9031,Canada,Google Ads,High Intent Search,Evergreen,/high-intent-search,google_ads,cpc,high_intent_search,Jordan Lee,Morgan Reed,New Lead,26,2026-02-17T20:24:37,2026-02-17T18:39:37,,
lead_dce7049b87c3,2026-02-17T15:25:19,Todd,Flores,smithadam@example.org,576.532.4483,Canada,Organic,Organic Content,Organic,/organic-content,organic,organic,organic_content,Alex Morgan,Morgan Reed,New Lead,22,2026-02-17T16:27:19,2026-02-17T15:50:19,,
lead_80ae1f71e1f8,2026-01-05T00:48:49,Vickie,Mueller,ewilson@example.com,1-874-691-1708,Canada,Meta Ads,Evergreen Wealth,Evergreen,/evergreen-wealth,meta_ads,paid_social,evergreen_wealth,Jordan Lee,Casey Bennett,New Lead,39,2026-01-05T03:29:49,2026-01-05T02:27:49,,
lead_bfcaf1f45201,2026-03-22T01:34:01,Alex,Webb,rebeccaanthony@example.org,393-808-3491,Mexico,Organic,Organic Content,Organic,/organic-content,organic,organic,organic_content,Taylor Brooks,Casey Bennett,Consultation Showed,71,2026-03-22T02:26:01,2026-03-22T03:04:01,book_ff69b53b3556,
lead_0967684bb715,2026-05-26T00:18:23,Mary,Jackson,awade@example.org,1 (393) 241-8325,United States,Referral,Client Referral,Referral,/client-referral,referral,organic,client_referral,Jordan Lee,Casey Bennett,New Lead,49,2026-05-26T01:29:23,2026-05-26T00:34:23,,
lead_8518c55f0758,2026-06-24T18:33:01,Jennifer,Cruz,dylan02@example.org,(411) 679-5428,Canada,Google Ads,Real Estate Mentorship,Evergreen,/real-estate-mentorship,google_ads,cpc,real_estate_mentorship,Jordan Lee,Morgan Reed,New Lead,43,2026-06-24T19:38:01,2026-06-24T19:16:01,,
lead_9bed02e56a8c,2026-03-04T11:03:22,Gary,Hughes,garciakatherine@example.com,281-167-8629 x025,United States,Email Campaign,Database Reactivation,Evergreen,/database-reactivation,email_campaign,organic,database_reactivation,Taylor Brooks,Morgan Reed,New Lead,49,2026-03-04T12:11:22,2026-03-04T11:38:22,,
lead_d0c9bbe9d18e,2026-05-18T13:10:06,Mason,Hunter,karen67@example.org,422-099-4175,Canada,Meta Ads,Mentorship VSL,Evergreen,/mentorship-vsl,meta_ads,paid_social,mentorship_vsl,Alex Morgan,Riley Carter,New Lead,22,2026-05-18T15:16:06,2026-05-18T13:17:06,,
lead_b69454804e03,2026-05-20T08:05:35,Danielle,Johnson,wardjames@example.net,(641) 050-7550 x848,France,Meta Ads,Investor Calculator,Evergreen,/investor-calculator,meta_ads,paid_social,investor_calculator,Alex Morgan,Casey Bennett,Consultation Showed,48,2026-05-20T10:55:35,2026-05-20T08:44:35,book_b6e8ddc77b94,
lead_df9f24a79c36,2026-03-31T08:52:06,Frank,Carter,ogriffin@example.com,(546) 797-0083 x076,Canada,Meta Ads,Evergreen Wealth,Evergreen,/evergreen-wealth,meta_ads,paid_social,evergreen_wealth,Taylor Brooks,Casey Bennett,New Lead,68,2026-03-31T11:35:06,2026-03-31T09:13:06,,
lead_e529e66dd99d,2026-01-05T07:03:51,Donna,Rivas,sarah35@example.com,317-272-7973,Canada,Meta Ads,Evergreen Wealth,Evergreen,/evergreen-wealth,meta_ads,paid_social,evergreen_wealth,Taylor Brooks,Morgan Reed,New Lead,52,2026-01-05T09:31:51,2026-01-05T08:27:51,,
lead_38b860a1906b,2026-06-18T11:12:09,Amy,Cunningham,bradfordamy@example.org,705 112 1340,Canada,Webinar,VIP Webinar,Webinar,/vip-webinar,webinar,organic,vip_webinar,Jordan Lee,Morgan Reed,New Lead,75,2026-06-18T11:54:09,2026-06-18T11:37:09,,
lead_6c6398150193,2026-04-21T15:14:39,Paula,Horn,joneschristine@example.org,1 (502) 406-5117,Mexico,Email Campaign,Database Reactivation,Evergreen,/database-reactivation,email_campaign,organic,database_reactivation,Taylor Brooks,Morgan Reed,Consultation Showed,61,2026-04-21T16:23:39,2026-04-21T15:25:39,book_8795cd7af749,
lead_34cfa19b6ff9,2026-03-25T15:48:48,Melissa,Wells,ballsteven@example.net,+1 (448) 579-6886,France,Webinar,VIP Webinar,Webinar,/vip-webinar,webinar,organic,vip_webinar,Alex Morgan,Riley Carter,No Show,78,2026-03-25T16:27:48,2026-03-25T16:39:48,book_8167f5476506,
lead_a80e9b9d4152,2026-03-06T04:23:47,Crystal,Davis,maria79@example.org,1-248-138-8190,Canada,Google Ads,Real Estate Mentorship,Evergreen,/real-estate-mentorship,google_ads,cpc,real_estate_mentorship,Taylor Brooks,Casey Bennett,New Lead,45,2026-03-06T05:27:47,2026-03-06T04:30:47,,
lead_0d5105a3d9a8,2026-05-13T07:11:21,Cory,Mullins,lori56@example.com,+1 (777) 619-5249,Canada,Meta Ads,Mentorship VSL,Evergreen,/mentorship-vsl,meta_ads,paid_social,mentorship_vsl,Alex Morgan,Riley Carter,Consultation Showed,59,2026-05-13T09:46:21,2026-05-13T07:27:21,book_55f3565354fe,
lead_93444f4fc7be,2026-04-25T01:42:16,Joan,Davis,carrollkristy@example.com,+1 (945) 177-0223,United States,Meta Ads,Investor Calculator,Evergreen,/investor-calculator,meta_ads,paid_social,investor_calculator,Alex Morgan,Riley Carter,Consultation Showed,81,2026-04-25T02:17:16,2026-04-25T02:30:16,book_879e90320d65,
lead_a911ced9875c,2026-05-22T19:49:08,Adam,Padilla,susan47@example.net,377 253 2095,United States,Meta Ads,Investor Calculator,Evergreen,/investor-calculator,meta_ads,paid_social,investor_calculator,Alex Morgan,Riley Carter,Consultation Showed,49,2026-05-22T20:35:08,2026-05-22T20:11:08,book_a98dfd27d17d,
lead_8c666920507a,2026-06-12T06:49:40,Amanda,Warren,xbowers@example.net,(572) 729-9335 x702,Canada,Webinar,5-Day Investor Challenge,Webinar,/5-day-investor-challenge,webinar,organic,5-day_investor_challenge,Jordan Lee,Riley Carter,Consultation Showed,71,2026-06-12T07:40:40,2026-06-12T08:12:40,book_46cb7ce56f9e,
lead_83b6835d92a5,2026-01-19T06:49:26,Anthony,Ochoa,barbaramorales@example.com,(898) 464-8442,Canada,Meta Ads,Evergreen Wealth,Evergreen,/evergreen-wealth,meta_ads,paid_social,evergreen_wealth,Taylor Brooks,Casey Bennett,New Lead,61,2026-01-19T08:37:26,2026-01-19T08:20:26,,
lead_6a6691056e91,2026-05-16T05:31:45,John,Grant,jennifer65@example.org,(891) 886-7622,Canada,Webinar,VIP Webinar,Webinar,/vip-webinar,webinar,organic,vip_webinar,Jordan Lee,Morgan Reed,New Lead,46,2026-05-16T07:37:45,2026-05-16T05:44:45,,
lead_d98c8b72cb1a,2026-02-04T10:47:41,John,Mcpherson,mariavincent@example.org,+1 (220) 166-3340,Mexico,Meta Ads,Investor Calculator,Evergreen,/investor-calculator,meta_ads,paid_social,investor_calculator,Jordan Lee,Morgan Reed,Consultation Showed,68,2026-02-04T12:42:41,2026-02-04T10:56:41,book_a559853ae776,
lead_254abea4a01d,2026-02-08T22:53:51,Jose,Rich,brookshannah@example.com,1 (426) 362-8862,Canada,Meta Ads,Investor Calculator,Evergreen,/investor-calculator,meta_ads,paid_social,investor_calculator,Taylor Brooks,Riley Carter,No Show,86,2026-02-08T23:56:51,2026-02-09T00:18:51,book_17aa8fae8738,
lead_84857664bda3,2026-05-26T23:42:49,James,Stevens,joshua55@example.net,643.442.1117,Canada,Meta Ads,Investor Calculator,Evergreen,/investor-calculator,meta_ads,paid_social,investor_calculator,Alex Morgan,Riley Carter,New Lead,75,2026-05-27T00:11:49,2026-05-27T00:47:49,,
lead_ef8aefdad755,2026-01-12T11:38:28,Joseph,Johnston,victoria57@example.net,1-921-884-2463,Canada,Meta Ads,Mentorship VSL,Evergreen,/mentorship-vsl,meta_ads,paid_social,mentorship_vsl,Alex Morgan,Morgan Reed,New Lead,39,2026-01-12T14:37:28,2026-01-12T11:58:28,,
lead_8c0ba0beb4fb,2026-01-01T21:43:19,Daniel,Richardson,clairemartinez@example.com,1-979-246-4299,Canada,Direct,Direct Traffic,Evergreen,/direct-traffic,direct,organic,direct_traffic,Alex Morgan,Riley Carter,Consultation Showed,63,2026-01-01T23:11:19,2026-01-01T22:48:19,book_12c336fc3a73,
lead_51c546a845a8,2026-02-03T11:24:33,Vicki,Thompson,uchandler@example.org,(675) 915-3007 x514,United States,Organic,Organic Content,Organic,/organic-content,organic,organic,organic_content,Jordan Lee,Morgan Reed,New Lead,63,2026-02-03T12:17:33,2026-02-03T12:00:33,,
lead_418f82eb5c7d,2026-01-19T19:53:35,Tina,Curtis,melissacastillo@example.net,230 578 2453,Mexico,Organic,Organic Content,Organic,/organic-content,organic,organic,organic_content,Taylor Brooks,Casey Bennett,New Lead,77,2026-01-19T22:52:35,2026-01-19T20:35:35,,
lead_5a3bfa281b4d,2026-05-18T03:54:41,Anthony,Gordon,johnpetty@example.org,786-243-0146 x066,Canada,Organic,Organic Content,Organic,/organic-content,organic,organic,organic_content,Jordan Lee,Morgan Reed,New Lead,65,2026-05-18T04:44:41,2026-05-18T05:27:41,,
lead_318aec0aacc8,2026-06-06T17:50:49,Danny,Johnson,callen@example.com,721.879.0650,Mexico,Referral,Partner Referral,Referral,/partner-referral,referral,organic,partner_referral,Alex Morgan,Casey Bennett,Consultation Showed,75,2026-06-06T19:14:49,2026-06-06T18:55:49,book_68855799f314,
lead_55c86ea673bb,2026-06-24T19:22:43,Chris,Mejia,rodriguezfred@example.org,331 600 4027,Canada,Referral,Partner Referral,Referral,/partner-referral,referral,organic,partner_referral,Taylor Brooks,Morgan Reed,Consultation Showed,79,2026-06-24T19:52:43,2026-06-24T19:44:43,book_36835b395363,
lead_169a69a4b85c,2026-03-30T06:54:07,Angela,Shepherd,gmccormick@example.org,512 086 1498,Canada,Direct,Direct Traffic,Evergreen,/direct-traffic,direct,organic,direct_traffic,Jordan Lee,Casey Bennett,New Lead,74,2026-03-30T09:47:07,2026-03-30T07:04:07,,
lead_e6e991290e60,2026-03-07T16:47:49,Donald,Johnson,wmontgomery@example.com,784-200-1414 x424,Canada,Email Campaign,Database Reactivation,Evergreen,/database-reactivation,email_campaign,organic,database_reactivation,Alex Morgan,Casey Bennett,New Lead,62,2026-03-07T17:55:49,2026-03-07T16:59:49,,
lead_3cd3fe668d82,2026-01-09T01:49:30,Alexander,Alvarez,tjackson@example.net,+1 (515) 952-8599,Canada,Meta Ads,Investor Calculator,Evergreen,/investor-calculator,meta_ads,paid_social,investor_calculator,Jordan Lee,Riley Carter,No Show,66,2026-01-09T03:25:30,2026-01-09T02:05:30,book_9d063ac1dc94,
lead_553303664a32,2026-06-14T14:54:50,Stephen,Morris,nterry@example.com,(429) 305-5779 x798,Canada,Referral,Partner Referral,Referral,/partner-referral,referral,organic,partner_referral,Taylor Brooks,Casey Bennett,Consultation Showed,42,2026-06-14T17:12:50,2026-06-14T15:26:50,book_46e26e136e07,
lead_e14ef871a361,2026-05-27T23:31:08,Peter,Hamilton,ocollins@example.org,559-394-8150,United States,Email Campaign,Database Reactivation,Evergreen,/database-reactivation,email_campaign,organic,database_reactivation,Jordan Lee,Casey Bennett,New Lead,48,2026-05-28T01:55:08,2026-05-28T00:17:08,,
lead_21f1db7bee60,2026-02-26T21:17:18,Lisa,Hall,hestermatthew@example.com,728-586-9660,Canada,Meta Ads,Evergreen Wealth,Evergreen,/evergreen-wealth,meta_ads,paid_social,evergreen_wealth,Jordan Lee,Casey Bennett,No Show,57,2026-02-27T00:02:18,2026-02-26T22:24:18,book_52dbd17bfd22,
lead_11e139a54919,2026-04-06T09:20:29,Jason,Parker,zsolomon@example.org,751-210-1842 x622,Canada,Meta Ads,Evergreen Wealth,Evergreen,/evergreen-wealth,meta_ads,paid_social,evergreen_wealth,Jordan Lee,Riley Carter,New Lead,42,2026-04-06T09:51:29,2026-04-06T10:05:29,,
lead_c8561d59c641,2026-06-02T16:42:10,Lance,Rios,foxnancy@example.org,1-759-408-5935,United States,Google Ads,Real Estate Mentorship,Evergreen,/real-estate-mentorship,google_ads,cpc,real_estate_mentorship,Taylor Brooks,Morgan Reed,New Lead,50,2026-06-02T18:00:10,2026-06-02T17:02:10,,
lead_81f125cbc1b8,2026-02-06T12:30:40,Nathaniel,Rogers,danielle77@example.net,1 (907) 655-7374,Canada,Organic,Organic Content,Organic,/organic-content,organic,organic,organic_content,Taylor Brooks,Riley Carter,New Lead,83,2026-02-06T12:57:40,2026-02-06T13:35:40,,
lead_9d76b2144f25,2026-05-05T10:57:41,Lisa,Lindsey,jessica25@example.org,825 846 7901,United States,Webinar,5-Day Investor Challenge,Webinar,/5-day-investor-challenge,webinar,organic,5-day_investor_challenge,Taylor Brooks,Morgan Reed,New Lead,85,2026-05-05T12:22:41,2026-05-05T11:14:41,,
lead_726935a6943c,2026-03-16T17:46:13,Linda,Mejia,melissachapman@example.net,894 965 2396,Canada,Meta Ads,Investor Calculator,Evergreen,/investor-calculator,meta_ads,paid_social,investor_calculator,Taylor Brooks,Morgan Reed,Consultation Showed,38,2026-03-16T18:39:13,2026-03-16T17:51:13,book_c8d13b3b538f,
lead_bed16a1c46e4,2026-05-24T09:50:46,Jonathan,Marks,thomaslori@example.net,(354) 070-0841 x591,Canada,Webinar,VIP Webinar,Webinar,/vip-webinar,webinar,organic,vip_webinar,Alex Morgan,Riley Carter,New Lead,46,2026-05-24T12:05:46,2026-05-24T10:05:46,,
lead_540a52118b77,2026-06-26T19:59:34,Justin,Perry,terry53@example.net,(251) 397-6352 x946,Canada,Google Ads,High Intent Search,Evergreen,/high-intent-search,google_ads,cpc,high_intent_search,Alex Morgan,Morgan Reed,New Lead,64,2026-06-26T20:58:34,2026-06-26T20:08:34,,
lead_8f9055cd0d6a,2026-05-19T15:38:32,Larry,Sharp,andrewbrown@example.com,806 334 6118,Canada,Webinar,5-Day Investor Challenge,Webinar,/5-day-investor-challenge,webinar,organic,5-day_investor_challenge,Taylor Brooks,Riley Carter,New Lead,73,2026-05-19T16:35:32,2026-05-19T16:05:32,,
lead_b746f373441f,2026-06-29T01:14:01,Alicia,Lopez,adriennecurtis@example.com,(738) 041-9171,Canada,Organic,Organic Content,Organic,/organic-content,organic,organic,organic_content,Taylor Brooks,Morgan Reed,Call Booked,61,2026-06-29T02:56:01,2026-06-29T02:11:01,book_22b79b318f48,
lead_dce7e553ad6f,2026-06-25T14:47:23,Brandon,Sanchez,bruceochoa@example.com,1-418-436-6020,United States,Email Campaign,Database Reactivation,Evergreen,/database-reactivation,email_campaign,organic,database_reactivation,Jordan Lee,Morgan Reed,New Lead,56,2026-06-25T15:53:23,2026-06-25T15:43:23,,
lead_efa5ea727279,2026-03-14T04:38:16,Christopher,Ruiz,simongabrielle@example.org,493-676-7777,Canada,Direct,Direct Traffic,Evergreen,/direct-traffic,direct,organic,direct_traffic,Alex Morgan,Riley Carter,New Lead,74,2026-03-14T06:25:16,2026-03-14T04:50:16,,
lead_fe557c55a8ea,2026-02-20T03:13:50,Melissa,Peterson,wbennett@example.com,1-559-034-8195,United States,Meta Ads,Mentorship VSL,Evergreen,/mentorship-vsl,meta_ads,paid_social,mentorship_vsl,Taylor Brooks,Riley Carter,New Lead,42,2026-02-20T05:06:50,2026-02-20T03:33:50,,
lead_e749429f186d,2026-05-24T00:57:40,James,Ingram,rodriguezbrent@example.com,(495) 533-0892,Canada,Meta Ads,Mentorship VSL,Evergreen,/mentorship-vsl,meta_ads,paid_social,mentorship_vsl,Alex Morgan,Casey Bennett,New Lead,43,2026-05-24T02:11:40,2026-05-24T01:25:40,,
lead_e8a4a2eeaa0c,2026-02-23T23:58:40,Hayley,Lopez,harriserika@example.org,1-185-507-0264,Mexico,Webinar,VIP Webinar,Webinar,/vip-webinar,webinar,organic,vip_webinar,Jordan Lee,Casey Bennett,New Lead,73,2026-02-24T00:51:40,2026-02-24T00:21:40,,
lead_55791d334ef4,2026-01-09T02:47:56,Ryan,Mcbride,csmith@example.com,751.448.7621,Canada,Organic,Organic Content,Organic,/organic-content,organic,organic,organic_content,Taylor Brooks,Morgan Reed,New Lead,43,2026-01-09T04:46:56,2026-01-09T03:30:56,,
lead_03603fe37c4d,2026-01-23T09:14:10,Susan,Hart,jessicascott@example.org,397-302-9406 x957,Mexico,Meta Ads,Evergreen Wealth,Evergreen,/evergreen-wealth,meta_ads,paid_social,evergreen_wealth,Jordan Lee,Morgan Reed,New Lead,74,2026-01-23T09:59:10,2026-01-23T09:36:10,,
lead_e02e6f6b9e55,2026-02-02T11:59:07,Michael,Estrada,jeremysalinas@example.com,(993) 771-2582 x848,France,Meta Ads,Investor Calculator,Evergreen,/investor-calculator,meta_ads,paid_social,investor_calculator,Taylor Brooks,Riley Carter,Cancelled,90,2026-02-02T13:09:07,2026-02-02T12:48:07,book_cc26235e824b,
lead_f8682304a864,2026-02-25T06:49:14,Carrie,Miller,maria51@example.com,1 (799) 194-5644,Canada,Google Ads,Real Estate Mentorship,Evergreen,/real-estate-mentorship,google_ads,cpc,real_estate_mentorship,Alex Morgan,Casey Bennett,Call Booked,75,2026-02-25T09:19:14,2026-02-25T08:14:14,book_21e80fc01dae,
lead_182ecef74eea,2026-01-17T19:08:00,John,Morris,makaylasmith@example.com,652.428.6785,Mexico,Webinar,5-Day Investor Challenge,Webinar,/5-day-investor-challenge,webinar,organic,5-day_investor_challenge,Alex Morgan,Morgan Reed,Consultation Showed,80,2026-01-17T21:35:00,2026-01-17T19:18:00,book_f0bc16699684,
lead_cc5edeaef12f,2026-04-02T01:29:52,Jonathan,Zamora,shawterry@example.com,1 (801) 467-0936,Canada,Organic,Organic Content,Organic,/organic-content,organic,organic,organic_content,Alex Morgan,Morgan Reed,New Lead,48,2026-04-02T03:36:52,2026-04-02T02:00:52,,
lead_718fc0b7da61,2026-01-17T05:38:29,Douglas,May,rebecca28@example.net,704-177-0734,Canada,Webinar,5-Day Investor Challenge,Webinar,/5-day-investor-challenge,webinar,organic,5-day_investor_challenge,Taylor Brooks,Casey Bennett,New Lead,82,2026-01-17T06:00:29,2026-01-17T06:15:29,,
lead_72b9f2c8c9f5,2026-03-27T19:58:49,Brad,Wright,francisbrenda@example.org,364.575.2754,United States,Google Ads,High Intent Search,Evergreen,/high-intent-search,google_ads,cpc,high_intent_search,Taylor Brooks,Riley Carter,New Lead,43,2026-03-27T22:35:49,2026-03-27T20:47:49,,
lead_126afda5bccc,2026-05-30T05:41:56,Jennifer,Dawson,mistywolf@example.com,885-150-6688 x155,United States,Webinar,5-Day Investor Challenge,Webinar,/5-day-investor-challenge,webinar,organic,5-day_investor_challenge,Alex Morgan,Riley Carter,New Lead,57,2026-05-30T06:39:56,2026-05-30T06:40:56,,
lead_5525bfc4e376,2026-03-08T06:47:40,Daniel,Nguyen,fbyrd@example.com,+1 (589) 409-3636,Mexico,Meta Ads,Evergreen Wealth,Evergreen,/evergreen-wealth,meta_ads,paid_social,evergreen_wealth,Jordan Lee,Casey Bennett,New Lead,52,2026-03-08T07:56:40,2026-03-08T07:26:40,,
lead_b26cefaa302b,2026-01-11T22:58:27,Richard,Smith,lee61@example.org,(239) 563-2245,Canada,Meta Ads,Mentorship VSL,Evergreen,/mentorship-vsl,meta_ads,paid_social,mentorship_vsl,Jordan Lee,Riley Carter,Call Booked,69,2026-01-12T00:43:27,2026-01-11T23:25:27,book_6beaeaa862ac,
lead_89b8088eb26f,2026-05-02T19:01:38,William,Brooks,ijones@example.org,569 748 6978,Canada,Meta Ads,Evergreen Wealth,Evergreen,/evergreen-wealth,meta_ads,paid_social,evergreen_wealth,Taylor Brooks,Casey Bennett,New Lead,88,2026-05-02T19:55:38,2026-05-02T19:15:38,,
lead_d900d3889199,2026-01-14T11:20:51,Alicia,Duncan,fstevenson@example.net,+1 (330) 527-0436,United States,Meta Ads,Investor Calculator,Evergreen,/investor-calculator,meta_ads,paid_social,investor_calculator,Jordan Lee,Riley Carter,New Lead,48,2026-01-14T12:27:51,2026-01-14T11:27:51,,
lead_805cf1ba0a03,2026-03-03T15:54:24,Henry,Bailey,hendersondean@example.org,427.469.0176,Canada,Meta Ads,Mentorship VSL,Evergreen,/mentorship-vsl,meta_ads,paid_social,mentorship_vsl,Alex Morgan,Casey Bennett,New Lead,66,2026-03-03T16:13:24,2026-03-03T16:38:24,,
lead_835826b1c687,2026-05-01T02:49:14,Teresa,Mullins,duncanwayne@example.com,(370) 855-3606,United States,Organic,Organic Content,Organic,/organic-content,organic,organic,organic_content,Jordan Lee,Casey Bennett,New Lead,56,2026-05-01T03:37:14,2026-05-01T03:19:14,,
lead_950b6cb53ea0,2026-05-13T21:08:47,Glenn,Smith,michaelruiz@example.net,1 (577) 569-4298,Canada,Meta Ads,Evergreen Wealth,Evergreen,/evergreen-wealth,meta_ads,paid_social,evergreen_wealth,Alex Morgan,Riley Carter,Consultation Showed,53,2026-05-13T22:12:47,2026-05-13T21:53:47,book_41ee36b24e54,
lead_581b67ddb090,2026-05-30T06:22:49,Lauren,Smith,nichole03@example.net,573 032 4827,Canada,Meta Ads,Investor Calculator,Evergreen,/investor-calculator,meta_ads,paid_social,investor_calculator,Alex Morgan,Riley Carter,No Show,70,2026-05-30T08:52:49,2026-05-30T08:02:49,book_22365c8934dd,
lead_eb4bb1e46e78,2026-01-15T08:30:39,Michelle,Benitez,kaitlinnguyen@example.net,(956) 118-8203,United States,Meta Ads,Mentorship VSL,Evergreen,/mentorship-vsl,meta_ads,paid_social,mentorship_vsl,Jordan Lee,Riley Carter,Consultation Showed,41,2026-01-15T08:40:39,2026-01-15T09:36:39,book_831524c906bf,
lead_be0489ab2dc3,2026-05-14T03:10:26,Aaron,Cameron,william62@example.net,885.311.1281,Canada,Referral,Client Referral,Referral,/client-referral,referral,organic,client_referral,Taylor Brooks,Morgan Reed,Consultation Showed,62,2026-05-14T05:52:26,2026-05-14T03:41:26,book_039fd6611b17,
lead_525e2f97dde4,2026-03-09T00:29:53,Todd,Morrison,danacoleman@example.com,(769) 472-8132,Canada,Referral,Client Referral,Referral,/client-referral,referral,organic,client_referral,Alex Morgan,Casey Bennett,New Lead,73,2026-03-09T03:16:53,2026-03-09T00:43:53,,
lead_fc4d0cfa702d,2026-02-13T11:10:09,Stephanie,Nguyen,matthew33@example.net,290-294-0375 x353,Canada,Organic,Organic Content,Organic,/organic-content,organic,organic,organic_content,Taylor Brooks,Morgan Reed,New Lead,68,2026-02-13T11:51:09,2026-02-13T11:31:09,,
lead_cf6dcb680b7a,2026-02-19T22:41:23,Donna,Moore,jodi27@example.net,1 (767) 195-0305,Canada,Direct,Direct Traffic,Evergreen,/direct-traffic,direct,organic,direct_traffic,Alex Morgan,Casey Bennett,New Lead,85,2026-02-19T23:27:23,2026-02-19T22:55:23,,
lead_140bdafb227c,2026-01-09T06:19:12,Walter,Peters,iclarke@example.net,+1 (652) 494-8918,Canada,Webinar,5-Day Investor Challenge,Webinar,/5-day-investor-challenge,webinar,organic,5-day_investor_challenge,Taylor Brooks,Morgan Reed,New Lead,71,2026-01-09T08:21:12,2026-01-09T06:35:12,,
lead_4ab218dd7731,2026-06-13T03:18:52,Ernest,Cummings,williamlam@example.org,251.497.7764,Canada,Direct,Direct Traffic,Evergreen,/direct-traffic,direct,organic,direct_traffic,Jordan Lee,Casey Bennett,New Lead,48,2026-06-13T06:03:52,2026-06-13T04:20:52,,
lead_5358decd7e97,2026-05-23T10:07:17,John,Swanson,cvincent@example.com,1 (128) 226-1954,Canada,Webinar,VIP Webinar,Webinar,/vip-webinar,webinar,organic,vip_webinar,Jordan Lee,Casey Bennett,Consultation Showed,47,2026-05-23T12:07:17,2026-05-23T11:12:17,book_241d5b6ec502,
lead_e95ce5e91bc3,2026-05-10T04:51:53,Pamela,Krueger,anna49@example.com,(945) 776-6138,Canada,Google Ads,Real Estate Mentorship,Evergreen,/real-estate-mentorship,google_ads,cpc,real_estate_mentorship,Taylor Brooks,Morgan Reed,Cancelled,56,2026-05-10T06:38:53,2026-05-10T06:36:53,book_c78b8983a3e8,
lead_ce2e96beb80e,2026-02-07T01:57:42,Megan,Cooper,allen09@example.org,1 (695) 678-3239,Canada,Meta Ads,Mentorship VSL,Evergreen,/mentorship-vsl,meta_ads,paid_social,mentorship_vsl,Taylor Brooks,Riley Carter,New Lead,52,2026-02-07T04:27:42,2026-02-07T02:17:42,,
lead_ed9729cd6c7b,2026-06-24T19:57:19,Susan,Sherman,patricksmith@example.org,1-412-706-6185,Canada,Webinar,VIP Webinar,Webinar,/vip-webinar,webinar,organic,vip_webinar,Jordan Lee,Casey Bennett,New Lead,57,2026-06-24T22:00:19,2026-06-24T21:00:19,,
lead_e822867c9e92,2026-03-18T06:43:06,Robert,Thornton,cnichols@example.org,120-338-8112,Canada,Referral,Partner Referral,Referral,/partner-referral,referral,organic,partner_referral,Taylor Brooks,Riley Carter,New Lead,64,2026-03-18T07:24:06,2026-03-18T07:01:06,,
lead_3ff2fc11d4d6,2026-01-10T21:08:40,Katherine,Lane,efoster@example.com,(472) 037-3448,Canada,Google Ads,Real Estate Mentorship,Evergreen,/real-estate-mentorship,google_ads,cpc,real_estate_mentorship,Taylor Brooks,Morgan Reed,New Lead,86,2026-01-10T22:04:40,2026-01-10T21:20:40,,
lead_09b37ea9f034,2026-02-05T00:19:47,Valerie,Bennett,dwebb@example.net,790.565.7439,Canada,Referral,Client Referral,Referral,/client-referral,referral,organic,client_referral,Alex Morgan,Casey Bennett,New Lead,81,2026-02-05T02:17:47,2026-02-05T00:40:47,,
lead_227ba01dd223,2026-02-23T01:45:48,Tracy,Johnson,peter73@example.net,(916) 490-9546,Canada,Organic,Organic Content,Organic,/organic-content,organic,organic,organic_content,Alex Morgan,Riley Carter,New Lead,41,2026-02-23T04:44:48,2026-02-23T02:24:48,,
lead_c4c437bf2e13,2026-01-30T06:14:05,Desiree,Simpson,jenniferwilliams@example.com,(786) 810-2531 x292,Canada,Google Ads,High Intent Search,Evergreen,/high-intent-search,google_ads,cpc,high_intent_search,Alex Morgan,Riley Carter,New Lead,70,2026-01-30T08:04:05,2026-01-30T06:46:05,,
lead_d673c07a6b80,2026-03-03T09:40:00,Mary,Barnes,joseph78@example.org,295-804-0146,Mexico,Meta Ads,Investor Calculator,Evergreen,/investor-calculator,meta_ads,paid_social,investor_calculator,Taylor Brooks,Riley Carter,New Lead,76,2026-03-03T12:21:00,2026-03-03T10:08:00,,
lead_8716339a3c92,2026-05-12T07:16:15,Marilyn,Franklin,amack@example.org,519-007-3885,United States,Webinar,5-Day Investor Challenge,Webinar,/5-day-investor-challenge,webinar,organic,5-day_investor_challenge,Alex Morgan,Morgan Reed,Cancelled,81,2026-05-12T07:45:15,2026-05-12T08:30:15,book_023c79fbde46,
lead_484cdd6821b8,2026-03-06T08:56:31,Philip,Hardin,crystalchandler@example.com,(469) 390-8941,Canada,Meta Ads,Evergreen Wealth,Evergreen,/evergreen-wealth,meta_ads,paid_social,evergreen_wealth,Jordan Lee,Morgan Reed,New Lead,40,2026-03-06T09:24:31,2026-03-06T09:18:31,,
lead_a10c1e78f1a6,2026-03-01T17:20:31,Daniel,Schmidt,hjimenez@example.org,613 054 2842,Canada,Webinar,5-Day Investor Challenge,Webinar,/5-day-investor-challenge,webinar,organic,5-day_investor_challenge,Jordan Lee,Riley Carter,New Lead,70,2026-03-01T17:41:31,2026-03-01T17:40:31,,
lead_fc57ad12992e,2026-04-03T06:04:02,Crystal,Garcia,gonzalezmichael@example.com,894-294-1259,United States,Webinar,VIP Webinar,Webinar,/vip-webinar,webinar,organic,vip_webinar,Jordan Lee,Casey Bennett,Consultation Showed,32,2026-04-03T07:35:02,2026-04-03T06:55:02,book_70b19e0b01d8,
lead_02b056cf6afd,2026-02-01T00:46:47,Christy,Rodgers,chandlerjeremy@example.org,(388) 767-6606,Canada,Meta Ads,Mentorship VSL,Evergreen,/mentorship-vsl,meta_ads,paid_social,mentorship_vsl,Alex Morgan,Riley Carter,Call Booked,60,2026-02-01T01:29:47,2026-02-01T01:18:47,book_3b57e558a451,
lead_80ea6dcf124f,2026-01-31T17:38:24,Mckenzie,Mills,paula13@example.com,539-978-3874,Canada,Email Campaign,Database Reactivation,Evergreen,/database-reactivation,email_campaign,organic,database_reactivation,Jordan Lee,Riley Carter,Consultation Showed,78,2026-01-31T20:06:24,2026-01-31T18:04:24,book_021ba706eaac,
lead_ff5e46f340ae,2026-01-23T00:17:52,Elizabeth,Delgado,ricewilliam@example.com,(429) 397-0266,Mexico,Direct,Direct Traffic,Evergreen,/direct-traffic,direct,organic,direct_traffic,Jordan Lee,Morgan Reed,New Lead,78,2026-01-23T03:11:52,2026-01-23T01:03:52,,
lead_e1b9c81e08bb,2026-06-20T22:10:39,William,Rich,tmartinez@example.net,785.133.1178,Canada,Webinar,5-Day Investor Challenge,Webinar,/5-day-investor-challenge,webinar,organic,5-day_investor_challenge,Jordan Lee,Morgan Reed,New Lead,82,2026-06-20T23:52:39,2026-06-20T22:37:39,,
lead_d38ad343d92f,2026-06-30T18:30:18,Brian,Kim,csullivan@example.com,392.889.2030,Canada,Webinar,VIP Webinar,Webinar,/vip-webinar,webinar,organic,vip_webinar,Alex Morgan,Casey Bennett,New Lead,87,2026-06-30T20:27:18,2026-06-30T20:32:18,,
lead_b360fd47c3c2,2026-05-11T10:38:11,Alyssa,Haas,cflores@example.com,758-923-0360,Canada,Webinar,VIP Webinar,Webinar,/vip-webinar,webinar,organic,vip_webinar,Jordan Lee,Morgan Reed,No Show,63,2026-05-11T13:08:11,2026-05-11T10:51:11,book_80bd85879721,
lead_b6593b392a33,2026-02-04T09:58:37,Samuel,Moreno,wheelerdawn@example.com,526-557-1364 x967,United States,Webinar,5-Day Investor Challenge,Webinar,/5-day-investor-challenge,webinar,organic,5-day_investor_challenge,Taylor Brooks,Casey Bennett,Consultation Showed,75,2026-02-04T10:37:37,2026-02-04T10:23:37,book_9d702f998c98,
lead_e58e7cc32287,2026-06-03T14:10:33,Helen,Davis,leslie75@example.org,1 (174) 488-2526,Canada,Email Campaign,Database Reactivation,Evergreen,/database-reactivation,email_campaign,organic,database_reactivation,Taylor Brooks,Casey Bennett,New Lead,43,2026-06-03T17:06:33,2026-06-03T15:07:33,,
lead_73367e61874c,2026-03-10T21:04:37,Jasmine,Velasquez,stacy11@example.com,+1 (573) 385-1576,France,Meta Ads,Evergreen Wealth,Evergreen,/evergreen-wealth,meta_ads,paid_social,evergreen_wealth,Jordan Lee,Morgan Reed,New Lead,25,2026-03-10T23:43:37,2026-03-10T21:38:37,,
lead_60e2824ba150,2026-02-02T19:52:38,Jill,Snyder,banksbrian@example.com,(109) 838-3193 x465,Mexico,Referral,Client Referral,Referral,/client-referral,referral,organic,client_referral,Alex Morgan,Riley Carter,Consultation Showed,58,2026-02-02T21:30:38,2026-02-02T21:36:38,book_c21d365e5acf,
lead_f979c60d4634,2026-06-25T14:14:58,Gregory,Washington,owilliams@example.com,1 (663) 338-9234,Canada,Meta Ads,Mentorship VSL,Evergreen,/mentorship-vsl,meta_ads,paid_social,mentorship_vsl,Alex Morgan,Morgan Reed,Cancelled,52,2026-06-25T14:25:58,2026-06-25T14:48:58,book_de7842df94e9,
lead_2f8869b38c2c,2026-02-21T02:11:50,Devon,Hammond,ebrown@example.com,1 (378) 263-8803,France,Referral,Client Referral,Referral,/client-referral,referral,organic,client_referral,Jordan Lee,Morgan Reed,New Lead,21,2026-02-21T04:10:50,2026-02-21T03:33:50,,
lead_3ff458be6c6b,2026-03-30T22:50:33,Suzanne,Cowan,stevengray@example.net,(162) 869-7476 x237,Canada,Meta Ads,Mentorship VSL,Evergreen,/mentorship-vsl,meta_ads,paid_social,mentorship_vsl,Taylor Brooks,Morgan Reed,New Lead,55,2026-03-31T01:43:33,2026-03-30T23:22:33,,
lead_92fc4170886f,2026-01-03T01:45:45,Jason,Hawkins,terrence72@example.com,(319) 319-2294 x123,Canada,Meta Ads,Mentorship VSL,Evergreen,/mentorship-vsl,meta_ads,paid_social,mentorship_vsl,Jordan Lee,Morgan Reed,New Lead,85,2026-01-03T04:16:45,2026-01-03T02:08:45,,
lead_03a81a9ee9d5,2026-03-17T10:03:42,William,Terry,plopez@example.net,1-318-545-5418,United States,Webinar,VIP Webinar,Webinar,/vip-webinar,webinar,organic,vip_webinar,Jordan Lee,Riley Carter,New Lead,80,2026-03-17T10:17:42,2026-03-17T10:19:42,,
lead_9c74efe3e616,2026-06-05T22:55:54,Lucas,Merritt,christophercannon@example.org,(856) 303-2826,Mexico,Google Ads,Real Estate Mentorship,Evergreen,/real-estate-mentorship,google_ads,cpc,real_estate_mentorship,Jordan Lee,Casey Bennett,New Lead,77,2026-06-06T01:11:54,2026-06-05T23:39:54,,
lead_6377ccd22e9a,2026-03-09T05:35:28,James,Contreras,parkersean@example.net,+1 (457) 168-9621,Canada,Referral,Partner Referral,Referral,/partner-referral,referral,organic,partner_referral,Jordan Lee,Casey Bennett,New Lead,56,2026-03-09T06:46:28,2026-03-09T05:54:28,,
lead_8b6d794cc7db,2026-06-28T09:48:25,Dylan,Stevenson,brian62@example.net,+1 (985) 643-4760,Canada,Meta Ads,Investor Calculator,Evergreen,/investor-calculator,meta_ads,paid_social,investor_calculator,Taylor Brooks,Casey Bennett,Consultation Showed,63,2026-06-28T12:44:25,2026-06-28T11:07:25,book_811463d6aba7,
lead_89947a883642,2026-01-05T11:13:21,Madison,Hahn,jasonray@example.com,(472) 894-6736 x316,Mexico,Webinar,5-Day Investor Challenge,Webinar,/5-day-investor-challenge,webinar,organic,5-day_investor_challenge,Alex Morgan,Morgan Reed,New Lead,59,2026-01-05T11:50:21,2026-01-05T11:22:21,,
lead_00370259f6c0,2026-01-13T14:43:54,John,Christian,paul17@example.org,+1 (928) 033-6490,Canada,Meta Ads,Investor Calculator,Evergreen,/investor-calculator,meta_ads,paid_social,investor_calculator,Alex Morgan,Morgan Reed,New Lead,70,2026-01-13T15:27:54,2026-01-13T15:28:54,,
lead_9c7be32a30ec,2026-05-21T09:55:24,Marcia,Campbell,fcampbell@example.net,763.430.3101,United States,Webinar,5-Day Investor Challenge,Webinar,/5-day-investor-challenge,webinar,organic,5-day_investor_challenge,Jordan Lee,Riley Carter,New Lead,21,2026-05-21T10:03:24,2026-05-21T10:14:24,,
lead_d202e863ad5d,2026-05-02T13:57:37,Robert,Mack,wwhite@example.org,(345) 541-4085 x796,United States,Meta Ads,Mentorship VSL,Evergreen,/mentorship-vsl,meta_ads,paid_social,mentorship_vsl,Jordan Lee,Riley Carter,New Lead,37,2026-05-02T15:59:37,2026-05-02T14:47:37,,
lead_13c029ef9f39,2026-01-11T21:45:16,Francisco,Andrews,gallagherdalton@example.org,(548) 610-6600 x260,Canada,Meta Ads,Evergreen Wealth,Evergreen,/evergreen-wealth,meta_ads,paid_social,evergreen_wealth,Taylor Brooks,Morgan Reed,New Lead,12,2026-01-11T22:25:16,2026-01-11T21:51:16,,
lead_9828c8931d2e,2026-01-18T18:49:16,Robert,Smith,ramoscheyenne@example.com,(789) 162-4410,Canada,Meta Ads,Mentorship VSL,Evergreen,/mentorship-vsl,meta_ads,paid_social,mentorship_vsl,Taylor Brooks,Morgan Reed,New Lead,59,2026-01-18T18:54:16,2026-01-18T19:52:16,,
lead_e3fdff733bef,2026-01-16T10:05:11,Paul,Vasquez,luis73@example.org,465.024.2389,Canada,Meta Ads,Mentorship VSL,Evergreen,/mentorship-vsl,meta_ads,paid_social,mentorship_vsl,Taylor Brooks,Morgan Reed,New Lead,79,2026-01-16T11:49:11,2026-01-16T10:32:11,,
lead_468953a2b494,2026-05-18T12:37:35,Michael,Newton,murraylauren@example.net,672-985-0230,United States,Organic,Organic Content,Organic,/organic-content,organic,organic,organic_content,Alex Morgan,Casey Bennett,New Lead,83,2026-05-18T14:48:35,2026-05-18T13:32:35,,
lead_ec290a821954,2026-04-25T22:02:38,Danielle,Curry,ghamilton@example.com,(553) 331-7147 x955,Canada,Meta Ads,Mentorship VSL,Evergreen,/mentorship-vsl,meta_ads,paid_social,mentorship_vsl,Taylor Brooks,Morgan Reed,Consultation Showed,57,2026-04-25T22:22:38,2026-04-25T22:12:38,book_5d54875c22a3,
lead_2d60dc0449af,2026-02-21T02:53:16,Jill,Jones,kellychang@example.org,602 881 5208,Mexico,Meta Ads,Evergreen Wealth,Evergreen,/evergreen-wealth,meta_ads,paid_social,evergreen_wealth,Taylor Brooks,Morgan Reed,New Lead,54,2026-02-21T03:34:16,2026-02-21T03:02:16,,
lead_c5933db51438,2026-02-06T13:04:07,Dillon,Kirk,hkelley@example.org,+1 (396) 250-5073,Mexico,Referral,Partner Referral,Referral,/partner-referral,referral,organic,partner_referral,Alex Morgan,Morgan Reed,New Lead,77,2026-02-06T13:56:07,2026-02-06T13:31:07,,
lead_d196ff63ae76,2026-04-27T19:26:40,Joshua,Hull,hallcarolyn@example.org,332-502-7496,Canada,Google Ads,Real Estate Mentorship,Evergreen,/real-estate-mentorship,google_ads,cpc,real_estate_mentorship,Jordan Lee,Morgan Reed,New Lead,67,2026-04-27T21:16:40,2026-04-27T20:00:40,,
lead_07d6adb5d1aa,2026-05-23T19:24:48,Kristina,Allen,williamcampbell@example.org,(376) 543-9994,Canada,Google Ads,Real Estate Mentorship,Evergreen,/real-estate-mentorship,google_ads,cpc,real_estate_mentorship,Taylor Brooks,Riley Carter,Consultation Showed,91,2026-05-23T20:30:48,2026-05-23T20:22:48,book_2d124bd54e65,
lead_e9a26dc03bea,2026-01-13T13:18:23,Megan,Hart,jo03@example.org,186-414-8632,Canada,Meta Ads,Evergreen Wealth,Evergreen,/evergreen-wealth,meta_ads,paid_social,evergreen_wealth,Jordan Lee,Riley Carter,New Lead,42,2026-01-13T13:38:23,2026-01-13T13:43:23,,
lead_15ac158c9105,2026-01-16T12:36:05,Zachary,Burnett,theresa48@example.com,859.051.8237,United States,Meta Ads,Investor Calculator,Evergreen,/investor-calculator,meta_ads,paid_social,investor_calculator,Taylor Brooks,Casey Bennett,New Lead,44,2026-01-16T15:33:05,2026-01-16T13:16:05,,
lead_6e3c49a7db6a,2026-05-11T23:24:11,George,Brown,webbkeith@example.com,(491) 171-7400,Canada,Meta Ads,Mentorship VSL,Evergreen,/mentorship-vsl,meta_ads,paid_social,mentorship_vsl,Jordan Lee,Riley Carter,New Lead,52,2026-05-11T23:51:11,2026-05-12T01:12:11,,
lead_6254a937ceb6,2026-04-21T12:40:10,Jennifer,Kelly,rose86@example.com,737-449-6660 x723,United States,Referral,Partner Referral,Referral,/partner-referral,referral,organic,partner_referral,Jordan Lee,Casey Bennett,Consultation Showed,60,2026-04-21T13:52:10,2026-04-21T13:01:10,book_70c18d6119f1,
lead_2b8b8d55baff,2026-03-13T22:23:28,Nicholas,Brown,melissa74@example.org,408 180 3689,Canada,Google Ads,Real Estate Mentorship,Evergreen,/real-estate-mentorship,google_ads,cpc,real_estate_mentorship,Jordan Lee,Casey Bennett,New Lead,54,2026-03-14T00:35:28,2026-03-13T23:21:28,,
lead_5170b3d545a5,2026-02-14T07:04:38,Walter,Moore,krystalgregory@example.net,1-304-393-5160,Canada,Organic,Organic Content,Organic,/organic-content,organic,organic,organic_content,Taylor Brooks,Casey Bennett,Consultation Showed,84,2026-02-14T09:39:38,2026-02-14T07:23:38,book_4ea3df2f3386,
lead_3567d401ac94,2026-03-04T23:39:48,Randy,Schroeder,timothy75@example.org,+1 (768) 480-3163,Canada,Google Ads,Real Estate Mentorship,Evergreen,/real-estate-mentorship,google_ads,cpc,real_estate_mentorship,Jordan Lee,Casey Bennett,Consultation Showed,58,2026-03-05T01:27:48,2026-03-04T23:55:48,book_0cca0a86a8f1,
lead_8af8f80a1e3c,2026-05-26T17:49:34,Terry,Jones,edward81@example.org,1 (437) 642-9839,Canada,Meta Ads,Mentorship VSL,Evergreen,/mentorship-vsl,meta_ads,paid_social,mentorship_vsl,Alex Morgan,Morgan Reed,New Lead,31,2026-05-26T19:32:34,2026-05-26T18:44:34,,
lead_30ee2a66850f,2026-06-18T23:39:40,Alexander,Huber,john52@example.net,+1 (408) 853-2987,Canada,Webinar,VIP Webinar,Webinar,/vip-webinar,webinar,organic,vip_webinar,Jordan Lee,Morgan Reed,Consultation Showed,50,2026-06-19T02:25:40,2026-06-19T00:27:40,book_d4500b597f40,
lead_daefa08e4ce7,2026-01-30T07:53:28,Kelly,Grimes,millerchristine@example.net,147-547-3770 x499,Mexico,Google Ads,High Intent Search,Evergreen,/high-intent-search,google_ads,cpc,high_intent_search,Alex Morgan,Morgan Reed,New Lead,41,2026-01-30T10:29:28,2026-01-30T08:56:28,,
lead_c0c7b2aeeca1,2026-01-30T02:35:01,Barbara,Butler,morrisonmichael@example.com,1 (597) 739-6103,Canada,Meta Ads,Investor Calculator,Evergreen,/investor-calculator,meta_ads,paid_social,investor_calculator,Alex Morgan,Casey Bennett,No Show,74,2026-01-30T03:49:01,2026-01-30T03:32:01,book_c3c46cb937ab,
lead_3cfc5f56391d,2026-06-11T03:02:47,Andrew,Harrison,uweaver@example.net,508.041.7569,Canada,Google Ads,Real Estate Mentorship,Evergreen,/real-estate-mentorship,google_ads,cpc,real_estate_mentorship,Alex Morgan,Casey Bennett,New Lead,61,2026-06-11T05:27:47,2026-06-11T04:07:47,,
lead_13571c6093c8,2026-03-26T01:15:22,Pamela,Johnson,lindahurst@example.net,(477) 169-9165 x872,Mexico,Organic,Organic Content,Organic,/organic-content,organic,organic,organic_content,Alex Morgan,Casey Bennett,New Lead,48,2026-03-26T03:11:22,2026-03-26T01:42:22,,
lead_a7083b94fef8,2026-03-10T14:49:14,Robert,Parker,wilsonjoseph@example.com,386-712-6572 x818,Canada,Direct,Direct Traffic,Evergreen,/direct-traffic,direct,organic,direct_traffic,Jordan Lee,Riley Carter,New Lead,45,2026-03-10T15:21:14,2026-03-10T16:36:14,,
lead_7c878a1d20a2,2026-01-28T11:20:03,Mary,Matthews,martintracy@example.net,(285) 249-9196 x084,Canada,Organic,Organic Content,Organic,/organic-content,organic,organic,organic_content,Jordan Lee,Morgan Reed,New Lead,68,2026-01-28T12:25:03,2026-01-28T11:34:03,,
lead_cfaaeda87827,2026-03-01T19:25:11,Jennifer,Bailey,nancy37@example.net,(604) 376-3185,Canada,Google Ads,High Intent Search,Evergreen,/high-intent-search,google_ads,cpc,high_intent_search,Taylor Brooks,Casey Bennett,New Lead,42,2026-03-01T22:11:11,2026-03-01T19:42:11,,
lead_6b84af41cb7a,2026-04-29T18:23:14,Ariana,Maddox,snyderdavid@example.net,1-148-144-0004,Canada,Referral,Client Referral,Referral,/client-referral,referral,organic,client_referral,Taylor Brooks,Casey Bennett,New Lead,60,2026-04-29T18:59:14,2026-04-29T18:33:14,,
lead_180706f71d3d,2026-06-06T17:28:18,Kristen,Wood,hernandezkim@example.org,964-079-7296,Canada,Google Ads,Real Estate Mentorship,Evergreen,/real-estate-mentorship,google_ads,cpc,real_estate_mentorship,Jordan Lee,Morgan Reed,New Lead,61,2026-06-06T18:05:18,2026-06-06T17:58:18,,
lead_4d471d2bd940,2026-03-22T23:21:48,Joy,Thompson,kara42@example.com,(844) 979-9251,Canada,Meta Ads,Investor Calculator,Evergreen,/investor-calculator,meta_ads,paid_social,investor_calculator,Jordan Lee,Riley Carter,New Lead,65,2026-03-23T00:29:48,2026-03-23T00:31:48,,
lead_c7c84e12bde3,2026-05-04T02:03:17,Hannah,Burnett,uwelch@example.com,658-783-7105 x392,United States,Meta Ads,Investor Calculator,Evergreen,/investor-calculator,meta_ads,paid_social,investor_calculator,Taylor Brooks,Casey Bennett,Call Booked,54,2026-05-04T04:09:17,2026-05-04T02:31:17,book_6e233f705cbf,
lead_cf80e7b537f4,2026-05-16T14:27:05,Deborah,Lawrence,fsteele@example.com,185.360.1743,Mexico,Organic,Organic Content,Organic,/organic-content,organic,organic,organic_content,Jordan Lee,Riley Carter,Consultation Showed,77,2026-05-16T15:21:05,2026-05-16T15:16:05,book_0d32dc5b3001,
lead_7c521296c7b3,2026-05-18T12:00:28,Jonathan,Mccarty,michaelfinley@example.org,341-316-6775,United States,Organic,Organic Content,Organic,/organic-content,organic,organic,organic_content,Alex Morgan,Casey Bennett,New Lead,50,2026-05-18T14:36:28,2026-05-18T12:36:28,,
lead_1e6ed97d4bea,2026-03-02T20:49:46,Timothy,Key,jrodriguez@example.com,117-635-0642 x729,Mexico,Organic,Organic Content,Organic,/organic-content,organic,organic,organic_content,Jordan Lee,Morgan Reed,New Lead,34,2026-03-02T23:04:46,2026-03-02T21:03:46,,
lead_ed827a47aaa0,2026-04-13T18:24:59,Grace,Clark,tuckerjennifer@example.com,+1 (722) 702-5431,Canada,Referral,Partner Referral,Referral,/partner-referral,referral,organic,partner_referral,Taylor Brooks,Casey Bennett,New Lead,76,2026-04-13T20:34:59,2026-04-13T19:20:59,,
lead_6b72672c6ef2,2026-05-31T23:06:05,Danielle,Esparza,floreskyle@example.com,1-372-560-4678,United States,Meta Ads,Investor Calculator,Evergreen,/investor-calculator,meta_ads,paid_social,investor_calculator,Jordan Lee,Riley Carter,New Lead,55,2026-06-01T00:00:05,2026-05-31T23:58:05,,
lead_76eb2ce70a8a,2026-04-02T23:49:14,Tina,Williams,ryansmith@example.net,855.026.1340,Canada,Meta Ads,Evergreen Wealth,Evergreen,/evergreen-wealth,meta_ads,paid_social,evergreen_wealth,Alex Morgan,Casey Bennett,New Lead,48,2026-04-03T00:57:14,2026-04-03T01:31:14,,
lead_a20c2a7d434f,2026-04-20T02:32:26,Jeremy,Grimes,laurapowers@example.net,+1 (367) 665-4053,United States,Google Ads,Real Estate Mentorship,Evergreen,/real-estate-mentorship,google_ads,cpc,real_estate_mentorship,Jordan Lee,Casey Bennett,Consultation Showed,56,2026-04-20T03:14:26,2026-04-20T03:43:26,book_1fc54bcae8ab,
lead_5ebaf9430747,2026-06-10T00:45:15,Joshua,Burton,holtrobert@example.net,1-135-328-6178,Canada,Direct,Direct Traffic,Evergreen,/direct-traffic,direct,organic,direct_traffic,Taylor Brooks,Riley Carter,Cancelled,67,2026-06-10T03:35:15,2026-06-10T01:05:15,book_2ab5930ef740,
lead_0bfe4a20c3ef,2026-01-12T18:14:37,Michael,Preston,theresastone@example.com,632-136-7886 x455,Canada,Meta Ads,Mentorship VSL,Evergreen,/mentorship-vsl,meta_ads,paid_social,mentorship_vsl,Taylor Brooks,Casey Bennett,Call Booked,63,2026-01-12T19:08:37,2026-01-12T18:59:37,book_f4a796167828,
lead_a138c0be3b06,2026-03-24T03:16:56,Dennis,Rodriguez,johnsonalex@example.net,1 (757) 052-9508,Canada,Meta Ads,Investor Calculator,Evergreen,/investor-calculator,meta_ads,paid_social,investor_calculator,Alex Morgan,Morgan Reed,New Lead,56,2026-03-24T03:23:56,2026-03-24T03:51:56,,
lead_99205129de58,2026-05-07T12:50:20,Amanda,Preston,keith23@example.com,(196) 258-6926 x356,United States,Meta Ads,Evergreen Wealth,Evergreen,/evergreen-wealth,meta_ads,paid_social,evergreen_wealth,Alex Morgan,Casey Bennett,Consultation Showed,73,2026-05-07T15:39:20,2026-05-07T16:33:20,book_2df367135368,
lead_582c98049171,2026-03-28T17:42:12,Austin,Wong,elizabeth15@example.org,297-519-3784 x953,Canada,Organic,Organic Content,Organic,/organic-content,organic,organic,organic_content,Alex Morgan,Riley Carter,New Lead,59,2026-03-28T20:27:12,2026-03-28T18:41:12,,
lead_88289baee8d8,2026-01-21T22:07:38,Mary,Thompson,josephoneill@example.com,(501) 976-2134 x616,Canada,Google Ads,Real Estate Mentorship,Evergreen,/real-estate-mentorship,google_ads,cpc,real_estate_mentorship,Alex Morgan,Riley Carter,New Lead,65,2026-01-21T23:22:38,2026-01-21T23:21:38,,
lead_474356622fd0,2026-02-01T15:10:26,Felicia,Jones,sheenaballard@example.com,1 (132) 224-7081,Canada,Organic,Organic Content,Organic,/organic-content,organic,organic,organic_content,Alex Morgan,Morgan Reed,No Show,52,2026-02-01T17:45:26,2026-02-01T15:43:26,book_d19645d96635,
lead_42d90c46a444,2026-04-18T07:11:12,Daniel,Rice,jacksonjennifer@example.org,(784) 089-4374 x812,Canada,Meta Ads,Investor Calculator,Evergreen,/investor-calculator,meta_ads,paid_social,investor_calculator,Jordan Lee,Riley Carter,New Lead,6,2026-04-18T09:18:12,2026-04-18T07:42:12,,
lead_723eaef18640,2026-05-03T02:50:29,Zachary,Freeman,alansmith@example.org,1 (288) 990-5808,United States,Google Ads,High Intent Search,Evergreen,/high-intent-search,google_ads,cpc,high_intent_search,Jordan Lee,Morgan Reed,Consultation Showed,49,2026-05-03T04:46:29,2026-05-03T03:29:29,book_c2cbd9244fd2,
lead_1b735704542d,2026-05-05T23:29:28,Joseph,Lee,jennifer05@example.org,(210) 563-5869 x902,Canada,Meta Ads,Evergreen Wealth,Evergreen,/evergreen-wealth,meta_ads,paid_social,evergreen_wealth,Taylor Brooks,Morgan Reed,Consultation Showed,56,2026-05-06T00:46:28,2026-05-06T01:27:28,book_2b3273611f14,
lead_48ba0d551ba0,2026-05-21T08:23:00,Kimberly,Key,jenkinsrobert@example.com,+1 (302) 124-6764,Canada,Webinar,5-Day Investor Challenge,Webinar,/5-day-investor-challenge,webinar,organic,5-day_investor_challenge,Alex Morgan,Morgan Reed,New Lead,67,2026-05-21T09:01:00,2026-05-21T08:35:00,,
lead_9a4b7b7bf796,2026-02-01T17:24:50,William,Hernandez,ashlee36@example.org,274-988-4959,Canada,Meta Ads,Mentorship VSL,Evergreen,/mentorship-vsl,meta_ads,paid_social,mentorship_vsl,Jordan Lee,Casey Bennett,New Lead,65,2026-02-01T18:29:50,2026-02-01T17:38:50,,
lead_7a9d79c0160f,2026-03-08T17:10:00,Melanie,Price,aaronwalker@example.net,1-865-657-1665,Canada,Meta Ads,Investor Calculator,Evergreen,/investor-calculator,meta_ads,paid_social,investor_calculator,Taylor Brooks,Morgan Reed,New Lead,72,2026-03-08T17:32:00,2026-03-08T17:51:00,,
lead_fcee3be66d82,2026-05-15T21:00:29,Melissa,Ellison,clarkjustin@example.net,1 (504) 389-6416,Canada,Organic,Organic Content,Organic,/organic-content,organic,organic,organic_content,Alex Morgan,Morgan Reed,New Lead,58,2026-05-15T21:44:29,2026-05-15T21:17:29,,
lead_69458a337235,2026-05-29T02:44:17,Michael,Rice,nancymccarthy@example.net,1 (832) 230-7248,Canada,Google Ads,High Intent Search,Evergreen,/high-intent-search,google_ads,cpc,high_intent_search,Alex Morgan,Riley Carter,Cancelled,69,2026-05-29T03:55:17,2026-05-29T02:55:17,book_6d6a09a81ea9,
lead_25f86961153e,2026-01-11T04:35:20,Paul,Davis,robertstafford@example.net,1 (657) 458-6180,Mexico,Referral,Partner Referral,Referral,/partner-referral,referral,organic,partner_referral,Alex Morgan,Casey Bennett,New Lead,75,2026-01-11T07:24:20,2026-01-11T05:25:20,,
lead_e5a52807b658,2026-05-28T06:59:43,Melissa,Gonzalez,larrybrandt@example.net,(954) 427-8859,Mexico,Meta Ads,Evergreen Wealth,Evergreen,/evergreen-wealth,meta_ads,paid_social,evergreen_wealth,Alex Morgan,Riley Carter,No Show,64,2026-05-28T08:03:43,2026-05-28T07:32:43,book_7061a2a1527a,
lead_e4fbbd9e64ab,2026-05-27T19:02:35,Sarah,Martinez,alexissalazar@example.com,+1 (393) 259-6276,United States,Meta Ads,Investor Calculator,Evergreen,/investor-calculator,meta_ads,paid_social,investor_calculator,Alex Morgan,Riley Carter,New Lead,51,2026-05-27T21:49:35,2026-05-27T21:01:35,,
lead_f649cc8e598c,2026-01-05T13:34:44,Dominic,Perry,christopherthompson@example.com,(941) 839-9557,United States,Webinar,VIP Webinar,Webinar,/vip-webinar,webinar,organic,vip_webinar,Jordan Lee,Riley Carter,New Lead,50,2026-01-05T16:30:44,2026-01-05T14:10:44,,
lead_69fda0677443,2026-04-25T12:03:18,Lori,Maxwell,martinsuzanne@example.org,(301) 771-0629 x450,Canada,Meta Ads,Evergreen Wealth,Evergreen,/evergreen-wealth,meta_ads,paid_social,evergreen_wealth,Taylor Brooks,Casey Bennett,Consultation Showed,59,2026-04-25T12:17:18,2026-04-25T12:19:18,book_b217df545af1,
lead_18088166e188,2026-01-16T15:45:03,Kaitlyn,Guerrero,joseph35@example.net,(441) 439-1032,Mexico,Meta Ads,Mentorship VSL,Evergreen,/mentorship-vsl,meta_ads,paid_social,mentorship_vsl,Taylor Brooks,Morgan Reed,New Lead,52,2026-01-16T18:18:03,2026-01-16T17:05:03,,
lead_918b84cb590d,2026-04-15T03:00:46,Jill,Martinez,vmassey@example.com,190-667-4772 x011,Mexico,Google Ads,High Intent Search,Evergreen,/high-intent-search,google_ads,cpc,high_intent_search,Taylor Brooks,Riley Carter,New Lead,51,2026-04-15T03:06:46,2026-04-15T03:27:46,,
lead_97ce3fca409c,2026-03-14T16:22:01,Kenneth,Arnold,john78@example.org,+1 (401) 877-7953,Canada,Meta Ads,Mentorship VSL,Evergreen,/mentorship-vsl,meta_ads,paid_social,mentorship_vsl,Alex Morgan,Riley Carter,New Lead,62,2026-03-14T18:37:01,2026-03-14T16:43:01,,
lead_766416712a6f,2026-03-05T12:12:04,Michelle,Burgess,douglas53@example.net,(392) 242-5777,Canada,Meta Ads,Evergreen Wealth,Evergreen,/evergreen-wealth,meta_ads,paid_social,evergreen_wealth,Taylor Brooks,Casey Bennett,New Lead,78,2026-03-05T13:23:04,2026-03-05T12:21:04,,
lead_5867d73ae34b,2026-04-28T03:53:52,Stephen,King,dcraig@example.org,788.521.1484,United States,Google Ads,Real Estate Mentorship,Evergreen,/real-estate-mentorship,google_ads,cpc,real_estate_mentorship,Jordan Lee,Morgan Reed,Consultation Showed,69,2026-04-28T06:44:52,2026-04-28T04:12:52,book_5d6a2eec3ac7,
lead_39233131bce8,2026-03-17T05:39:26,Wanda,Perez,olopez@example.net,+1 (687) 884-2047,United States,Meta Ads,Evergreen Wealth,Evergreen,/evergreen-wealth,meta_ads,paid_social,evergreen_wealth,Alex Morgan,Morgan Reed,New Lead,68,2026-03-17T06:11:26,2026-03-17T05:50:26,,
lead_8234a3133fdb,2026-06-11T17:44:01,Rachel,Garrett,miguelshaw@example.net,1-677-069-3928,Canada,Webinar,VIP Webinar,Webinar,/vip-webinar,webinar,organic,vip_webinar,Taylor Brooks,Casey Bennett,No Show,73,2026-06-11T20:41:01,2026-06-11T18:40:01,book_d8b2df94c867,
lead_1829232ad610,2026-05-06T19:06:25,John,Brewer,hernandezteresa@example.com,1-961-679-4677,Canada,Google Ads,High Intent Search,Evergreen,/high-intent-search,google_ads,cpc,high_intent_search,Jordan Lee,Morgan Reed,New Lead,61,2026-05-06T21:51:25,2026-05-06T19:20:25,,
lead_256631416407,2026-01-03T09:36:12,Elizabeth,Jones,alewis@example.net,239.594.5921,Mexico,Organic,Organic Content,Organic,/organic-content,organic,organic,organic_content,Jordan Lee,Morgan Reed,New Lead,53,2026-01-03T10:36:12,2026-01-03T09:48:12,,
lead_ae383636ddd5,2026-05-20T19:18:00,Jennifer,Rogers,othompson@example.com,319-473-7796,Canada,Organic,Organic Content,Organic,/organic-content,organic,organic,organic_content,Jordan Lee,Riley Carter,Consultation Showed,69,2026-05-20T20:46:00,2026-05-20T20:33:00,book_422359e0c99d,
lead_45e56bc5633d,2026-04-04T05:46:49,Richard,Gonzalez,wware@example.com,179-178-2200 x810,Canada,Webinar,VIP Webinar,Webinar,/vip-webinar,webinar,organic,vip_webinar,Taylor Brooks,Morgan Reed,New Lead,51,2026-04-04T08:14:49,2026-04-04T06:19:49,,
lead_c648099f8e72,2026-06-21T17:39:37,Connor,Scott,mcontreras@example.org,+1 (525) 157-5951,Mexico,Meta Ads,Evergreen Wealth,Evergreen,/evergreen-wealth,meta_ads,paid_social,evergreen_wealth,Taylor Brooks,Morgan Reed,Consultation Showed,57,2026-06-21T17:44:37,2026-06-21T18:34:37,book_0b4afda46310,
lead_9911e788f2f2,2026-06-30T14:51:25,Michelle,Saunders,cunninghamraymond@example.org,380-045-8724,Canada,Webinar,VIP Webinar,Webinar,/vip-webinar,webinar,organic,vip_webinar,Jordan Lee,Riley Carter,New Lead,80,2026-06-30T14:56:25,2026-06-30T14:56:25,,
lead_b3eff4f9c748,2026-01-19T21:08:13,Donna,Webb,nancy96@example.com,1 (229) 483-0517,Canada,Organic,Organic Content,Organic,/organic-content,organic,organic,organic_content,Taylor Brooks,Morgan Reed,Consultation Showed,76,2026-01-19T21:26:13,2026-01-19T21:40:13,book_48f91c1f946e,
lead_336759bbb036,2026-01-15T18:38:57,Brenda,Moore,caleb34@example.org,(453) 675-7777,Canada,Direct,Direct Traffic,Evergreen,/direct-traffic,direct,organic,direct_traffic,Alex Morgan,Casey Bennett,New Lead,6,2026-01-15T19:54:57,2026-01-15T18:51:57,,
lead_03c9c4d5d7fa,2026-02-28T15:39:20,John,Bowen,paulwhitaker@example.com,(175) 031-0497 x914,Canada,Webinar,5-Day Investor Challenge,Webinar,/5-day-investor-challenge,webinar,organic,5-day_investor_challenge,Alex Morgan,Morgan Reed,Consultation Showed,72,2026-02-28T16:20:20,2026-02-28T16:20:20,book_7a92eea44d82,
lead_ef72c1d19f3c,2026-06-20T22:27:04,Thomas,Woods,michellejohnson@example.com,899.074.6669,Canada,Email Campaign,Database Reactivation,Evergreen,/database-reactivation,email_campaign,organic,database_reactivation,Alex Morgan,Morgan Reed,New Lead,42,2026-06-21T00:33:04,2026-06-20T22:35:04,,
lead_695417b4ba8d,2026-06-18T21:31:24,Marissa,Nelson,laurahurst@example.net,471.243.5668,United States,Webinar,VIP Webinar,Webinar,/vip-webinar,webinar,organic,vip_webinar,Jordan Lee,Casey Bennett,New Lead,59,2026-06-19T00:04:24,2026-06-19T02:31:24,,
lead_fb0027343857,2026-04-04T03:40:49,Kimberly,Moss,ericsherman@example.com,1 (125) 587-6735,United States,Meta Ads,Mentorship VSL,Evergreen,/mentorship-vsl,meta_ads,paid_social,mentorship_vsl,Alex Morgan,Morgan Reed,New Lead,46,2026-04-04T04:01:49,2026-04-04T04:39:49,,
lead_a77aafdd71b9,2026-03-15T06:55:41,Thomas,Castro,reesedonna@example.org,(439) 476-4612 x614,Canada,Meta Ads,Mentorship VSL,Evergreen,/mentorship-vsl,meta_ads,paid_social,mentorship_vsl,Jordan Lee,Casey Bennett,New Lead,55,2026-03-15T07:07:41,2026-03-15T07:01:41,,
lead_ee2621ed103c,2026-04-22T23:53:58,Diana,Santiago,danielberry@example.org,756-443-9095 x195,United States,Google Ads,High Intent Search,Evergreen,/high-intent-search,google_ads,cpc,high_intent_search,Jordan Lee,Riley Carter,New Lead,51,2026-04-23T00:09:58,2026-04-23T00:19:58,,
lead_af4ef0f91847,2026-02-09T08:38:38,Pamela,Morales,brownphillip@example.com,810 516 4078,Canada,Meta Ads,Investor Calculator,Evergreen,/investor-calculator,meta_ads,paid_social,investor_calculator,Jordan Lee,Morgan Reed,Consultation Showed,61,2026-02-09T09:51:38,2026-02-09T09:08:38,book_38ac4021296d,
lead_d8ecc997b9c5,2026-06-07T08:31:22,Molly,Hanna,pittsmary@example.net,313.537.3965,France,Meta Ads,Investor Calculator,Evergreen,/investor-calculator,meta_ads,paid_social,investor_calculator,Alex Morgan,Riley Carter,New Lead,37,2026-06-07T08:36:22,2026-06-07T09:00:22,,
lead_94eb04c85286,2026-04-19T12:52:10,Timothy,Fuller,kathylarson@example.net,(867) 770-5548 x990,United States,Webinar,VIP Webinar,Webinar,/vip-webinar,webinar,organic,vip_webinar,Taylor Brooks,Riley Carter,New Lead,36,2026-04-19T15:02:10,2026-04-19T13:40:10,,
lead_a336ea0a9791,2026-01-18T04:02:54,Christopher,White,mlynch@example.org,1 (448) 270-0293,Canada,Meta Ads,Investor Calculator,Evergreen,/investor-calculator,meta_ads,paid_social,investor_calculator,Jordan Lee,Riley Carter,New Lead,69,2026-01-18T06:40:54,2026-01-18T04:08:54,,
lead_3c14de75cd09,2026-06-25T02:47:23,Kimberly,Bryan,tinamyers@example.net,(974) 602-1368,United States,Meta Ads,Mentorship VSL,Evergreen,/mentorship-vsl,meta_ads,paid_social,mentorship_vsl,Taylor Brooks,Morgan Reed,Consultation Showed,56,2026-06-25T04:27:23,2026-06-25T03:36:23,book_2410f91f898c,
lead_86646d257683,2026-03-09T08:08:52,Justin,Ward,imiller@example.net,884.251.9561,Canada,Meta Ads,Mentorship VSL,Evergreen,/mentorship-vsl,meta_ads,paid_social,mentorship_vsl,Jordan Lee,Casey Bennett,New Lead,46,2026-03-09T09:57:52,2026-03-09T08:18:52,,
lead_76df3e6f7991,2026-05-29T23:56:20,Ryan,Huerta,matthew92@example.org,(455) 285-8706,Canada,Organic,Organic Content,Organic,/organic-content,organic,organic,organic_content,Taylor Brooks,Casey Bennett,New Lead,32,2026-05-30T01:15:20,2026-05-30T00:22:20,,
lead_dff20b82dee2,2026-03-11T23:15:14,Adam,Estrada,amykane@example.org,(635) 287-8971,Canada,Referral,Client Referral,Referral,/client-referral,referral,organic,client_referral,Jordan Lee,Morgan Reed,New Lead,78,2026-03-12T01:10:14,2026-03-11T23:33:14,,
lead_778850736e17,2026-05-06T08:04:51,Jessica,Lee,kevans@example.com,(247) 464-5507 x283,Canada,Meta Ads,Investor Calculator,Evergreen,/investor-calculator,meta_ads,paid_social,investor_calculator,Taylor Brooks,Riley Carter,New Lead,49,2026-05-06T10:08:51,2026-05-06T09:47:51,,
lead_011958921b57,2026-03-08T16:36:37,Katherine,Leblanc,lutzstacy@example.net,188-087-5645,Mexico,Meta Ads,Evergreen Wealth,Evergreen,/evergreen-wealth,meta_ads,paid_social,evergreen_wealth,Taylor Brooks,Morgan Reed,New Lead,26,2026-03-08T18:50:37,2026-03-08T17:36:37,,
lead_94b652f2c0b2,2026-06-15T06:24:12,Julie,Morgan,santosluke@example.org,808.867.9744,Canada,Organic,Organic Content,Organic,/organic-content,organic,organic,organic_content,Alex Morgan,Riley Carter,New Lead,44,2026-06-15T08:55:12,2026-06-15T07:20:12,,
lead_2ed77fe06297,2026-06-21T00:28:00,Ryan,Chapman,xschmidt@example.net,(866) 364-6533 x347,France,Google Ads,Real Estate Mentorship,Evergreen,/real-estate-mentorship,google_ads,cpc,real_estate_mentorship,Taylor Brooks,Morgan Reed,New Lead,53,2026-06-21T01:01:00,2026-06-21T01:10:00,,
lead_dab85a07b9c3,2026-02-19T11:04:04,Joshua,Andrews,jamesmendoza@example.org,462 819 1502,United States,Organic,Organic Content,Organic,/organic-content,organic,organic,organic_content,Alex Morgan,Riley Carter,New Lead,42,2026-02-19T13:29:04,2026-02-19T12:39:04,,
lead_8bdffbc278f1,2026-06-02T23:03:39,Todd,Clark,usanchez@example.org,1 (321) 940-5047,Canada,Meta Ads,Mentorship VSL,Evergreen,/mentorship-vsl,meta_ads,paid_social,mentorship_vsl,Jordan Lee,Riley Carter,Consultation Showed,52,2026-06-03T00:33:39,2026-06-02T23:57:39,book_24af440c145e,
lead_4f57cc5305c9,2026-04-17T11:57:55,Karen,Johnson,plin@example.net,+1 (729) 145-9773,Canada,Webinar,VIP Webinar,Webinar,/vip-webinar,webinar,organic,vip_webinar,Jordan Lee,Morgan Reed,New Lead,64,2026-04-17T13:43:55,2026-04-17T12:26:55,,
lead_d770fc596d2a,2026-05-14T13:23:04,Nicholas,Armstrong,beverly98@example.org,947-366-5397 x885,Canada,Organic,Organic Content,Organic,/organic-content,organic,organic,organic_content,Taylor Brooks,Casey Bennett,New Lead,57,2026-05-14T13:55:04,2026-05-14T13:39:04,,
lead_ac335550e24f,2026-06-23T20:05:40,Shannon,Evans,rebecca57@example.org,(719) 844-4961,United States,Meta Ads,Mentorship VSL,Evergreen,/mentorship-vsl,meta_ads,paid_social,mentorship_vsl,Taylor Brooks,Morgan Reed,New Lead,61,2026-06-23T20:58:40,2026-06-23T20:36:40,,
lead_18f2cf37aa98,2026-05-15T22:38:34,John,Cunningham,matthewking@example.com,643-721-2384 x877,Canada,Organic,Organic Content,Organic,/organic-content,organic,organic,organic_content,Jordan Lee,Casey Bennett,New Lead,70,2026-05-16T00:01:34,2026-05-15T23:13:34,,
lead_f10baa7e8acf,2026-06-08T03:49:07,Patrick,Briggs,reillykatelyn@example.net,655-798-3229 x000,Canada,Webinar,5-Day Investor Challenge,Webinar,/5-day-investor-challenge,webinar,organic,5-day_investor_challenge,Alex Morgan,Casey Bennett,Call Booked,50,2026-06-08T04:42:07,2026-06-08T04:58:07,book_c4d96f27cc01,
lead_2638a6eeb3d2,2026-06-10T17:09:33,Bridget,Flores,jodi73@example.com,1 (585) 405-9193,Canada,Meta Ads,Evergreen Wealth,Evergreen,/evergreen-wealth,meta_ads,paid_social,evergreen_wealth,Jordan Lee,Casey Bennett,New Lead,38,2026-06-10T20:08:33,2026-06-10T18:15:33,,
lead_f59fbc8bcbb1,2026-03-11T10:08:14,Kevin,Lopez,qmartinez@example.net,412-393-3065 x335,Canada,Email Campaign,Database Reactivation,Evergreen,/database-reactivation,email_campaign,organic,database_reactivation,Taylor Brooks,Riley Carter,Consultation Showed,67,2026-03-11T13:02:14,2026-03-11T11:00:14,book_80ddbd87af17,
lead_c4d489b6e5e0,2026-03-14T19:14:05,Nancy,Richardson,ledwards@example.net,(909) 628-2196 x087,Canada,Meta Ads,Investor Calculator,Evergreen,/investor-calculator,meta_ads,paid_social,investor_calculator,Taylor Brooks,Riley Carter,No Show,59,2026-03-14T20:12:05,2026-03-14T19:21:05,book_0f2c8bb4f3da,
lead_70e8c1279ab8,2026-05-12T20:54:59,Tracy,Soto,jgordon@example.org,737-630-9773 x983,France,Email Campaign,Database Reactivation,Evergreen,/database-reactivation,email_campaign,organic,database_reactivation,Jordan Lee,Casey Bennett,Consultation Showed,45,2026-05-12T23:04:59,2026-05-12T21:16:59,book_58f0a25896e1,
lead_25e6a2a3b692,2026-05-17T01:10:46,Megan,Jenkins,fsandoval@example.net,1 (750) 044-5072,Mexico,Google Ads,Real Estate Mentorship,Evergreen,/real-estate-mentorship,google_ads,cpc,real_estate_mentorship,Jordan Lee,Riley Carter,New Lead,46,2026-05-17T03:16:46,2026-05-17T02:47:46,,
lead_fe2ee18d0188,2026-05-14T17:04:02,Eric,Lynch,parksandre@example.com,(522) 652-7825,United States,Webinar,VIP Webinar,Webinar,/vip-webinar,webinar,organic,vip_webinar,Jordan Lee,Riley Carter,Consultation Showed,68,2026-05-14T19:39:02,2026-05-14T17:21:02,book_b530691057b3,
lead_c70f89ec2db0,2026-03-15T18:46:33,Paul,Smith,emily56@example.com,517.753.9872,France,Organic,Organic Content,Organic,/organic-content,organic,organic,organic_content,Alex Morgan,Casey Bennett,New Lead,54,2026-03-15T19:00:33,2026-03-15T19:43:33,,
lead_21d3cc0257c3,2026-01-17T02:38:36,Laurie,Stewart,moranbrittany@example.net,408-840-7553 x805,United States,Meta Ads,Evergreen Wealth,Evergreen,/evergreen-wealth,meta_ads,paid_social,evergreen_wealth,Taylor Brooks,Riley Carter,New Lead,65,2026-01-17T03:45:36,2026-01-17T04:02:36,,
lead_55ef361e1be9,2026-03-15T18:14:04,Judith,Morgan,hthomas@example.org,1 (707) 051-3069,Canada,Email Campaign,Database Reactivation,Evergreen,/database-reactivation,email_campaign,organic,database_reactivation,Jordan Lee,Morgan Reed,New Lead,49,2026-03-15T19:45:04,2026-03-15T18:19:04,,
lead_afdcbc38a5d1,2026-05-31T21:50:44,Shane,Brown,amandastewart@example.net,(987) 027-8537,Canada,Meta Ads,Mentorship VSL,Evergreen,/mentorship-vsl,meta_ads,paid_social,mentorship_vsl,Jordan Lee,Morgan Reed,Call Booked,65,2026-05-31T23:50:44,2026-05-31T22:11:44,book_5b6edfb4476e,
lead_b7ff603941a0,2026-04-26T05:34:47,Kelli,Rodriguez,kylewalker@example.org,930-639-0858 x306,United States,Meta Ads,Evergreen Wealth,Evergreen,/evergreen-wealth,meta_ads,paid_social,evergreen_wealth,Taylor Brooks,Casey Bennett,New Lead,98,2026-04-26T08:31:47,2026-04-26T05:38:47,,
lead_0518a5bbbff6,2026-03-31T22:34:30,Jose,Morse,tiffanycoleman@example.net,167.238.6656,United States,Meta Ads,Evergreen Wealth,Evergreen,/evergreen-wealth,meta_ads,paid_social,evergreen_wealth,Jordan Lee,Riley Carter,New Lead,59,2026-03-31T23:49:30,2026-03-31T23:24:30,,
lead_9a1728da8707,2026-02-19T04:01:03,Sarah,Wells,wendy59@example.com,135-410-5772 x504,Canada,Referral,Partner Referral,Referral,/partner-referral,referral,organic,partner_referral,Taylor Brooks,Casey Bennett,New Lead,100,2026-02-19T06:35:03,2026-02-19T05:26:03,,
lead_8cc739dbb38c,2026-02-26T23:17:38,Harold,Barker,johnsonamber@example.com,1 (887) 235-7845,Canada,Meta Ads,Investor Calculator,Evergreen,/investor-calculator,meta_ads,paid_social,investor_calculator,Taylor Brooks,Casey Bennett,New Lead,72,2026-02-27T00:03:38,2026-02-27T00:23:38,,
lead_f6e3794f34d8,2026-06-12T14:26:51,Crystal,Williams,hernandezshelly@example.org,1-715-074-9316,Canada,Google Ads,High Intent Search,Evergreen,/high-intent-search,google_ads,cpc,high_intent_search,Jordan Lee,Morgan Reed,New Lead,55,2026-06-12T14:50:51,2026-06-12T15:02:51,,
lead_a59b99cf5796,2026-06-06T15:58:22,Alexander,Lambert,hmiranda@example.org,1 (656) 613-4047,Mexico,Meta Ads,Mentorship VSL,Evergreen,/mentorship-vsl,meta_ads,paid_social,mentorship_vsl,Jordan Lee,Morgan Reed,New Lead,44,2026-06-06T18:50:22,2026-06-06T16:20:22,,
lead_12af1e4ba0e9,2026-03-08T00:50:34,Brandon,Williams,matthew40@example.net,(592) 270-6990 x649,Canada,Meta Ads,Evergreen Wealth,Evergreen,/evergreen-wealth,meta_ads,paid_social,evergreen_wealth,Jordan Lee,Morgan Reed,New Lead,36,2026-03-08T03:49:34,2026-03-08T01:09:34,,
lead_29f93db57795,2026-01-20T17:12:00,Cindy,Rivera,jocelyn80@example.net,(563) 836-4722,Canada,Webinar,5-Day Investor Challenge,Webinar,/5-day-investor-challenge,webinar,organic,5-day_investor_challenge,Taylor Brooks,Riley Carter,Consultation Showed,40,2026-01-20T17:59:00,2026-01-20T17:43:00,book_225614952c9f,
lead_9fdeffa924c1,2026-04-07T08:12:22,Michael,Wise,washingtonalexandria@example.org,(451) 424-4966,United States,Organic,Organic Content,Organic,/organic-content,organic,organic,organic_content,Jordan Lee,Morgan Reed,New Lead,56,2026-04-07T09:50:22,2026-04-07T08:50:22,,
lead_6ec63eb63c0e,2026-05-04T06:31:53,Emily,Johnson,blairjordan@example.org,(704) 886-7251 x409,Canada,Referral,Client Referral,Referral,/client-referral,referral,organic,client_referral,Jordan Lee,Morgan Reed,No Show,59,2026-05-04T08:55:53,2026-05-04T07:08:53,book_cfedb9d455d1,
lead_1326e42aeb3f,2026-05-17T07:46:46,Daniel,Kim,fclark@example.org,(216) 688-1303 x846,Canada,Meta Ads,Mentorship VSL,Evergreen,/mentorship-vsl,meta_ads,paid_social,mentorship_vsl,Alex Morgan,Casey Bennett,New Lead,74,2026-05-17T09:39:46,2026-05-17T14:14:46,,
lead_7292fb02c368,2026-04-03T03:54:54,Erin,Dunn,brian64@example.com,1-466-257-3125,Canada,Webinar,VIP Webinar,Webinar,/vip-webinar,webinar,organic,vip_webinar,Alex Morgan,Morgan Reed,Consultation Showed,71,2026-04-03T05:41:54,2026-04-03T04:06:54,book_3921f616483e,
lead_e5c4326700fa,2026-01-17T18:32:54,Robert,Martinez,cwatkins@example.com,129 579 4745,Canada,Meta Ads,Evergreen Wealth,Evergreen,/evergreen-wealth,meta_ads,paid_social,evergreen_wealth,Alex Morgan,Casey Bennett,New Lead,41,2026-01-17T21:03:54,2026-01-17T18:52:54,,
lead_2ce80ec22c8d,2026-04-19T05:31:31,Angela,Mccoy,owilson@example.net,(215) 716-0426,Canada,Referral,Client Referral,Referral,/client-referral,referral,organic,client_referral,Taylor Brooks,Morgan Reed,New Lead,74,2026-04-19T06:43:31,2026-04-19T05:42:31,,
lead_d4e901ae4d22,2026-04-19T16:14:07,Joseph,Odonnell,seth65@example.org,1-341-526-4458,Canada,Organic,Organic Content,Organic,/organic-content,organic,organic,organic_content,Alex Morgan,Casey Bennett,No Show,73,2026-04-19T16:29:07,2026-04-19T16:33:07,book_bde7c92112e7,
lead_1b4219187c19,2026-03-17T20:50:22,Carol,Moody,jessica54@example.org,337.804.9876,Canada,Meta Ads,Mentorship VSL,Evergreen,/mentorship-vsl,meta_ads,paid_social,mentorship_vsl,Taylor Brooks,Morgan Reed,New Lead,79,2026-03-17T20:57:22,2026-03-17T22:03:22,,
lead_95af0e2efdf6,2026-02-21T15:07:32,Andrew,Lopez,seanwheeler@example.com,742 760 7414,Canada,Meta Ads,Mentorship VSL,Evergreen,/mentorship-vsl,meta_ads,paid_social,mentorship_vsl,Jordan Lee,Morgan Reed,New Lead,65,2026-02-21T17:41:32,2026-02-21T15:23:32,,
lead_42b5a020e99b,2026-06-17T02:37:11,Jose,Hines,adam26@example.net,235.342.5556,Mexico,Meta Ads,Evergreen Wealth,Evergreen,/evergreen-wealth,meta_ads,paid_social,evergreen_wealth,Alex Morgan,Riley Carter,New Lead,49,2026-06-17T04:44:11,2026-06-17T03:31:11,,
lead_1653b0bf6be0,2026-02-11T13:52:59,Angela,Thomas,fcortez@example.org,(841) 551-0954 x252,Canada,Organic,Organic Content,Organic,/organic-content,organic,organic,organic_content,Taylor Brooks,Riley Carter,New Lead,83,2026-02-11T14:22:59,2026-02-11T14:09:59,,
lead_50a9cb1bfeac,2026-01-29T08:55:59,Matthew,Richardson,dixonjoshua@example.net,507 271 2633,Canada,Referral,Partner Referral,Referral,/partner-referral,referral,organic,partner_referral,Taylor Brooks,Morgan Reed,Consultation Showed,77,2026-01-29T11:50:59,2026-01-29T09:34:59,book_4746e9e9a503,
lead_5a8d59b511eb,2026-04-03T18:11:21,Antonio,Beck,tracymayer@example.net,(326) 727-3326,France,Webinar,5-Day Investor Challenge,Webinar,/5-day-investor-challenge,webinar,organic,5-day_investor_challenge,Alex Morgan,Riley Carter,New Lead,48,2026-04-03T20:27:21,2026-04-03T18:28:21,,
lead_aed1c3cf7da3,2026-05-27T07:09:45,Shane,Moon,bgonzales@example.net,1 (588) 194-6877,Mexico,Meta Ads,Mentorship VSL,Evergreen,/mentorship-vsl,meta_ads,paid_social,mentorship_vsl,Jordan Lee,Morgan Reed,New Lead,55,2026-05-27T08:59:45,2026-05-27T07:29:45,,
lead_1ddb676e1ab4,2026-01-12T14:05:47,Brandy,Hernandez,joseph93@example.org,(167) 572-6684,Canada,Webinar,VIP Webinar,Webinar,/vip-webinar,webinar,organic,vip_webinar,Jordan Lee,Casey Bennett,New Lead,67,2026-01-12T16:00:47,2026-01-12T14:19:47,,
lead_851319acfae3,2026-05-22T01:42:47,Renee,Rivera,cbanks@example.net,(132) 031-6131 x779,Canada,Meta Ads,Mentorship VSL,Evergreen,/mentorship-vsl,meta_ads,paid_social,mentorship_vsl,Taylor Brooks,Morgan Reed,New Lead,39,2026-05-22T03:22:47,2026-05-22T01:50:47,,
lead_b5eb3af69516,2026-04-04T02:00:23,Matthew,Turner,angelaferguson@example.org,(915) 180-1664,Mexico,Webinar,5-Day Investor Challenge,Webinar,/5-day-investor-challenge,webinar,organic,5-day_investor_challenge,Taylor Brooks,Casey Bennett,New Lead,76,2026-04-04T04:42:23,2026-04-04T02:56:23,,
lead_4e8e227f60ce,2026-02-16T20:43:43,Lisa,Moore,dtaylor@example.org,(488) 953-1154,Canada,Referral,Partner Referral,Referral,/partner-referral,referral,organic,partner_referral,Jordan Lee,Morgan Reed,Consultation Showed,51,2026-02-16T23:21:43,2026-02-16T21:07:43,book_a3ddc311f892,
lead_0deb351ee2d2,2026-03-23T00:50:08,Anna,Stephens,wardjohn@example.org,1 (491) 066-0862,Canada,Google Ads,High Intent Search,Evergreen,/high-intent-search,google_ads,cpc,high_intent_search,Taylor Brooks,Morgan Reed,New Lead,51,2026-03-23T01:11:08,2026-03-23T01:04:08,,
lead_88a66d442ac5,2026-03-13T18:05:35,Jennifer,Gomez,randy26@example.net,924 789 2251,Canada,Webinar,5-Day Investor Challenge,Webinar,/5-day-investor-challenge,webinar,organic,5-day_investor_challenge,Jordan Lee,Riley Carter,New Lead,82,2026-03-13T19:21:35,2026-03-13T19:00:35,,
lead_599f5f70b930,2026-02-28T22:23:52,Victoria,Thomas,gnixon@example.org,1 (606) 210-8401,United States,Webinar,VIP Webinar,Webinar,/vip-webinar,webinar,organic,vip_webinar,Jordan Lee,Casey Bennett,New Lead,49,2026-03-01T00:45:52,2026-02-28T22:45:52,,
lead_b676fc022b61,2026-05-28T01:49:20,Michelle,Richard,bleblanc@example.com,798 109 9752,United States,Organic,Organic Content,Organic,/organic-content,organic,organic,organic_content,Taylor Brooks,Riley Carter,New Lead,44,2026-05-28T04:24:20,2026-05-28T02:30:20,,
lead_9a97d985e12a,2026-04-02T03:13:38,Amanda,Barnes,brandon83@example.com,(916) 821-4073 x730,Canada,Organic,Organic Content,Organic,/organic-content,organic,organic,organic_content,Jordan Lee,Casey Bennett,Consultation Showed,78,2026-04-02T04:44:38,2026-04-02T03:34:38,book_76f9912a7912,
lead_ead7693263a0,2026-02-18T20:30:29,Gina,Chavez,karen90@example.org,892-005-6260,Canada,Organic,Organic Content,Organic,/organic-content,organic,organic,organic_content,Jordan Lee,Casey Bennett,New Lead,59,2026-02-18T23:16:29,2026-02-18T21:34:29,,
lead_00bb32a6a9c4,2026-03-02T18:55:34,Adrian,Thompson,travis85@example.net,298-889-2132 x738,Mexico,Organic,Organic Content,Organic,/organic-content,organic,organic,organic_content,Taylor Brooks,Morgan Reed,Call Booked,61,2026-03-02T20:22:34,2026-03-02T19:06:34,book_24fbd30bca8d,
lead_79e2e41b5231,2026-02-07T06:04:10,Pamela,Crosby,caitlinmckenzie@example.org,497 254 0149,Canada,Google Ads,Real Estate Mentorship,Evergreen,/real-estate-mentorship,google_ads,cpc,real_estate_mentorship,Jordan Lee,Casey Bennett,New Lead,50,2026-02-07T07:34:10,2026-02-07T07:21:10,,
lead_9506fd8640a0,2026-05-11T00:57:23,Andrea,Sampson,tracy54@example.org,188.645.9478,Canada,Meta Ads,Investor Calculator,Evergreen,/investor-calculator,meta_ads,paid_social,investor_calculator,Taylor Brooks,Morgan Reed,New Lead,77,2026-05-11T03:50:23,2026-05-11T02:34:23,,
lead_cda4df33408f,2026-02-06T21:18:21,Brian,Cervantes,jilladams@example.com,(166) 983-7555,United States,Webinar,VIP Webinar,Webinar,/vip-webinar,webinar,organic,vip_webinar,Taylor Brooks,Riley Carter,New Lead,71,2026-02-07T00:18:21,2026-02-06T23:23:21,,
lead_0ac2c2c2eb81,2026-06-04T23:05:32,Joshua,Hull,amberward@example.org,670-990-3172 x113,Canada,Organic,Organic Content,Organic,/organic-content,organic,organic,organic_content,Alex Morgan,Morgan Reed,New Lead,79,2026-06-05T01:08:32,2026-06-04T23:57:32,,
lead_286dc194f9a0,2026-05-05T00:04:12,Victoria,Mann,campbelljason@example.org,1 (769) 640-1014,Canada,Webinar,VIP Webinar,Webinar,/vip-webinar,webinar,organic,vip_webinar,Taylor Brooks,Casey Bennett,New Lead,59,2026-05-05T01:12:12,2026-05-05T00:51:12,,
lead_c0a381f468ce,2026-06-07T04:54:16,Anthony,Tanner,vanessasellers@example.com,706 226 0931,Canada,Meta Ads,Mentorship VSL,Evergreen,/mentorship-vsl,meta_ads,paid_social,mentorship_vsl,Jordan Lee,Casey Bennett,New Lead,61,2026-06-07T07:06:16,2026-06-07T05:17:16,,
lead_05e761e3ee83,2026-04-15T08:30:20,Julia,Anderson,oross@example.org,261.408.2310,Canada,Webinar,VIP Webinar,Webinar,/vip-webinar,webinar,organic,vip_webinar,Taylor Brooks,Morgan Reed,Consultation Showed,65,2026-04-15T10:02:20,2026-04-15T08:41:20,book_26a467c64b86,
lead_e0694f00db25,2026-06-07T21:23:18,Thomas,Vazquez,guzmanbrandi@example.com,140-519-9508 x190,France,Meta Ads,Investor Calculator,Evergreen,/investor-calculator,meta_ads,paid_social,investor_calculator,Alex Morgan,Morgan Reed,Consultation Showed,21,2026-06-07T23:48:18,2026-06-07T22:42:18,book_78e6217e0726,
lead_07fc59a4d74b,2026-06-30T03:53:16,Mckenzie,Sherman,robert73@example.net,1 (426) 359-5176,Canada,Meta Ads,Investor Calculator,Evergreen,/investor-calculator,meta_ads,paid_social,investor_calculator,Taylor Brooks,Riley Carter,New Lead,74,2026-06-30T06:04:16,2026-06-30T05:46:16,,
lead_849a7497764d,2026-02-08T16:17:33,Michael,Baker,denisejohnson@example.net,186 710 6656,Canada,Webinar,VIP Webinar,Webinar,/vip-webinar,webinar,organic,vip_webinar,Jordan Lee,Riley Carter,New Lead,76,2026-02-08T17:30:33,2026-02-08T16:39:33,,
lead_5a14caf2c1d7,2026-04-03T12:02:11,Gary,Perkins,michaelgriffin@example.com,1-414-905-7175,Canada,Direct,Direct Traffic,Evergreen,/direct-traffic,direct,organic,direct_traffic,Alex Morgan,Morgan Reed,New Lead,77,2026-04-03T13:58:11,2026-04-03T12:35:11,,
lead_66d5cc9923eb,2026-05-28T14:26:11,Edward,Reeves,rbenson@example.com,261 587 8989,Canada,Meta Ads,Investor Calculator,Evergreen,/investor-calculator,meta_ads,paid_social,investor_calculator,Alex Morgan,Casey Bennett,New Lead,34,2026-05-28T14:44:11,2026-05-28T15:38:11,,
lead_27ff9763bb75,2026-02-22T02:54:04,Richard,Chandler,coreyarellano@example.com,511.424.1248,United States,Meta Ads,Mentorship VSL,Evergreen,/mentorship-vsl,meta_ads,paid_social,mentorship_vsl,Taylor Brooks,Riley Carter,New Lead,54,2026-02-22T03:31:04,2026-02-22T03:46:04,,
lead_254554b76715,2026-06-23T01:48:46,Virginia,Eaton,egonzales@example.net,(671) 741-9066,Canada,Google Ads,High Intent Search,Evergreen,/high-intent-search,google_ads,cpc,high_intent_search,Alex Morgan,Morgan Reed,New Lead,45,2026-06-23T04:42:46,2026-06-23T02:23:46,,
lead_3d859cfa2050,2026-05-20T17:26:54,Kyle,Raymond,danielsthomas@example.org,(740) 117-6170,Canada,Meta Ads,Mentorship VSL,Evergreen,/mentorship-vsl,meta_ads,paid_social,mentorship_vsl,Alex Morgan,Morgan Reed,New Lead,72,2026-05-20T18:41:54,2026-05-20T19:40:54,,
lead_c913fd0c0b6b,2026-04-21T19:16:06,Damon,Santos,wilsonemily@example.com,(683) 181-7203,Mexico,Meta Ads,Mentorship VSL,Evergreen,/mentorship-vsl,meta_ads,paid_social,mentorship_vsl,Jordan Lee,Morgan Reed,New Lead,36,2026-04-21T20:29:06,2026-04-21T19:34:06,,
lead_4f93f191ef56,2026-04-24T10:11:47,Theodore,James,bgreen@example.org,254.260.7824,United States,Meta Ads,Mentorship VSL,Evergreen,/mentorship-vsl,meta_ads,paid_social,mentorship_vsl,Alex Morgan,Casey Bennett,New Lead,64,2026-04-24T11:37:47,2026-04-24T10:35:47,,
lead_dcf3f8310ad3,2026-01-04T09:16:44,David,Berg,josephbarker@example.com,914.754.6624,Canada,Meta Ads,Mentorship VSL,Evergreen,/mentorship-vsl,meta_ads,paid_social,mentorship_vsl,Taylor Brooks,Riley Carter,Consultation Showed,77,2026-01-04T10:02:44,2026-01-04T09:56:44,book_c8acaf910fd5,
lead_8ccca883ac0e,2026-06-07T04:46:40,Dustin,Perez,newmanpatricia@example.com,611 684 6038,Canada,Direct,Direct Traffic,Evergreen,/direct-traffic,direct,organic,direct_traffic,Alex Morgan,Casey Bennett,New Lead,72,2026-06-07T06:55:40,2026-06-07T05:48:40,,
lead_e7f49ecc006a,2026-04-29T08:58:31,Corey,Miles,johncalhoun@example.com,+1 (452) 174-6453,Mexico,Meta Ads,Investor Calculator,Evergreen,/investor-calculator,meta_ads,paid_social,investor_calculator,Alex Morgan,Casey Bennett,New Lead,35,2026-04-29T09:45:31,2026-04-29T09:41:31,,
lead_c2144dd079d1,2026-05-11T07:50:23,Corey,Hamilton,beverly50@example.com,754-113-7134,Canada,Meta Ads,Evergreen Wealth,Evergreen,/evergreen-wealth,meta_ads,paid_social,evergreen_wealth,Taylor Brooks,Casey Bennett,New Lead,74,2026-05-11T09:13:23,2026-05-11T08:18:23,,
lead_9151d93a69a0,2026-01-20T11:44:32,Julia,Clarke,shermanalexander@example.com,(990) 786-9576 x018,Canada,Google Ads,High Intent Search,Evergreen,/high-intent-search,google_ads,cpc,high_intent_search,Jordan Lee,Casey Bennett,Consultation Showed,65,2026-01-20T12:09:32,2026-01-20T12:15:32,book_905ae795fe78,
lead_3075dcb1ffb6,2026-06-15T04:01:11,Jeremy,Smith,dominguezmarcus@example.com,1-874-733-4359,United States,Meta Ads,Investor Calculator,Evergreen,/investor-calculator,meta_ads,paid_social,investor_calculator,Alex Morgan,Riley Carter,New Lead,41,2026-06-15T06:43:11,2026-06-15T04:26:11,,
lead_1ad8a2c5cfff,2026-06-21T05:30:54,John,Blake,qjohnson@example.com,(852) 531-7504 x093,Canada,Webinar,5-Day Investor Challenge,Webinar,/5-day-investor-challenge,webinar,organic,5-day_investor_challenge,Taylor Brooks,Casey Bennett,New Lead,72,2026-06-21T08:27:54,2026-06-21T06:00:54,,
lead_6a8372404e43,2026-04-09T13:23:52,Andrew,Barr,holmeschristine@example.net,840-952-9055 x095,Canada,Meta Ads,Investor Calculator,Evergreen,/investor-calculator,meta_ads,paid_social,investor_calculator,Jordan Lee,Riley Carter,Consultation Showed,53,2026-04-09T16:05:52,2026-04-09T13:42:52,book_f58b30a47b8f,
lead_67b58d6c4957,2026-05-17T14:20:39,Sandra,Hernandez,schmidtsergio@example.org,+1 (268) 063-9924,United States,Meta Ads,Evergreen Wealth,Evergreen,/evergreen-wealth,meta_ads,paid_social,evergreen_wealth,Taylor Brooks,Riley Carter,New Lead,75,2026-05-17T14:44:39,2026-05-17T14:35:39,,
lead_d209a238a75e,2026-02-10T05:18:00,Ronald,Reid,carlsonmichelle@example.org,+1 (927) 890-8806,Canada,Google Ads,Real Estate Mentorship,Evergreen,/real-estate-mentorship,google_ads,cpc,real_estate_mentorship,Jordan Lee,Casey Bennett,New Lead,80,2026-02-10T06:18:00,2026-02-10T05:44:00,,
lead_d48e1c904ba0,2026-06-24T11:05:33,Lauren,Davis,hernandezelizabeth@example.org,795-928-2233 x125,Canada,Meta Ads,Investor Calculator,Evergreen,/investor-calculator,meta_ads,paid_social,investor_calculator,Jordan Lee,Morgan Reed,New Lead,55,2026-06-24T12:09:33,2026-06-24T12:57:33,,
lead_3ad3af9e523a,2026-05-06T08:08:31,Todd,Taylor,summersjeanette@example.org,(856) 162-7141 x342,Canada,Referral,Partner Referral,Referral,/partner-referral,referral,organic,partner_referral,Alex Morgan,Casey Bennett,New Lead,34,2026-05-06T08:29:31,2026-05-06T08:22:31,,
lead_24acfa5e7a82,2026-03-15T23:27:11,Denise,Simpson,jamessantos@example.org,442-142-0942 x079,Canada,Organic,Organic Content,Organic,/organic-content,organic,organic,organic_content,Taylor Brooks,Casey Bennett,New Lead,35,2026-03-15T23:37:11,2026-03-15T23:37:11,,
lead_238fc39275cd,2026-03-26T22:15:22,Peggy,Green,debra71@example.net,1-625-059-2530,Canada,Webinar,5-Day Investor Challenge,Webinar,/5-day-investor-challenge,webinar,organic,5-day_investor_challenge,Jordan Lee,Casey Bennett,Consultation Showed,68,2026-03-26T23:25:22,2026-03-26T23:54:22,book_d7aafde80019,
lead_516a8fca1e9f,2026-04-03T22:06:53,Michael,Allison,zsnyder@example.net,(364) 273-7957,Canada,Email Campaign,Database Reactivation,Evergreen,/database-reactivation,email_campaign,organic,database_reactivation,Taylor Brooks,Riley Carter,New Lead,21,2026-04-03T22:51:53,2026-04-03T22:51:53,,
lead_282ecece7f86,2026-06-14T06:11:29,Jeffrey,Griffith,hendersonerin@example.org,492 135 1113,France,Organic,Organic Content,Organic,/organic-content,organic,organic,organic_content,Jordan Lee,Morgan Reed,New Lead,72,2026-06-14T06:25:29,2026-06-14T06:23:29,,
lead_5ee09cea145a,2026-05-18T07:20:45,Brent,Johnson,jacob02@example.com,+1 (394) 841-2322,Canada,Webinar,5-Day Investor Challenge,Webinar,/5-day-investor-challenge,webinar,organic,5-day_investor_challenge,Taylor Brooks,Riley Carter,New Lead,65,2026-05-18T08:05:45,2026-05-18T08:01:45,,
lead_953007c43ed6,2026-04-12T23:51:37,Jeremy,Jackson,grantkristen@example.net,1 (170) 943-9137,Canada,Meta Ads,Evergreen Wealth,Evergreen,/evergreen-wealth,meta_ads,paid_social,evergreen_wealth,Jordan Lee,Morgan Reed,New Lead,83,2026-04-13T01:01:37,2026-04-13T00:43:37,,
lead_1f4c39d6cfde,2026-06-19T03:11:41,Tracey,Proctor,nbenjamin@example.com,913 168 2260,Canada,Webinar,VIP Webinar,Webinar,/vip-webinar,webinar,organic,vip_webinar,Jordan Lee,Morgan Reed,New Lead,68,2026-06-19T04:03:41,2026-06-19T03:38:41,,
lead_78dfcd914734,2026-06-19T06:55:46,Adam,Cowan,seanwatson@example.net,(917) 844-9883,United States,Organic,Organic Content,Organic,/organic-content,organic,organic,organic_content,Taylor Brooks,Riley Carter,New Lead,95,2026-06-19T07:23:46,2026-06-19T07:33:46,,
lead_10bc55652a4b,2026-02-25T23:18:34,Aaron,Wallace,tracey73@example.net,313.370.4946,Canada,Webinar,5-Day Investor Challenge,Webinar,/5-day-investor-challenge,webinar,organic,5-day_investor_challenge,Jordan Lee,Morgan Reed,New Lead,78,2026-02-26T01:43:34,2026-02-25T23:24:34,,
lead_751718143043,2026-04-28T00:28:46,Kevin,Diaz,anthony70@example.org,1 (235) 588-2348,Canada,Meta Ads,Evergreen Wealth,Evergreen,/evergreen-wealth,meta_ads,paid_social,evergreen_wealth,Alex Morgan,Casey Bennett,New Lead,66,2026-04-28T00:52:46,2026-04-28T00:58:46,,
lead_a73c260d43a5,2026-04-14T16:24:10,Elizabeth,Maxwell,contreraslisa@example.net,(985) 028-4779,United States,Webinar,5-Day Investor Challenge,Webinar,/5-day-investor-challenge,webinar,organic,5-day_investor_challenge,Taylor Brooks,Casey Bennett,New Lead,66,2026-04-14T17:00:10,2026-04-14T16:43:10,,
lead_0da22ee79b57,2026-04-14T15:01:24,Kathryn,Nixon,odoyle@example.com,156.415.3307,Canada,Webinar,5-Day Investor Challenge,Webinar,/5-day-investor-challenge,webinar,organic,5-day_investor_challenge,Alex Morgan,Casey Bennett,New Lead,100,2026-04-14T15:53:24,2026-04-14T15:59:24,,
lead_d17079c2776a,2026-04-10T15:53:57,Patrick,Butler,qbrown@example.net,+1 (633) 119-1611,Canada,Webinar,VIP Webinar,Webinar,/vip-webinar,webinar,organic,vip_webinar,Alex Morgan,Casey Bennett,Call Booked,53,2026-04-10T16:03:57,2026-04-10T16:56:57,book_88c892602d18,
