opportunity_id,lead_id,created_at,pipeline_name,stage_name,assigned_user,status,monetary_value,last_stage_change_at,days_in_pipeline,lost_reason
opp_e8d1da90ac20,lead_c61bcd13b740,2026-04-09T03:07:34,Evergreen Sales,Cancelled,Riley Carter,Open,0.0,2026-04-18T03:07:34,73,
opp_52d6fc39616b,lead_32506dfbfe1e,2026-02-12T19:19:39,Referral Sales,Contact Attempted,Morgan Reed,Open,0.0,2026-03-10T19:19:39,112,
opp_c31fbdb86496,lead_0675edea68ea,2026-02-23T22:58:27,Referral Sales,Closed Won,Morgan Reed,Won,5000.0,2026-03-22T22:58:27,100,
opp_b1bcd126d615,lead_83383b0cc4b5,2026-03-11T16:57:54,Evergreen Sales,Contacted,Riley Carter,Open,0.0,2026-03-19T16:57:54,103,
opp_04080398b3a0,lead_f40226e1ce71,2026-06-29T02:12:28,Evergreen Sales,Contacted,Riley Carter,Open,0.0,2026-07-11T02:12:28,0,
opp_35198e1fc3f7,lead_6e896c166c67,2026-04-23T02:39:21,Organic Sales,Follow Up,Riley Carter,Open,0.0,2026-05-05T02:39:21,56,
opp_933d078eab81,lead_4d75ca0a3d0f,2026-01-16T11:51:27,Evergreen Sales,Contact Attempted,Casey Bennett,Open,0.0,2026-01-21T11:51:27,160,
opp_6689396d2353,lead_fc1d034718c0,2026-02-01T14:01:22,Evergreen Sales,Contact Attempted,Casey Bennett,Open,0.0,2026-02-27T14:01:22,123,
opp_fe386d336194,lead_c6e316956cea,2026-04-29T06:45:22,Referral Sales,Contact Attempted,Morgan Reed,Open,0.0,2026-04-30T06:45:22,61,
opp_4f9af2d33103,lead_54f4b31c8829,2026-02-22T10:02:52,Evergreen Sales,Follow Up,Riley Carter,Open,0.0,2026-03-07T10:02:52,115,
opp_cdf78fd1d6c4,lead_c3bfd218e246,2026-02-14T11:26:28,Evergreen Sales,Contact Attempted,Casey Bennett,Open,0.0,2026-02-14T11:26:28,136,
opp_fdcbfeda0b81,lead_1cf664ff6300,2026-06-20T04:10:08,Evergreen Sales,Contact Attempted,Casey Bennett,Open,0.0,2026-07-18T04:10:08,0,
opp_b15d031311fb,lead_75a4e70017de,2026-01-28T17:49:47,Webinar Sales,Closed Lost,Riley Carter,Lost,0.0,2026-02-03T17:49:47,147,Unable to contact
opp_936a5942afe7,lead_f1eb778c0ad0,2026-06-24T08:09:28,Organic Sales,Contacted,Morgan Reed,Open,0.0,2026-07-21T08:09:28,0,
opp_6a3fe3ad5f7a,lead_14160444461c,2026-05-27T18:12:00,Organic Sales,Contacted,Riley Carter,Open,0.0,2026-06-02T18:12:00,28,
opp_a0783f89cb80,lead_cce39f1314cb,2026-03-23T23:24:28,Evergreen Sales,Contacted,Riley Carter,Open,0.0,2026-03-29T23:24:28,93,
opp_adfbd2ada49f,lead_2668f4eeae80,2026-04-18T10:13:10,Evergreen Sales,Contacted,Riley Carter,Open,0.0,2026-05-18T10:13:10,43,
opp_dccb1074e93e,lead_abad57f08f49,2026-05-30T05:55:46,Webinar Sales,Contact Attempted,Casey Bennett,Open,0.0,2026-06-14T05:55:46,16,
opp_3b0e3e363718,lead_e9c93e0d5e04,2026-05-21T05:11:34,Evergreen Sales,Contact Attempted,Riley Carter,Open,0.0,2026-05-25T05:11:34,36,
opp_123ebb21d98d,lead_72a0e615f388,2026-06-13T10:27:48,Evergreen Sales,Follow Up,Morgan Reed,Open,0.0,2026-06-17T10:27:48,13,
opp_2ae5eba53fcc,lead_7c6f40866264,2026-04-15T17:41:18,Evergreen Sales,Contact Attempted,Casey Bennett,Open,0.0,2026-05-01T17:41:18,60,
opp_9f0fade99daa,lead_42bc5fed90bb,2026-06-30T09:54:48,Organic Sales,Contacted,Morgan Reed,Open,0.0,2026-07-16T09:54:48,0,
opp_e5b62760dda3,lead_d79282978f7f,2026-01-16T07:02:04,Evergreen Sales,Closed Lost,Riley Carter,Lost,0.0,2026-02-04T07:02:04,146,Unable to contact
opp_40d7b1fcedc3,lead_8dbbd56f5f30,2026-05-09T02:39:42,Webinar Sales,Closed Lost,Casey Bennett,Lost,750.0,2026-06-03T02:39:42,27,Financing unavailable
opp_0ec3d199b1cf,lead_f036df89c72e,2026-02-11T03:03:04,Organic Sales,Closed Lost,Morgan Reed,Lost,0.0,2026-02-16T03:03:04,134,No budget
opp_624386681564,lead_c55756496007,2026-05-11T10:17:17,Webinar Sales,Closed Lost,Casey Bennett,Lost,10000.0,2026-06-04T10:17:17,26,Chose competitor
opp_9df5a66c207d,lead_b245d10466fe,2026-01-13T10:22:56,Evergreen Sales,Contacted,Morgan Reed,Open,0.0,2026-02-12T10:22:56,138,
opp_75e0a4fa3257,lead_ddba5b73366f,2026-01-14T18:51:06,Organic Sales,Closed Lost,Morgan Reed,Lost,0.0,2026-02-07T18:51:06,143,Not interested
opp_009f6082717a,lead_b2792f99cc65,2026-04-10T20:08:28,Webinar Sales,Contact Attempted,Morgan Reed,Open,0.0,2026-04-28T20:08:28,63,
opp_313d060a907e,lead_5a47f1fbcda7,2026-02-17T04:26:57,Organic Sales,Disqualified,Morgan Reed,Lost,0.0,2026-02-19T04:26:57,131,Low intent
opp_2e37fc92d4fe,lead_31c46083842e,2026-03-10T19:08:46,Evergreen Sales,Contacted,Morgan Reed,Open,0.0,2026-03-23T19:08:46,99,
opp_a0c63636d281,lead_0753a959d3c3,2026-01-12T18:28:31,Referral Sales,Closed Lost,Morgan Reed,Lost,0.0,2026-02-05T18:28:31,145,Not interested
opp_0bbc77d252b6,lead_50ae02d83aa7,2026-03-29T02:41:26,Evergreen Sales,Contacted,Casey Bennett,Open,0.0,2026-04-19T02:41:26,72,
opp_1318162228bd,lead_b42603f5bf83,2026-03-28T01:08:20,Evergreen Sales,Contact Attempted,Riley Carter,Open,0.0,2026-04-07T01:08:20,84,
opp_8ccd3fa3446e,lead_220ff67afbd1,2026-06-29T21:10:58,Webinar Sales,Disqualified,Casey Bennett,Lost,0.0,2026-06-30T21:10:58,0,Low intent
opp_743c30cd21e6,lead_b3bc4fff056b,2026-06-25T05:41:18,Evergreen Sales,Contacted,Casey Bennett,Open,0.0,2026-07-10T05:41:18,0,
opp_cacb2b9007e2,lead_affb28cd6cb7,2026-02-25T09:21:27,Evergreen Sales,Closed Lost,Riley Carter,Lost,0.0,2026-03-08T09:21:27,114,Cancelled
opp_750eec95d0e2,lead_c2163c5ef16b,2026-01-31T01:24:19,Referral Sales,Follow Up,Riley Carter,Open,0.0,2026-02-13T01:24:19,137,
opp_a13c9e2c2e5c,lead_7ce78c717015,2026-05-26T05:49:07,Webinar Sales,Closed Won,Casey Bennett,Won,750.0,2026-06-22T05:49:07,8,
opp_d0c52df119c1,lead_208720f04d03,2026-01-12T01:04:40,Organic Sales,Contact Attempted,Morgan Reed,Open,0.0,2026-02-08T01:04:40,142,
opp_f712a6bcd278,lead_87a39f3b1a31,2026-03-20T09:43:49,Organic Sales,Closed Lost,Morgan Reed,Lost,2500.0,2026-04-15T09:43:49,76,Financing unavailable
opp_8efbf4aff732,lead_2f75adb7e022,2026-05-01T06:31:37,Organic Sales,Contacted,Riley Carter,Open,0.0,2026-05-31T06:31:37,30,
opp_46a2596f64ac,lead_879b139afbaf,2026-02-09T15:55:00,Organic Sales,Closed Lost,Casey Bennett,Lost,0.0,2026-02-24T15:55:00,126,Unable to contact
opp_87242a428162,lead_0cb18390a3c3,2026-03-30T18:49:15,Evergreen Sales,Contact Attempted,Morgan Reed,Open,0.0,2026-04-25T18:49:15,66,
opp_6d591e67ec26,lead_c77ba42efeb2,2026-01-15T05:25:10,Evergreen Sales,Contacted,Morgan Reed,Open,0.0,2026-01-26T05:25:10,155,
opp_b079433433ed,lead_8626fbc38071,2026-06-20T17:41:46,Evergreen Sales,Contact Attempted,Casey Bennett,Open,0.0,2026-07-05T17:41:46,0,
opp_77057d254740,lead_6bf4dc431066,2026-04-29T18:37:29,Webinar Sales,Cancelled,Riley Carter,Open,0.0,2026-05-02T18:37:29,59,
opp_e56b74a08f0e,lead_cef0fc92a674,2026-01-21T02:44:53,Evergreen Sales,Call Booked,Riley Carter,Open,0.0,2026-01-24T02:44:53,157,
opp_27d861d3baa5,lead_776d77506b9c,2026-02-24T17:04:45,Organic Sales,Follow Up,Morgan Reed,Open,0.0,2026-03-09T17:04:45,113,
opp_d13d56625a22,lead_4d887a9e87c6,2026-04-09T03:22:36,Referral Sales,Contact Attempted,Morgan Reed,Open,0.0,2026-05-03T03:22:36,58,
opp_63682d9307f3,lead_c4b963dd2009,2026-01-09T13:27:33,Referral Sales,Disqualified,Riley Carter,Lost,0.0,2026-01-28T13:27:33,153,Wrong timing
opp_950488ceb627,lead_b47670642364,2026-05-24T22:23:11,Evergreen Sales,Disqualified,Riley Carter,Lost,0.0,2026-06-01T22:23:11,29,Insufficient capital
opp_675fe2f6aadd,lead_251db90176f8,2026-06-21T11:34:26,Evergreen Sales,Contact Attempted,Riley Carter,Open,0.0,2026-06-22T11:34:26,8,
opp_a6dd824571dc,lead_38a3ee13cfc7,2026-01-25T17:56:21,Organic Sales,Closed Lost,Casey Bennett,Lost,0.0,2026-02-24T17:56:21,126,Timing
opp_bf3d61efa53c,lead_4d3342d59615,2026-05-10T12:08:05,Evergreen Sales,Contact Attempted,Casey Bennett,Open,0.0,2026-06-09T12:08:05,21,
opp_bb3f99808445,lead_ee6fbf557625,2026-06-29T18:22:19,Evergreen Sales,Contact Attempted,Casey Bennett,Open,0.0,2026-07-05T18:22:19,0,
opp_129f8ef0fab8,lead_446e59bda472,2026-06-29T12:25:23,Evergreen Sales,Follow Up,Riley Carter,Open,0.0,2026-07-24T12:25:23,0,
opp_6376b51c31ad,lead_67ae4cacd1f9,2026-02-21T19:24:17,Webinar Sales,Follow Up,Casey Bennett,Open,0.0,2026-02-21T19:24:17,129,
opp_a977376492ec,lead_9d3a18b9d67c,2026-02-13T04:36:58,Webinar Sales,Follow Up,Casey Bennett,Open,0.0,2026-03-15T04:36:58,107,
opp_8260a78f387f,lead_b80db3406499,2026-02-13T06:53:56,Evergreen Sales,Closed Lost,Casey Bennett,Lost,0.0,2026-02-13T06:53:56,137,No budget
opp_a842ebdbaccd,lead_1a77989a3285,2026-05-31T03:57:48,Evergreen Sales,Contacted,Casey Bennett,Open,0.0,2026-06-05T03:57:48,25,
opp_c7019e6f4f81,lead_d5642ae98c01,2026-01-06T08:37:40,Referral Sales,Contact Attempted,Morgan Reed,Open,0.0,2026-01-14T08:37:40,167,
opp_af0d1b930b24,lead_f523575cce2e,2026-01-08T10:17:29,Organic Sales,Closed Lost,Riley Carter,Lost,0.0,2026-01-10T10:17:29,171,Unable to contact
opp_878cd7d2e99d,lead_07a2be307dbc,2026-04-28T17:08:16,Webinar Sales,Closed Lost,Morgan Reed,Lost,0.0,2026-05-25T17:08:16,36,Timing
opp_f661449a5336,lead_33b8bd766370,2026-03-26T16:10:31,Evergreen Sales,Contacted,Riley Carter,Open,0.0,2026-04-23T16:10:31,68,
opp_2aac4e098b59,lead_0ec3864add7e,2026-03-12T17:23:42,Webinar Sales,Contacted,Casey Bennett,Open,0.0,2026-03-12T17:23:42,110,
opp_006f49b225a6,lead_137aca77a265,2026-05-20T18:17:52,Referral Sales,Contacted,Casey Bennett,Open,0.0,2026-06-14T18:17:52,16,
opp_fec0d5b8d9f5,lead_bece13d22e08,2026-02-27T09:51:11,Evergreen Sales,Contacted,Riley Carter,Open,0.0,2026-03-11T09:51:11,111,
opp_3bf7c3a91941,lead_cc6443f74eb3,2026-04-30T12:30:26,Evergreen Sales,Contacted,Morgan Reed,Open,0.0,2026-05-14T12:30:26,47,
opp_339c8aea1e2b,lead_eb33027ea102,2026-03-25T11:25:26,Evergreen Sales,Contacted,Casey Bennett,Open,0.0,2026-03-26T11:25:26,96,
opp_cbae6a04312a,lead_b2e8029cb9b2,2026-04-10T06:14:36,Evergreen Sales,Closed Lost,Morgan Reed,Lost,0.0,2026-05-01T06:14:36,60,Unable to contact
opp_dfdaae7ab357,lead_295be59f15ea,2026-04-11T02:10:49,Referral Sales,Contact Attempted,Morgan Reed,Open,0.0,2026-04-20T02:10:49,71,
opp_ae00c8ea4a5a,lead_3c08311025fc,2026-05-11T15:27:18,Webinar Sales,Follow Up,Morgan Reed,Open,0.0,2026-05-17T15:27:18,44,
opp_4a351170293d,lead_bc6141780394,2026-04-03T06:17:45,Evergreen Sales,Contact Attempted,Casey Bennett,Open,0.0,2026-04-29T06:17:45,62,
opp_3a593b44ea1d,lead_9156dd1e6535,2026-05-20T11:44:04,Evergreen Sales,Contacted,Morgan Reed,Open,0.0,2026-05-28T11:44:04,33,
opp_cd42b70f4a05,lead_f171021da4a4,2026-06-23T08:05:46,Referral Sales,Contact Attempted,Morgan Reed,Open,0.0,2026-07-05T08:05:46,0,
opp_83880da4c8a2,lead_2f482b918cd5,2026-01-10T18:02:04,Webinar Sales,Closed Lost,Casey Bennett,Lost,0.0,2026-02-06T18:02:04,144,Timing
opp_41a3bf0e8376,lead_d452ecc215e6,2026-05-10T15:08:15,Evergreen Sales,Contact Attempted,Casey Bennett,Open,0.0,2026-05-15T15:08:15,46,
opp_4dc9f6900af2,lead_1c085b0c8e87,2026-04-29T23:10:00,Evergreen Sales,Contact Attempted,Casey Bennett,Open,0.0,2026-05-24T23:10:00,37,
opp_ec405e338c03,lead_6bcf87cfacff,2026-03-29T09:28:37,Webinar Sales,Contacted,Casey Bennett,Open,0.0,2026-04-05T09:28:37,86,
opp_b119bf75a968,lead_57f3b26a2711,2026-05-02T16:51:33,Webinar Sales,Cancelled,Riley Carter,Open,0.0,2026-05-02T16:51:33,59,
opp_4b4f9754445f,lead_5bda1b829290,2026-03-07T05:09:46,Evergreen Sales,Contact Attempted,Morgan Reed,Open,0.0,2026-04-06T05:09:46,85,
opp_6c56ed4f0ab9,lead_cbdc26ed002c,2026-05-15T18:02:25,Evergreen Sales,Contact Attempted,Casey Bennett,Open,0.0,2026-06-07T18:02:25,23,
opp_f9ef9232ff55,lead_3b4042bd0637,2026-03-22T17:38:54,Evergreen Sales,Closed Lost,Casey Bennett,Lost,0.0,2026-04-20T17:38:54,71,No Show
opp_b38183049420,lead_8690a92c817f,2026-06-16T08:39:38,Webinar Sales,Closed Lost,Casey Bennett,Lost,4750.0,2026-06-17T08:39:38,13,Chose competitor
opp_a934354522b9,lead_52810bb47e56,2026-06-15T17:21:20,Evergreen Sales,Closed Lost,Riley Carter,Lost,0.0,2026-06-25T17:21:20,5,Not interested
opp_792f6958f810,lead_15fd6105ee7f,2026-04-05T19:18:51,Webinar Sales,Closed Lost,Morgan Reed,Lost,9750.0,2026-04-28T19:18:51,63,Partner approval
opp_40c8f57ad3af,lead_4406ac882228,2026-05-21T14:55:47,Evergreen Sales,No Show,Riley Carter,Open,0.0,2026-05-26T14:55:47,35,
opp_07c9f0763549,lead_6d1c5379fefc,2026-04-25T22:25:12,Organic Sales,Closed Won,Riley Carter,Won,4500.0,2026-04-27T22:25:12,64,
opp_90130de66710,lead_4db9685b5e5d,2026-02-05T06:55:07,Evergreen Sales,No Show,Morgan Reed,Open,0.0,2026-03-01T06:55:07,121,
opp_3d608877ecd0,lead_04d944c5c35f,2026-05-28T19:35:15,Evergreen Sales,Closed Lost,Casey Bennett,Lost,0.0,2026-06-10T19:35:15,20,No Show
opp_7d1c24e9da3a,lead_4fe75fa59cc5,2026-01-04T18:19:57,Webinar Sales,Contact Attempted,Morgan Reed,Open,0.0,2026-01-30T18:19:57,151,
opp_6a4404e90eb9,lead_ea9a56b0bbf4,2026-05-27T10:58:53,Referral Sales,Cancelled,Morgan Reed,Open,0.0,2026-06-09T10:58:53,21,
opp_54df967eff24,lead_dadb44070fc4,2026-01-25T12:13:56,Referral Sales,Closed Lost,Morgan Reed,Lost,9500.0,2026-02-14T12:13:56,136,Needs more time
opp_cc0e29c4b9c9,lead_becac4c6c5f2,2026-05-29T22:00:15,Organic Sales,Contacted,Riley Carter,Open,0.0,2026-06-09T22:00:15,21,
opp_2412c603b1bd,lead_661e3ccd6f49,2026-03-02T09:32:47,Webinar Sales,Closed Lost,Riley Carter,Lost,4750.0,2026-03-20T09:32:47,102,Partner approval
opp_8028513bcba7,lead_f64659372698,2026-03-19T00:32:37,Referral Sales,Closed Lost,Riley Carter,Lost,0.0,2026-04-11T00:32:37,80,Cancelled
opp_9294bc4b1392,lead_326270e029c9,2026-05-31T00:01:18,Evergreen Sales,Contact Attempted,Morgan Reed,Open,0.0,2026-06-27T00:01:18,3,
opp_c0e2b715851b,lead_fd8089dcdbc9,2026-03-09T10:05:12,Webinar Sales,Contacted,Morgan Reed,Open,0.0,2026-03-18T10:05:12,104,
opp_824242839ac2,lead_b02535e5a8bd,2026-01-03T10:57:47,Organic Sales,Follow Up,Casey Bennett,Open,0.0,2026-01-16T10:57:47,165,
opp_3564a240ac84,lead_4ceb4dfea4e3,2026-05-18T08:17:49,Evergreen Sales,Contact Attempted,Riley Carter,Open,0.0,2026-06-11T08:17:49,19,
opp_65dd10b61386,lead_4d8f10ca077e,2026-04-30T14:21:34,Evergreen Sales,Closed Lost,Casey Bennett,Lost,0.0,2026-05-27T14:21:34,34,Unable to contact
opp_f1cc6465d8c9,lead_90ef07a83f20,2026-03-04T14:02:53,Webinar Sales,Closed Lost,Casey Bennett,Lost,0.0,2026-03-21T14:02:53,101,Unable to contact
opp_3cbee0d74aa8,lead_b969d66cc1aa,2026-05-26T17:28:22,Webinar Sales,No Show,Casey Bennett,Open,0.0,2026-06-13T17:28:22,17,
opp_3c15d81007a0,lead_813623b443fc,2026-06-15T05:43:39,Evergreen Sales,Follow Up,Casey Bennett,Open,0.0,2026-07-12T05:43:39,0,
opp_8a2b9a94e9fc,lead_e30422b72cf6,2026-02-24T07:18:10,Webinar Sales,Follow Up,Riley Carter,Open,0.0,2026-02-25T07:18:10,125,
opp_6e690f805260,lead_591a73815baf,2026-01-17T14:59:07,Evergreen Sales,Closed Lost,Riley Carter,Lost,0.0,2026-02-10T14:59:07,140,No budget
opp_6a0a3e3d87f4,lead_7aa307e034d6,2026-05-06T10:07:32,Webinar Sales,Contacted,Morgan Reed,Open,0.0,2026-05-30T10:07:32,31,
opp_a062cf724cd1,lead_a5a4ea35b5b1,2026-05-15T07:57:42,Evergreen Sales,Contacted,Casey Bennett,Open,0.0,2026-05-24T07:57:42,37,
opp_a98a137379c5,lead_1d6c6e4a5236,2026-03-24T14:59:29,Organic Sales,Contacted,Casey Bennett,Open,0.0,2026-03-31T14:59:29,91,
opp_b7eb6994a3aa,lead_215f8aa2124b,2026-02-14T18:23:06,Evergreen Sales,Follow Up,Morgan Reed,Open,0.0,2026-02-22T18:23:06,128,
opp_dc37574718c8,lead_2d5906f13e9c,2026-02-07T04:38:44,Webinar Sales,Contacted,Riley Carter,Open,0.0,2026-02-25T04:38:44,125,
opp_eb4474f385c0,lead_e53d9f431e1b,2026-01-20T12:29:08,Organic Sales,Follow Up,Morgan Reed,Open,0.0,2026-02-07T12:29:08,143,
opp_bd5a5b994ebb,lead_4de0b07dbd83,2026-04-14T17:14:59,Evergreen Sales,Closed Lost,Riley Carter,Lost,0.0,2026-05-12T17:14:59,49,Not interested
opp_307138a72e2f,lead_6d27dff5cfc7,2026-05-04T20:41:16,Evergreen Sales,Closed Lost,Riley Carter,Lost,10000.0,2026-05-11T20:41:16,50,Price
opp_1a1572c8c83e,lead_370766e697b5,2026-03-27T12:44:00,Evergreen Sales,Follow Up,Casey Bennett,Open,0.0,2026-03-31T12:44:00,91,
opp_c8c1f64f2903,lead_3e112a1b367f,2026-01-23T03:41:04,Evergreen Sales,Contact Attempted,Riley Carter,Open,0.0,2026-02-17T03:41:04,133,
opp_bd2aea74fe34,lead_e56357468efb,2026-01-30T11:05:56,Referral Sales,Disqualified,Morgan Reed,Lost,0.0,2026-02-26T11:05:56,124,Insufficient capital
opp_59a987b5dd9e,lead_67c9f25ee375,2026-04-19T08:48:31,Evergreen Sales,Contact Attempted,Morgan Reed,Open,0.0,2026-04-29T08:48:31,62,
opp_19340999475f,lead_ca1f26ab775d,2026-03-29T11:32:58,Webinar Sales,Contacted,Casey Bennett,Open,0.0,2026-04-23T11:32:58,68,
opp_b265254a8250,lead_0ce99bea29d3,2026-01-12T16:41:36,Evergreen Sales,Closed Lost,Morgan Reed,Lost,0.0,2026-02-09T16:41:36,141,Timing
opp_fb6728db074c,lead_e4658e1810da,2026-05-09T05:49:05,Referral Sales,Closed Lost,Riley Carter,Lost,5000.0,2026-05-27T05:49:05,34,Financing unavailable
opp_98fc4f0cc0a6,lead_6f298ea66771,2026-03-21T07:49:47,Evergreen Sales,Closed Won,Casey Bennett,Won,2500.0,2026-04-09T07:49:47,82,
opp_d3b7256f63c0,lead_27fea87458ca,2026-05-18T06:39:10,Evergreen Sales,Follow Up,Morgan Reed,Open,0.0,2026-06-16T06:39:10,14,
opp_ac5b2beb5632,lead_2d52e97df627,2026-06-02T23:32:40,Referral Sales,Closed Lost,Casey Bennett,Lost,0.0,2026-06-15T23:32:40,15,Unable to contact
opp_51422e5d231d,lead_9f54c7072353,2026-05-06T18:11:47,Evergreen Sales,Contact Attempted,Morgan Reed,Open,0.0,2026-05-17T18:11:47,44,
opp_7829b246e594,lead_f5070c87c400,2026-04-26T13:06:22,Evergreen Sales,Contact Attempted,Morgan Reed,Open,0.0,2026-05-19T13:06:22,42,
opp_e0c5b725eedf,lead_591f24dcb8f0,2026-05-16T20:59:43,Organic Sales,Follow Up,Riley Carter,Open,0.0,2026-06-05T20:59:43,25,
opp_5a3f35ff6497,lead_472c8cc01307,2026-04-27T03:03:10,Organic Sales,Contacted,Casey Bennett,Open,0.0,2026-05-01T03:03:10,60,
opp_c4d5c2f932ef,lead_fb1d99275e49,2026-01-18T17:36:50,Organic Sales,Follow Up,Riley Carter,Open,0.0,2026-02-12T17:36:50,138,
opp_14982f11bd56,lead_932ecbe724d6,2026-04-22T21:30:20,Evergreen Sales,Closed Lost,Casey Bennett,Lost,0.0,2026-04-30T21:30:20,61,Unable to contact
opp_68843197671b,lead_a6922ecf5433,2026-06-27T21:12:31,Organic Sales,Contacted,Casey Bennett,Open,0.0,2026-07-11T21:12:31,0,
opp_2362f78eb32b,lead_d830bb0e3f1f,2026-01-18T17:13:13,Referral Sales,Contact Attempted,Casey Bennett,Open,0.0,2026-02-11T17:13:13,139,
opp_50ae6f5e3ee1,lead_550d271ea067,2026-03-06T00:59:47,Referral Sales,Contacted,Riley Carter,Open,0.0,2026-03-16T00:59:47,106,
opp_6fd877f444ed,lead_511bdbe3e7b0,2026-03-30T07:38:32,Evergreen Sales,Closed Won,Morgan Reed,Won,10000.0,2026-04-18T07:38:32,73,
opp_cf3eb90d6d2e,lead_4f2e5c8af303,2026-06-17T22:46:31,Evergreen Sales,Contact Attempted,Riley Carter,Open,0.0,2026-06-19T22:46:31,11,
opp_f8bf38770325,lead_ba2db8a7b042,2026-03-22T05:52:23,Webinar Sales,Closed Won,Riley Carter,Won,10000.0,2026-03-31T05:52:23,91,
opp_04ccd7171cc7,lead_2d6014ff9e4d,2026-05-28T13:48:45,Webinar Sales,Closed Lost,Morgan Reed,Lost,0.0,2026-06-24T13:48:45,6,No Show
opp_51ca05ad40bc,lead_eac07efd04ff,2026-06-21T01:02:33,Evergreen Sales,Contact Attempted,Riley Carter,Open,0.0,2026-06-23T01:02:33,7,
opp_68bab120655c,lead_c3efe69f568e,2026-03-02T08:12:02,Webinar Sales,Contact Attempted,Morgan Reed,Open,0.0,2026-03-30T08:12:02,92,
opp_5c625fd1519e,lead_3f7e57aaf177,2026-03-31T14:30:10,Evergreen Sales,Contacted,Casey Bennett,Open,0.0,2026-04-19T14:30:10,72,
opp_f5abddd6a6b6,lead_9ec2f5d9d1ba,2026-04-09T19:30:55,Evergreen Sales,Contact Attempted,Casey Bennett,Open,0.0,2026-04-12T19:30:55,79,
opp_15dc53b8886a,lead_5c977252a47b,2026-01-29T02:04:49,Evergreen Sales,Contact Attempted,Riley Carter,Open,0.0,2026-02-03T02:04:49,147,
opp_9118300669ea,lead_3c4090bfd6b9,2026-06-17T18:39:26,Webinar Sales,Contacted,Casey Bennett,Open,0.0,2026-06-19T18:39:26,11,
opp_9c2467c59453,lead_1218c3be219d,2026-06-09T08:02:15,Evergreen Sales,Contact Attempted,Riley Carter,Open,0.0,2026-06-12T08:02:15,18,
opp_c6f2a1a1eb2a,lead_47979f7b9617,2026-06-18T00:24:23,Organic Sales,Contacted,Casey Bennett,Open,0.0,2026-06-25T00:24:23,5,
opp_6088b6d84678,lead_e37518f6abbd,2026-03-15T05:55:34,Evergreen Sales,Contacted,Riley Carter,Open,0.0,2026-03-19T05:55:34,103,
opp_d0c4db101746,lead_0ac730390a82,2026-02-15T08:28:47,Evergreen Sales,Contacted,Casey Bennett,Open,0.0,2026-03-14T08:28:47,108,
opp_a32968a9138e,lead_f24e99a5c971,2026-03-16T23:15:26,Referral Sales,Contact Attempted,Morgan Reed,Open,0.0,2026-03-31T23:15:26,91,
opp_4f3901cb1e14,lead_ec53325d3c0b,2026-01-25T12:21:00,Organic Sales,Contacted,Morgan Reed,Open,0.0,2026-02-15T12:21:00,135,
opp_90bbb8749ffc,lead_7cf01b4f0599,2026-01-20T08:41:24,Webinar Sales,Contacted,Riley Carter,Open,0.0,2026-02-09T08:41:24,141,
opp_e5f70d34b4fd,lead_171bdd87a5c1,2026-01-30T23:22:31,Evergreen Sales,Contact Attempted,Casey Bennett,Open,0.0,2026-02-07T23:22:31,143,
opp_9a51154ac4ae,lead_064c13a3433b,2026-05-07T04:27:29,Referral Sales,Contacted,Riley Carter,Open,0.0,2026-06-04T04:27:29,26,
opp_639d6994733e,lead_0678dc1bde47,2026-05-02T17:05:45,Evergreen Sales,Closed Lost,Riley Carter,Lost,0.0,2026-05-24T17:05:45,37,Timing
opp_aa441244e4bb,lead_7ba47ffc202c,2026-05-13T21:31:59,Evergreen Sales,Contact Attempted,Morgan Reed,Open,0.0,2026-05-16T21:31:59,45,
opp_0b70da05432b,lead_34854fbc36f3,2026-05-28T15:34:46,Evergreen Sales,Follow Up,Casey Bennett,Open,0.0,2026-06-21T15:34:46,9,
opp_887a9bb5ce4d,lead_723be7a4609e,2026-06-25T10:15:40,Evergreen Sales,Contact Attempted,Casey Bennett,Open,0.0,2026-06-25T10:15:40,5,
opp_b15fb1120e16,lead_518c6034690e,2026-01-29T06:24:15,Evergreen Sales,Contacted,Riley Carter,Open,0.0,2026-02-03T06:24:15,147,
opp_ed32a383b02c,lead_6acd6d980c12,2026-02-03T23:52:56,Webinar Sales,Contact Attempted,Riley Carter,Open,0.0,2026-03-03T23:52:56,119,
opp_43582c6c9a47,lead_e66a5151ce4d,2026-06-27T06:05:29,Referral Sales,Closed Won,Riley Carter,Won,10000.0,2026-07-05T06:05:29,0,
opp_2f239f9cc19a,lead_adc48cea47cf,2026-05-10T11:42:10,Evergreen Sales,Follow Up,Casey Bennett,Open,0.0,2026-06-01T11:42:10,29,
opp_1ea453b3dd80,lead_e5fad74b4e4c,2026-01-15T08:13:17,Referral Sales,Contact Attempted,Casey Bennett,Open,0.0,2026-01-25T08:13:17,156,
opp_6cb113945e84,lead_92949b298df0,2026-05-15T01:05:38,Referral Sales,Closed Lost,Morgan Reed,Lost,0.0,2026-05-25T01:05:38,36,Not interested
opp_0df600f4a4db,lead_e45417b1cecd,2026-01-21T17:02:24,Evergreen Sales,Contacted,Riley Carter,Open,0.0,2026-02-13T17:02:24,137,
opp_ff21847454b1,lead_d4bf95f4402a,2026-02-27T07:52:30,Evergreen Sales,Closed Lost,Casey Bennett,Lost,10000.0,2026-03-02T07:52:30,120,Chose competitor
opp_26ab8211a3fa,lead_1c3f2bea8735,2026-06-17T23:30:22,Evergreen Sales,Contact Attempted,Riley Carter,Open,0.0,2026-07-14T23:30:22,0,
opp_5d7fe7888d4e,lead_935b46af9dea,2026-05-31T15:12:53,Webinar Sales,Contact Attempted,Morgan Reed,Open,0.0,2026-06-29T15:12:53,1,
opp_2a13001988fd,lead_ff7075be2ab6,2026-05-12T14:36:40,Referral Sales,Closed Lost,Riley Carter,Lost,0.0,2026-06-01T14:36:40,29,Timing
opp_76f3ee3edfff,lead_9bf11f945a97,2026-05-06T12:09:56,Evergreen Sales,Contacted,Morgan Reed,Open,0.0,2026-05-25T12:09:56,36,
opp_ebd678099499,lead_d94faf03dc13,2026-01-18T12:03:07,Organic Sales,Contacted,Morgan Reed,Open,0.0,2026-01-29T12:03:07,152,
opp_3ff39ecdd047,lead_9ca1e4f8b184,2026-06-20T04:36:08,Evergreen Sales,Call Booked,Morgan Reed,Open,0.0,2026-06-28T04:36:08,2,
opp_9a5dfe7fa991,lead_a9ab332c6226,2026-06-06T14:30:31,Evergreen Sales,Closed Lost,Morgan Reed,Lost,0.0,2026-07-03T14:30:31,0,Unable to contact
opp_6a61c2b223ff,lead_de6e3cd6b1c8,2026-01-28T07:58:30,Organic Sales,Contact Attempted,Riley Carter,Open,0.0,2026-02-13T07:58:30,137,
opp_52f234e3eca4,lead_7c7e662d2889,2026-01-18T12:50:30,Evergreen Sales,Contacted,Morgan Reed,Open,0.0,2026-02-09T12:50:30,141,
opp_099007421b8e,lead_bea0908fe0d9,2026-04-24T12:14:50,Evergreen Sales,Contacted,Morgan Reed,Open,0.0,2026-05-14T12:14:50,47,
opp_1df09444cea4,lead_5e3509c950d1,2026-01-05T20:37:23,Referral Sales,Contacted,Casey Bennett,Open,0.0,2026-01-15T20:37:23,166,
opp_fd972679c6cd,lead_e312f38e4de0,2026-05-06T18:16:43,Evergreen Sales,Contacted,Riley Carter,Open,0.0,2026-05-23T18:16:43,38,
opp_0a3ed313f9e4,lead_64daac98b093,2026-01-23T15:44:57,Evergreen Sales,Follow Up,Casey Bennett,Open,0.0,2026-02-10T15:44:57,140,
opp_0ada23f14ef6,lead_d9fcaf66cebd,2026-01-19T20:56:51,Evergreen Sales,Contacted,Casey Bennett,Open,0.0,2026-02-17T20:56:51,133,
opp_fee6273a3b5b,lead_ce6938f3f4c4,2026-04-25T01:12:15,Evergreen Sales,Contacted,Morgan Reed,Open,0.0,2026-05-04T01:12:15,57,
opp_f10f64149c76,lead_200f23ddb945,2026-02-24T07:41:00,Webinar Sales,Contact Attempted,Casey Bennett,Open,0.0,2026-03-11T07:41:00,111,
opp_f34f26e598a3,lead_32ea7c9b098e,2026-06-16T02:41:12,Evergreen Sales,Contact Attempted,Casey Bennett,Open,0.0,2026-06-29T02:41:12,1,
opp_5a3032275fd9,lead_7e3714e7b005,2026-01-12T18:11:01,Organic Sales,Contacted,Casey Bennett,Open,0.0,2026-01-24T18:11:01,157,
opp_a370825fc3dd,lead_724472588a3e,2026-05-05T14:33:34,Evergreen Sales,Contacted,Morgan Reed,Open,0.0,2026-05-11T14:33:34,50,
opp_c73482fbee49,lead_0ab915634986,2026-01-25T10:50:52,Webinar Sales,Closed Lost,Morgan Reed,Lost,9750.0,2026-02-22T10:50:52,128,Needs more time
opp_85a6a17400e7,lead_5595af2fdff0,2026-03-05T19:11:54,Organic Sales,Contact Attempted,Morgan Reed,Open,0.0,2026-03-08T19:11:54,114,
opp_d55423988b90,lead_f5975704f1d5,2026-01-26T05:48:26,Evergreen Sales,Contacted,Morgan Reed,Open,0.0,2026-02-14T05:48:26,136,
opp_15180dd86e9f,lead_91d86366b3bb,2026-01-26T14:14:51,Referral Sales,Contact Attempted,Riley Carter,Open,0.0,2026-01-31T14:14:51,150,
opp_020780464d27,lead_49b745f992ff,2026-02-21T12:42:08,Evergreen Sales,Closed Won,Riley Carter,Won,5000.0,2026-03-15T12:42:08,107,
opp_ddd33a3340d4,lead_efc345c58c34,2026-04-03T11:28:01,Evergreen Sales,Contacted,Riley Carter,Open,0.0,2026-04-19T11:28:01,72,
opp_7b478c33816b,lead_3a5047d75d66,2026-02-13T00:29:48,Evergreen Sales,No Show,Riley Carter,Open,0.0,2026-02-24T00:29:48,126,
opp_51d6ae5a7fc5,lead_1bb0cd1db64b,2026-01-07T01:10:21,Evergreen Sales,Follow Up,Casey Bennett,Open,0.0,2026-01-23T01:10:21,158,
opp_19652a1b7eea,lead_e28d02874e1d,2026-05-19T08:01:50,Referral Sales,Call Booked,Casey Bennett,Open,0.0,2026-06-11T08:01:50,19,
opp_bb3ccc443906,lead_f285b0d7a100,2026-01-25T12:05:43,Organic Sales,Follow Up,Riley Carter,Open,0.0,2026-02-11T12:05:43,139,
opp_5b97493ff352,lead_6e214eed0ab4,2026-04-27T00:02:52,Webinar Sales,Contact Attempted,Riley Carter,Open,0.0,2026-05-21T00:02:52,40,
opp_78dd4360ad92,lead_5622c471aabd,2026-06-15T14:18:07,Evergreen Sales,Call Booked,Riley Carter,Open,0.0,2026-06-28T14:18:07,2,
opp_97907d427152,lead_f26e35a04e11,2026-03-29T16:23:54,Webinar Sales,Contacted,Casey Bennett,Open,0.0,2026-04-20T16:23:54,71,
opp_1a5b230aa5d3,lead_0ecce7e4d349,2026-03-02T16:34:51,Evergreen Sales,Contact Attempted,Casey Bennett,Open,0.0,2026-03-06T16:34:51,116,
opp_41b153f92e60,lead_c5710408c040,2026-01-14T00:51:50,Evergreen Sales,Closed Lost,Casey Bennett,Lost,0.0,2026-01-19T00:51:50,162,No budget
opp_439befa7fccd,lead_2351fcbce156,2026-03-14T08:39:36,Evergreen Sales,Contact Attempted,Riley Carter,Open,0.0,2026-03-26T08:39:36,96,
opp_a799fc15d1ee,lead_ffc878735fb9,2026-03-21T18:30:25,Organic Sales,Contact Attempted,Riley Carter,Open,0.0,2026-04-11T18:30:25,80,
opp_07d93f2fc6c1,lead_a6b4c53f41cc,2026-04-27T14:06:49,Evergreen Sales,Contact Attempted,Riley Carter,Open,0.0,2026-05-02T14:06:49,59,
opp_88bb6f6268c6,lead_53577fee8dc5,2026-04-04T15:09:55,Evergreen Sales,Follow Up,Riley Carter,Open,0.0,2026-05-03T15:09:55,58,
opp_a8488377b2d1,lead_0ea2166e8a17,2026-04-22T11:29:59,Evergreen Sales,Contacted,Riley Carter,Open,0.0,2026-05-16T11:29:59,45,
opp_8e66735c4396,lead_62269698a970,2026-04-29T06:07:19,Organic Sales,Disqualified,Morgan Reed,Lost,0.0,2026-05-09T06:07:19,52,Low intent
opp_0fd1852399b5,lead_c61113b68318,2026-05-29T01:05:09,Evergreen Sales,Contact Attempted,Morgan Reed,Open,0.0,2026-06-03T01:05:09,27,
opp_a51bd0721368,lead_474ef3e7cd61,2026-04-20T23:14:51,Evergreen Sales,Follow Up,Riley Carter,Open,0.0,2026-04-25T23:14:51,66,
opp_f7fa38b1b75b,lead_382ec92af127,2026-01-18T19:37:18,Referral Sales,Closed Lost,Casey Bennett,Lost,0.0,2026-01-29T19:37:18,152,Unable to contact
opp_3dfded5597d6,lead_9fe69786446f,2026-03-02T12:20:07,Evergreen Sales,Follow Up,Riley Carter,Open,0.0,2026-03-19T12:20:07,103,
opp_8255fa8ef37b,lead_9cf1f6c833eb,2026-01-31T05:03:17,Evergreen Sales,Contacted,Riley Carter,Open,0.0,2026-02-23T05:03:17,127,
opp_973688f0e50f,lead_6d316c53f7c2,2026-05-09T12:51:28,Evergreen Sales,No Show,Casey Bennett,Open,0.0,2026-06-07T12:51:28,23,
opp_2be1074309d6,lead_97b1ac032d82,2026-01-23T02:25:40,Evergreen Sales,Contacted,Riley Carter,Open,0.0,2026-01-28T02:25:40,153,
opp_c7c55eb6a25f,lead_487055e2a833,2026-04-13T07:41:27,Referral Sales,Closed Lost,Casey Bennett,Lost,5000.0,2026-04-22T07:41:27,69,Financing unavailable
opp_28eb4507989e,lead_63714a715649,2026-01-02T11:49:27,Evergreen Sales,Closed Lost,Morgan Reed,Lost,0.0,2026-01-22T11:49:27,159,Not interested
opp_cc3ebd2f61a0,lead_f3022e29d42c,2026-03-05T17:09:39,Webinar Sales,Call Booked,Casey Bennett,Open,0.0,2026-03-30T17:09:39,92,
opp_41b134faa916,lead_9bb443ada9cd,2026-04-14T10:00:49,Evergreen Sales,Follow Up,Casey Bennett,Open,0.0,2026-04-19T10:00:49,72,
opp_d33360ea6a69,lead_8a7dcedfabce,2026-01-09T05:08:34,Evergreen Sales,Closed Lost,Casey Bennett,Lost,0.0,2026-01-17T05:08:34,164,Not interested
opp_d3687032951e,lead_ff80f117b094,2026-05-18T18:30:17,Organic Sales,Closed Lost,Casey Bennett,Lost,0.0,2026-06-06T18:30:17,24,Unable to contact
opp_531f5d4d7afe,lead_060c6b4925e9,2026-02-03T08:59:13,Evergreen Sales,Contacted,Casey Bennett,Open,0.0,2026-02-22T08:59:13,128,
opp_5ff8abb70032,lead_dfec030b21b9,2026-02-17T05:56:13,Evergreen Sales,Contact Attempted,Morgan Reed,Open,0.0,2026-03-02T05:56:13,120,
opp_4304b2c7fc1f,lead_a607b8af6026,2026-05-25T19:42:08,Evergreen Sales,Contacted,Morgan Reed,Open,0.0,2026-06-20T19:42:08,10,
opp_793889f73c10,lead_e6a56f8b6d0e,2026-04-14T00:47:51,Organic Sales,Closed Lost,Casey Bennett,Lost,5000.0,2026-04-15T00:47:51,76,Needs more time
opp_f734c92af84b,lead_cbfc3ff272ce,2026-02-15T21:05:33,Webinar Sales,Contacted,Morgan Reed,Open,0.0,2026-03-13T21:05:33,109,
opp_c5e0b153f53a,lead_e0aad9a872cb,2026-02-04T09:33:38,Organic Sales,Contact Attempted,Riley Carter,Open,0.0,2026-03-06T09:33:38,116,
opp_e260ce2bf621,lead_4ac44326b657,2026-06-17T19:40:56,Evergreen Sales,Follow Up,Morgan Reed,Open,0.0,2026-06-30T19:40:56,0,
opp_250326b2032c,lead_b95fa8cd85e6,2026-06-04T15:09:55,Organic Sales,Contact Attempted,Riley Carter,Open,0.0,2026-06-06T15:09:55,24,
opp_eda1d417d7c5,lead_deef663cd3ce,2026-03-29T18:04:16,Evergreen Sales,Contacted,Morgan Reed,Open,0.0,2026-04-07T18:04:16,84,
opp_cdf18f6601d9,lead_feed1e68d35f,2026-04-30T10:08:48,Referral Sales,Follow Up,Riley Carter,Open,0.0,2026-04-30T10:08:48,61,
opp_d352c7abe53c,lead_5433508358b6,2026-03-29T07:54:39,Organic Sales,Contacted,Riley Carter,Open,0.0,2026-03-30T07:54:39,92,
opp_31999c2be785,lead_69017b28016b,2026-01-13T00:21:08,Organic Sales,Contact Attempted,Riley Carter,Open,0.0,2026-01-15T00:21:08,166,
opp_4a5761ce9724,lead_025b0f3cbae0,2026-02-03T12:10:58,Evergreen Sales,Contact Attempted,Casey Bennett,Open,0.0,2026-02-10T12:10:58,140,
opp_945756ea8aaf,lead_c206516c2f5b,2026-03-12T15:53:14,Organic Sales,Contact Attempted,Casey Bennett,Open,0.0,2026-03-18T15:53:14,104,
opp_b99c041c62aa,lead_986f003ff784,2026-06-03T06:03:50,Webinar Sales,Closed Won,Casey Bennett,Won,5000.0,2026-06-08T06:03:50,22,
opp_367c576c7323,lead_d75f4bab4e6e,2026-03-17T01:31:11,Evergreen Sales,Closed Lost,Riley Carter,Lost,0.0,2026-04-13T01:31:11,78,Unable to contact
opp_5effda41b77c,lead_5595398bbe76,2026-01-16T19:49:36,Webinar Sales,Contacted,Casey Bennett,Open,0.0,2026-01-29T19:49:36,152,
opp_b65541830e20,lead_54700031ecb7,2026-01-26T00:57:29,Evergreen Sales,Cancelled,Casey Bennett,Open,0.0,2026-02-24T00:57:29,126,
opp_94ccb8f85db1,lead_34b6edda86b5,2026-06-07T21:42:56,Organic Sales,Contact Attempted,Riley Carter,Open,0.0,2026-06-21T21:42:56,9,
opp_b807541dfa92,lead_a92ae36af7e1,2026-05-06T10:41:37,Evergreen Sales,Contact Attempted,Morgan Reed,Open,0.0,2026-05-07T10:41:37,54,
opp_190377176abc,lead_430d012fd6b5,2026-02-11T14:12:36,Evergreen Sales,Contact Attempted,Morgan Reed,Open,0.0,2026-02-19T14:12:36,131,
opp_1a17bfa618a8,lead_f2d893f4b1ea,2026-01-31T02:05:48,Evergreen Sales,Contacted,Riley Carter,Open,0.0,2026-03-01T02:05:48,121,
opp_2592051c8363,lead_baa1c8b2580c,2026-05-09T12:48:49,Webinar Sales,Contacted,Morgan Reed,Open,0.0,2026-05-22T12:48:49,39,
opp_c100b22030b2,lead_9bd7efd99fff,2026-02-01T12:07:36,Organic Sales,Contact Attempted,Morgan Reed,Open,0.0,2026-02-02T12:07:36,148,
opp_9ac411ed880b,lead_66cbf65c5271,2026-03-21T18:44:23,Webinar Sales,Contacted,Casey Bennett,Open,0.0,2026-04-03T18:44:23,88,
opp_f6d6e674309e,lead_a3683349f5e7,2026-02-15T10:31:57,Organic Sales,Closed Lost,Morgan Reed,Lost,0.0,2026-02-27T10:31:57,123,No Show
opp_9e65a78f0509,lead_f6b1d4418105,2026-03-31T15:35:04,Evergreen Sales,Contact Attempted,Riley Carter,Open,0.0,2026-04-22T15:35:04,69,
opp_03d05aec30aa,lead_07a6a5d6fc8f,2026-06-08T14:59:20,Evergreen Sales,Closed Lost,Casey Bennett,Lost,10000.0,2026-07-08T14:59:20,0,Financing unavailable
opp_7107ec0b0515,lead_9ae63082c179,2026-06-19T17:40:48,Evergreen Sales,Contact Attempted,Riley Carter,Open,0.0,2026-06-27T17:40:48,3,
opp_7607e5e08fd4,lead_79e15e62fe54,2026-02-25T08:29:23,Webinar Sales,Contacted,Casey Bennett,Open,0.0,2026-03-11T08:29:23,111,
opp_b17119e0652b,lead_4d334cf908d1,2026-06-11T08:57:30,Webinar Sales,Closed Lost,Casey Bennett,Lost,0.0,2026-07-02T08:57:30,0,No Show
opp_47671251e340,lead_5a42df692a28,2026-03-22T13:33:35,Webinar Sales,Contacted,Morgan Reed,Open,0.0,2026-03-29T13:33:35,93,
opp_7d9eaccaeaf5,lead_3bc26ea64ec6,2026-03-14T19:13:10,Evergreen Sales,Contacted,Riley Carter,Open,0.0,2026-03-20T19:13:10,102,
opp_70d1cb33943d,lead_fa766c9294e5,2026-01-27T17:15:38,Referral Sales,Closed Lost,Riley Carter,Lost,5000.0,2026-02-24T17:15:38,126,Chose competitor
opp_458f0b8a621f,lead_5f0d0329d591,2026-03-29T02:38:03,Webinar Sales,Contact Attempted,Morgan Reed,Open,0.0,2026-04-06T02:38:03,85,
opp_c5cb6760d332,lead_bcaf1a241421,2026-04-17T13:36:47,Evergreen Sales,Disqualified,Casey Bennett,Lost,0.0,2026-04-19T13:36:47,72,Insufficient capital
opp_971fad4f415f,lead_6af257d66fdf,2026-01-10T06:31:42,Evergreen Sales,Closed Lost,Casey Bennett,Lost,0.0,2026-02-01T06:31:42,149,No budget
opp_7e7769d8d491,lead_73992a782ca1,2026-04-26T21:00:19,Evergreen Sales,Cancelled,Riley Carter,Open,0.0,2026-05-04T21:00:19,57,
opp_f80adb384b67,lead_b9b12c911f7d,2026-02-26T13:25:33,Evergreen Sales,Closed Lost,Morgan Reed,Lost,2500.0,2026-03-07T13:25:33,115,Partner approval
opp_710f0f47ab62,lead_3d8c905c73b7,2026-05-10T00:11:40,Organic Sales,Contact Attempted,Morgan Reed,Open,0.0,2026-05-26T00:11:40,35,
opp_15f9248b9641,lead_d89c4604ddf1,2026-03-17T19:38:46,Evergreen Sales,Closed Lost,Casey Bennett,Lost,0.0,2026-04-16T19:38:46,75,No Show
opp_3839c6eae0aa,lead_fb239c285547,2026-03-11T08:10:41,Evergreen Sales,Contacted,Riley Carter,Open,0.0,2026-04-09T08:10:41,82,
opp_46c33d9fb438,lead_01ee34b3853c,2026-01-26T21:44:01,Referral Sales,Contacted,Riley Carter,Open,0.0,2026-02-08T21:44:01,142,
opp_51f231214cc3,lead_88cd31920aa3,2026-04-01T05:17:58,Evergreen Sales,Cancelled,Morgan Reed,Open,0.0,2026-04-07T05:17:58,84,
opp_af6856bdef02,lead_c138479a4790,2026-01-08T04:21:25,Webinar Sales,Closed Lost,Morgan Reed,Lost,5000.0,2026-01-27T04:21:25,154,Partner approval
opp_fa54d0bac0e9,lead_df3923873fee,2026-04-11T01:51:41,Evergreen Sales,Closed Lost,Casey Bennett,Lost,5000.0,2026-05-06T01:51:41,55,Partner approval
opp_96cca0c88171,lead_1ce2ac4f06b5,2026-02-07T02:36:23,Evergreen Sales,Follow Up,Riley Carter,Open,0.0,2026-02-07T02:36:23,143,
opp_78861dfbfedc,lead_2e22753a7119,2026-06-05T05:12:20,Evergreen Sales,Contacted,Riley Carter,Open,0.0,2026-06-20T05:12:20,10,
opp_30d964738790,lead_e75bd5fe0fbc,2026-03-07T20:01:30,Evergreen Sales,Follow Up,Casey Bennett,Open,0.0,2026-03-25T20:01:30,97,
opp_7a91367d2fac,lead_2b5cb519bc54,2026-06-05T13:37:14,Evergreen Sales,Call Booked,Casey Bennett,Open,0.0,2026-06-14T13:37:14,16,
opp_6567d3c1e9d1,lead_a8e7b28ea197,2026-04-16T22:05:41,Organic Sales,Closed Lost,Casey Bennett,Lost,0.0,2026-05-08T22:05:41,53,No Show
opp_c5e3f71f99b2,lead_3bc8a16c6bfc,2026-03-28T14:07:05,Referral Sales,Closed Won,Riley Carter,Won,5000.0,2026-04-25T14:07:05,66,
opp_6ce1ab4c8268,lead_0fad1630fdb3,2026-01-09T05:23:21,Evergreen Sales,Follow Up,Casey Bennett,Open,0.0,2026-01-24T05:23:21,157,
opp_debac6ab095a,lead_374b1925835a,2026-01-15T13:43:01,Referral Sales,Closed Lost,Riley Carter,Lost,2000.0,2026-01-23T13:43:01,158,Partner approval
opp_f78b0380e975,lead_7f93ea2edde1,2026-01-07T01:07:32,Webinar Sales,Closed Won,Casey Bennett,Won,4000.0,2026-01-25T01:07:32,156,
opp_29adc554d91d,lead_559f8aba5143,2026-02-15T19:49:05,Evergreen Sales,Contact Attempted,Riley Carter,Open,0.0,2026-03-04T19:49:05,118,
opp_fa75ba5dc635,lead_9eb4b7909f32,2026-05-12T20:39:30,Evergreen Sales,Contact Attempted,Casey Bennett,Open,0.0,2026-05-19T20:39:30,42,
opp_1e017d6dbcf2,lead_2efed480fea3,2026-04-13T19:27:42,Webinar Sales,Closed Lost,Casey Bennett,Lost,0.0,2026-05-07T19:27:42,54,Unable to contact
opp_1db7a23a1eda,lead_7f4ff51d21f5,2026-01-06T00:45:53,Evergreen Sales,Disqualified,Riley Carter,Lost,0.0,2026-01-14T00:45:53,167,Low intent
opp_f9573f955346,lead_e3d67f5dbddd,2026-05-17T17:03:14,Evergreen Sales,Contacted,Casey Bennett,Open,0.0,2026-06-09T17:03:14,21,
opp_2f8507d63ae7,lead_44f0eb0958f6,2026-02-08T20:53:55,Referral Sales,Contacted,Casey Bennett,Open,0.0,2026-02-10T20:53:55,140,
opp_b7c11f1a85c6,lead_0b721b6abb5e,2026-03-28T10:22:06,Evergreen Sales,Closed Lost,Riley Carter,Lost,5000.0,2026-04-27T10:22:06,64,Needs more time
opp_1c3d3972f43f,lead_12edd80d5ec1,2026-04-17T19:10:20,Evergreen Sales,Contacted,Morgan Reed,Open,0.0,2026-05-02T19:10:20,59,
opp_d6539f2db9fc,lead_830f59ab39e5,2026-06-04T02:53:35,Webinar Sales,Closed Lost,Morgan Reed,Lost,0.0,2026-06-12T02:53:35,18,No Show
opp_8f795403c96d,lead_073d53bfe57e,2026-06-03T11:24:19,Webinar Sales,Contacted,Riley Carter,Open,0.0,2026-06-15T11:24:19,15,
opp_4283c2127f28,lead_ec98b4c6caea,2026-04-29T19:53:09,Evergreen Sales,Contact Attempted,Riley Carter,Open,0.0,2026-05-06T19:53:09,55,
opp_a90fb6bf5c84,lead_f6b21743b191,2026-05-30T08:33:59,Webinar Sales,No Show,Morgan Reed,Open,0.0,2026-06-17T08:33:59,13,
opp_82762b742db7,lead_2dc4d37d981b,2026-03-29T09:01:59,Evergreen Sales,Follow Up,Morgan Reed,Open,0.0,2026-04-24T09:01:59,67,
opp_be4ce4c61de6,lead_684f379c0246,2026-05-30T02:07:18,Webinar Sales,Contact Attempted,Morgan Reed,Open,0.0,2026-06-06T02:07:18,24,
opp_582e2c775ca7,lead_50d72960474e,2026-02-01T23:21:27,Organic Sales,Follow Up,Morgan Reed,Open,0.0,2026-02-03T23:21:27,147,
opp_04aebac2edc2,lead_12365550b3d4,2026-06-14T06:20:12,Evergreen Sales,Closed Lost,Riley Carter,Lost,0.0,2026-06-27T06:20:12,3,Timing
opp_910efbedec0f,lead_94038d6ace9d,2026-02-28T19:15:53,Evergreen Sales,No Show,Riley Carter,Open,0.0,2026-03-27T19:15:53,95,
opp_35a9efa2dc86,lead_b04b17aa4eeb,2026-01-30T22:35:50,Evergreen Sales,Contacted,Riley Carter,Open,0.0,2026-02-12T22:35:50,138,
opp_d972dfab8f28,lead_ca420a9e004e,2026-01-08T23:58:45,Evergreen Sales,Follow Up,Riley Carter,Open,0.0,2026-01-17T23:58:45,164,
opp_2f0ad2dd4a27,lead_d4db0b917fad,2026-05-29T22:17:16,Evergreen Sales,Disqualified,Morgan Reed,Lost,0.0,2026-06-14T22:17:16,16,Wrong timing
opp_d41aab604bce,lead_dc1c2741ad0f,2026-05-05T15:30:17,Organic Sales,Contact Attempted,Casey Bennett,Open,0.0,2026-05-11T15:30:17,50,
opp_8a680905e236,lead_4787ee8c70a4,2026-05-14T17:10:18,Evergreen Sales,Contacted,Casey Bennett,Open,0.0,2026-05-26T17:10:18,35,
opp_22779701eed9,lead_d75c47bd0085,2026-04-28T19:14:30,Organic Sales,Contact Attempted,Casey Bennett,Open,0.0,2026-04-30T19:14:30,61,
opp_410f141d4425,lead_ac30cf66510d,2026-03-19T10:09:14,Webinar Sales,Contacted,Riley Carter,Open,0.0,2026-04-02T10:09:14,89,
opp_0052018f5030,lead_8a5fd3cd5003,2026-04-01T13:55:11,Evergreen Sales,Contacted,Morgan Reed,Open,0.0,2026-05-01T13:55:11,60,
opp_2fb0469fb61f,lead_e14b9b36ebf4,2026-03-16T14:16:04,Evergreen Sales,Contact Attempted,Casey Bennett,Open,0.0,2026-04-13T14:16:04,78,
opp_6e07aa58ea42,lead_96fd44a738ac,2026-02-06T20:41:27,Evergreen Sales,Contact Attempted,Casey Bennett,Open,0.0,2026-03-06T20:41:27,116,
opp_0d45a88a76c9,lead_da1b3dc06487,2026-04-07T13:54:48,Organic Sales,Closed Lost,Riley Carter,Lost,0.0,2026-04-21T13:54:48,70,Timing
opp_2a7f2342f7fb,lead_4ff802bcae65,2026-02-11T18:38:44,Evergreen Sales,Closed Lost,Casey Bennett,Lost,4500.0,2026-03-07T18:38:44,115,Price
opp_3359a9e3d5dd,lead_a60343e37e7b,2026-02-25T11:41:02,Organic Sales,No Show,Casey Bennett,Open,0.0,2026-03-08T11:41:02,114,
opp_25e87d87e75d,lead_f4a8445e6c66,2026-05-22T06:25:59,Evergreen Sales,Contacted,Morgan Reed,Open,0.0,2026-06-19T06:25:59,11,
opp_f1e0cd3b44fe,lead_2623d162ecb5,2026-03-12T09:28:59,Evergreen Sales,Closed Won,Riley Carter,Won,4750.0,2026-03-28T09:28:59,94,
opp_5ff67a44b07a,lead_1aab7ca5a18a,2026-06-10T06:13:46,Evergreen Sales,Contacted,Morgan Reed,Open,0.0,2026-06-25T06:13:46,5,
opp_e7ef86a3d805,lead_d9c92a0d1dec,2026-03-14T11:13:49,Evergreen Sales,Contact Attempted,Morgan Reed,Open,0.0,2026-03-19T11:13:49,103,
opp_e130a1624355,lead_3dd7940f2a12,2026-03-19T22:35:57,Evergreen Sales,Closed Lost,Morgan Reed,Lost,0.0,2026-03-22T22:35:57,100,No budget
opp_013dd4525c84,lead_1c8dd36d1602,2026-04-11T20:15:57,Webinar Sales,Closed Lost,Morgan Reed,Lost,4500.0,2026-04-21T20:15:57,70,Price
opp_80e640f91c09,lead_24c3176e18e0,2026-03-03T20:27:27,Evergreen Sales,Disqualified,Riley Carter,Lost,0.0,2026-03-12T20:27:27,110,Low intent
opp_d78c22c83cbf,lead_3db9dad0f4ee,2026-04-09T12:15:33,Webinar Sales,Contact Attempted,Riley Carter,Open,0.0,2026-04-10T12:15:33,81,
opp_14b1c03844de,lead_f172d9e8d4b0,2026-03-13T12:40:18,Evergreen Sales,Follow Up,Riley Carter,Open,0.0,2026-03-14T12:40:18,108,
opp_08c2fe852809,lead_79fc807edf2d,2026-06-19T08:16:35,Evergreen Sales,Closed Lost,Casey Bennett,Lost,500.0,2026-06-26T08:16:35,4,Price
opp_99eaf32386b6,lead_ab00247916a7,2026-05-21T01:58:05,Evergreen Sales,Closed Lost,Riley Carter,Lost,5000.0,2026-06-02T01:58:05,28,Partner approval
opp_4865b1d9542c,lead_bb27c803a0c3,2026-01-29T16:41:04,Referral Sales,Contacted,Riley Carter,Open,0.0,2026-02-20T16:41:04,130,
opp_fe6637d11e66,lead_b6e06b17a951,2026-03-27T15:23:19,Evergreen Sales,Closed Lost,Riley Carter,Lost,0.0,2026-04-24T15:23:19,67,Not interested
opp_902b290bfca6,lead_0ee9c216e8ca,2026-05-31T11:37:57,Evergreen Sales,Disqualified,Riley Carter,Lost,0.0,2026-06-05T11:37:57,25,Low intent
opp_b6b6a6cf72de,lead_e244f47d2dcc,2026-04-11T17:14:20,Evergreen Sales,Contact Attempted,Casey Bennett,Open,0.0,2026-05-10T17:14:20,51,
opp_06ba13d5e35c,lead_d6779b7ba675,2026-02-03T15:05:18,Organic Sales,Contacted,Riley Carter,Open,0.0,2026-02-11T15:05:18,139,
opp_b5e3bb134a55,lead_59fc47d74d62,2026-04-29T11:09:46,Evergreen Sales,Closed Lost,Casey Bennett,Lost,0.0,2026-05-18T11:09:46,43,Timing
opp_5ff1a02a8fee,lead_543b7296cd53,2026-02-27T18:59:03,Organic Sales,Closed Lost,Riley Carter,Lost,5000.0,2026-03-15T18:59:03,107,Chose competitor
opp_5c6b0d65073f,lead_851dce87fa27,2026-03-09T17:32:26,Organic Sales,Contacted,Casey Bennett,Open,0.0,2026-04-03T17:32:26,88,
opp_961b79ac17c9,lead_430c2d23c4e9,2026-05-12T09:17:17,Evergreen Sales,Contact Attempted,Casey Bennett,Open,0.0,2026-05-24T09:17:17,37,
opp_23bcc1be8b10,lead_714ba5d01e0f,2026-02-26T09:36:26,Evergreen Sales,Contact Attempted,Morgan Reed,Open,0.0,2026-03-04T09:36:26,118,
opp_9ce3c10a6958,lead_b309a3532fe4,2026-05-08T09:03:04,Evergreen Sales,Contact Attempted,Morgan Reed,Open,0.0,2026-05-14T09:03:04,47,
opp_63e55422f170,lead_17246d51df48,2026-04-20T03:11:37,Webinar Sales,Follow Up,Riley Carter,Open,0.0,2026-05-16T03:11:37,45,
opp_353ebe9f8b47,lead_798676eab4b3,2026-01-10T20:35:02,Organic Sales,Call Booked,Riley Carter,Open,0.0,2026-01-26T20:35:02,155,
opp_32b97b59b932,lead_4c2dbdbf4262,2026-03-22T06:07:26,Evergreen Sales,Contacted,Riley Carter,Open,0.0,2026-04-13T06:07:26,78,
opp_72f4d15d56be,lead_7b129088884d,2026-04-17T20:49:43,Webinar Sales,Contact Attempted,Casey Bennett,Open,0.0,2026-05-14T20:49:43,47,
opp_51e390426477,lead_902b17c8fd67,2026-03-04T08:44:59,Referral Sales,Contacted,Riley Carter,Open,0.0,2026-03-19T08:44:59,103,
opp_3711ff81d626,lead_6fa595b4fb0d,2026-06-27T07:57:32,Organic Sales,Contacted,Morgan Reed,Open,0.0,2026-06-27T07:57:32,3,
opp_fad26a1b23bc,lead_e95f4e919cfc,2026-06-03T00:09:45,Evergreen Sales,No Show,Casey Bennett,Open,0.0,2026-06-13T00:09:45,17,
opp_c20d9ad7ad5a,lead_da1efd473d48,2026-02-27T22:36:30,Webinar Sales,Closed Won,Casey Bennett,Won,9750.0,2026-03-19T22:36:30,103,
opp_4c2ecc8c53dc,lead_9e18c5f8259e,2026-06-22T16:15:06,Evergreen Sales,Closed Lost,Casey Bennett,Lost,9750.0,2026-06-25T16:15:06,5,Price
opp_e5ba4c1389ce,lead_55b52f12c411,2026-03-06T05:05:58,Evergreen Sales,Contacted,Casey Bennett,Open,0.0,2026-03-23T05:05:58,99,
opp_e5680939c1e1,lead_981c72ff5963,2026-05-24T00:53:17,Webinar Sales,Contacted,Riley Carter,Open,0.0,2026-06-14T00:53:17,16,
opp_40ee94d33962,lead_1fcd7a8e7310,2026-04-29T15:15:15,Webinar Sales,Contact Attempted,Riley Carter,Open,0.0,2026-04-29T15:15:15,62,
opp_64834959794a,lead_77ff989e1b7c,2026-05-10T22:57:30,Evergreen Sales,Follow Up,Casey Bennett,Open,0.0,2026-05-16T22:57:30,45,
opp_6c00d8718ba5,lead_b34b0ed7eb19,2026-01-02T07:49:50,Evergreen Sales,Contacted,Casey Bennett,Open,0.0,2026-01-03T07:49:50,178,
opp_f4fbd1e6ed4a,lead_1b801131221a,2026-04-24T02:27:49,Evergreen Sales,Contacted,Casey Bennett,Open,0.0,2026-05-06T02:27:49,55,
opp_d29283471419,lead_2a8c51c0e488,2026-05-10T16:06:31,Referral Sales,Contacted,Casey Bennett,Open,0.0,2026-05-28T16:06:31,33,
opp_f57e5956519f,lead_edef1bb5b6f9,2026-05-15T00:59:10,Referral Sales,Contacted,Casey Bennett,Open,0.0,2026-06-05T00:59:10,25,
opp_3822c5fc0695,lead_c30770b965dd,2026-01-26T22:28:32,Organic Sales,Contact Attempted,Riley Carter,Open,0.0,2026-01-26T22:28:32,155,
opp_52790935cce2,lead_99e37d7373dc,2026-05-28T01:30:33,Evergreen Sales,Follow Up,Morgan Reed,Open,0.0,2026-06-27T01:30:33,3,
opp_9c620b7cd10b,lead_9a9b98b9dd16,2026-04-13T01:02:18,Referral Sales,Contacted,Morgan Reed,Open,0.0,2026-05-07T01:02:18,54,
opp_30c99042ea5c,lead_3b13d53108e0,2026-01-12T23:48:48,Evergreen Sales,Contacted,Riley Carter,Open,0.0,2026-02-07T23:48:48,143,
opp_3218a6177853,lead_03b171f9cdc0,2026-03-05T17:08:20,Organic Sales,Follow Up,Morgan Reed,Open,0.0,2026-03-26T17:08:20,96,
opp_2594b6a5e19e,lead_44afff70d2b7,2026-01-18T15:49:07,Webinar Sales,Closed Lost,Casey Bennett,Lost,0.0,2026-02-16T15:49:07,134,Unable to contact
opp_c5ce9df78a72,lead_a0546ad9d66c,2026-03-30T16:50:06,Evergreen Sales,Closed Lost,Riley Carter,Lost,0.0,2026-04-16T16:50:06,75,No budget
opp_fcd4e407f8e7,lead_cfd59e23bf06,2026-03-18T21:15:17,Webinar Sales,Contacted,Morgan Reed,Open,0.0,2026-04-17T21:15:17,74,
opp_26e6b39da0a6,lead_029babd6cf92,2026-03-24T06:34:22,Organic Sales,Contacted,Morgan Reed,Open,0.0,2026-03-30T06:34:22,92,
opp_ea9912fcdcb7,lead_e436eabe3f94,2026-04-02T16:00:40,Evergreen Sales,Contact Attempted,Morgan Reed,Open,0.0,2026-04-09T16:00:40,82,
opp_868bdce1d1dc,lead_28c1cc692ea9,2026-03-14T17:06:51,Webinar Sales,Contacted,Casey Bennett,Open,0.0,2026-03-28T17:06:51,94,
opp_11469afb7830,lead_7da374b9b2ca,2026-06-19T19:42:56,Evergreen Sales,Closed Lost,Morgan Reed,Lost,0.0,2026-07-18T19:42:56,0,Timing
opp_e3d2313d4a98,lead_07e7d20d4b2f,2026-03-18T07:47:09,Evergreen Sales,Contacted,Morgan Reed,Open,0.0,2026-04-13T07:47:09,78,
opp_d9603757a74e,lead_2978e270b764,2026-03-31T21:45:16,Webinar Sales,Follow Up,Riley Carter,Open,0.0,2026-04-19T21:45:16,72,
opp_26cac4adfb1a,lead_16327cca4810,2026-02-18T01:29:22,Evergreen Sales,Contact Attempted,Morgan Reed,Open,0.0,2026-03-02T01:29:22,120,
opp_fee5dcdbf31b,lead_78da14efa4bc,2026-01-07T06:08:36,Evergreen Sales,Closed Lost,Morgan Reed,Lost,0.0,2026-01-12T06:08:36,169,Not interested
opp_fdcec79943b7,lead_60512f2edc0f,2026-04-26T07:58:49,Evergreen Sales,Closed Lost,Riley Carter,Lost,0.0,2026-05-24T07:58:49,37,Not interested
opp_ff684c15df17,lead_ba73230daaaa,2026-05-24T19:10:17,Webinar Sales,Contact Attempted,Riley Carter,Open,0.0,2026-06-23T19:10:17,7,
opp_0ef16d53db53,lead_83ab556dc7ac,2026-01-28T05:04:44,Evergreen Sales,Contacted,Riley Carter,Open,0.0,2026-02-18T05:04:44,132,
opp_bbd285c1d35a,lead_3ed010000a42,2026-02-16T00:03:10,Organic Sales,Contacted,Riley Carter,Open,0.0,2026-03-07T00:03:10,115,
opp_4547bb77272b,lead_b3d268b76139,2026-02-23T10:18:36,Evergreen Sales,Contact Attempted,Riley Carter,Open,0.0,2026-02-26T10:18:36,124,
opp_f43e4287b143,lead_037e4d6aa66a,2026-04-18T22:27:06,Evergreen Sales,Contact Attempted,Riley Carter,Open,0.0,2026-05-12T22:27:06,49,
opp_e98135b468a6,lead_a1d0fcbd0f3b,2026-05-16T05:01:56,Referral Sales,Closed Won,Casey Bennett,Won,197.0,2026-05-29T05:01:56,32,
opp_3b01b1f57787,lead_db3291441c10,2026-04-02T22:45:27,Evergreen Sales,Follow Up,Riley Carter,Open,0.0,2026-04-16T22:45:27,75,
opp_b6cd5ede9bd9,lead_14594f793e56,2026-06-27T15:00:10,Evergreen Sales,Follow Up,Riley Carter,Open,0.0,2026-07-08T15:00:10,0,
opp_bc0da1f57244,lead_b7a44acd8070,2026-02-17T03:48:09,Organic Sales,Closed Lost,Morgan Reed,Lost,297.0,2026-03-08T03:48:09,114,Chose competitor
opp_30bda5b010d6,lead_acab82fa64a5,2026-01-18T22:54:48,Evergreen Sales,No Show,Morgan Reed,Open,0.0,2026-02-10T22:54:48,140,
opp_ad739095d26d,lead_cc3c3321c2c0,2026-04-28T11:21:43,Evergreen Sales,Contacted,Morgan Reed,Open,0.0,2026-05-19T11:21:43,42,
opp_6e8a6da658c3,lead_f9189e3ef90a,2026-04-04T02:08:20,Webinar Sales,Closed Lost,Casey Bennett,Lost,0.0,2026-04-29T02:08:20,62,Not interested
opp_1cd725afd19c,lead_125c1ecbe60f,2026-02-11T03:05:44,Evergreen Sales,Contacted,Riley Carter,Open,0.0,2026-03-08T03:05:44,114,
opp_e0216577257e,lead_47644f1e4c92,2026-06-27T13:36:19,Evergreen Sales,Call Booked,Morgan Reed,Open,0.0,2026-07-18T13:36:19,0,
opp_6e75a9541cfe,lead_26e5155158e9,2026-04-18T04:52:33,Evergreen Sales,Contacted,Casey Bennett,Open,0.0,2026-05-14T04:52:33,47,
opp_41f12dc007b1,lead_d6f176fa4317,2026-03-01T21:21:07,Organic Sales,Contacted,Casey Bennett,Open,0.0,2026-03-15T21:21:07,107,
opp_ba5d06d4c4b4,lead_50b2200f1c44,2026-04-02T03:59:02,Evergreen Sales,Contact Attempted,Casey Bennett,Open,0.0,2026-04-05T03:59:02,86,
opp_dd477d802cfd,lead_e9a2ab93b7dc,2026-05-24T22:29:11,Evergreen Sales,Disqualified,Riley Carter,Lost,0.0,2026-06-09T22:29:11,21,Low intent
opp_cf9a42e45c38,lead_58e3b0e60022,2026-02-27T07:41:44,Organic Sales,Contacted,Casey Bennett,Open,0.0,2026-03-29T07:41:44,93,
opp_103891072aa9,lead_126fbe819020,2026-04-07T22:54:48,Organic Sales,Follow Up,Casey Bennett,Open,0.0,2026-04-28T22:54:48,63,
opp_4f796cd73e84,lead_aa6541e45ac0,2026-05-21T12:01:27,Evergreen Sales,Closed Lost,Morgan Reed,Lost,0.0,2026-05-24T12:01:27,37,No Show
opp_d7c06c893a1a,lead_8320a8f92542,2026-02-02T20:50:07,Webinar Sales,Contact Attempted,Morgan Reed,Open,0.0,2026-02-22T20:50:07,128,
opp_e1dc72979b11,lead_83c5af9569f4,2026-04-12T17:45:28,Evergreen Sales,Contacted,Riley Carter,Open,0.0,2026-05-09T17:45:28,52,
opp_f3136faac9da,lead_419f70b3b545,2026-03-22T01:53:13,Evergreen Sales,Disqualified,Morgan Reed,Lost,0.0,2026-04-19T01:53:13,72,Wrong timing
opp_d1c0f7b9c45c,lead_f9a7f713fed1,2026-02-12T11:18:27,Referral Sales,Contacted,Riley Carter,Open,0.0,2026-03-12T11:18:27,110,
opp_d73cf98e5bee,lead_6c86b94a0187,2026-05-09T00:29:15,Referral Sales,No Show,Riley Carter,Open,0.0,2026-06-07T00:29:15,23,
opp_7d21cfb69ae7,lead_d8a6c3c86fcd,2026-04-13T19:15:54,Evergreen Sales,Contacted,Morgan Reed,Open,0.0,2026-04-17T19:15:54,74,
opp_c27ba26ba001,lead_4ac7c05cfa4d,2026-06-06T13:00:49,Organic Sales,Contact Attempted,Riley Carter,Open,0.0,2026-06-26T13:00:49,4,
opp_d52c69df26fb,lead_ad7ffe792b51,2026-05-01T08:23:17,Evergreen Sales,Closed Lost,Casey Bennett,Lost,0.0,2026-05-11T08:23:17,50,Timing
opp_1b33a565bb14,lead_f41fb8bd8b55,2026-03-14T10:32:46,Webinar Sales,Closed Lost,Riley Carter,Lost,4000.0,2026-04-07T10:32:46,84,Partner approval
opp_ef8dd0bb58e0,lead_bfc9764099eb,2026-06-10T19:02:56,Evergreen Sales,Call Booked,Morgan Reed,Open,0.0,2026-06-30T19:02:56,0,
opp_00b4969e962f,lead_60d8e8530b80,2026-03-15T05:44:15,Evergreen Sales,Closed Lost,Morgan Reed,Lost,0.0,2026-03-24T05:44:15,98,Unable to contact
opp_67979e547527,lead_1f40434c3512,2026-04-08T01:30:32,Referral Sales,Closed Lost,Riley Carter,Lost,0.0,2026-04-14T01:30:32,77,Unable to contact
opp_63a55c1ffc16,lead_4ddb2a7a915d,2026-06-23T18:01:45,Evergreen Sales,Closed Lost,Morgan Reed,Lost,250.0,2026-07-09T18:01:45,0,Partner approval
opp_0c93e88464f9,lead_1f9b803ac9f9,2026-02-22T15:23:40,Webinar Sales,Contact Attempted,Casey Bennett,Open,0.0,2026-02-26T15:23:40,124,
opp_85273367e5bf,lead_c1164ed7d1cb,2026-02-04T19:51:09,Webinar Sales,Contacted,Riley Carter,Open,0.0,2026-02-23T19:51:09,127,
opp_d0a76bbd1b2f,lead_62f14c66a5ae,2026-06-09T09:40:56,Evergreen Sales,Follow Up,Morgan Reed,Open,0.0,2026-06-26T09:40:56,4,
opp_35565d36182e,lead_17d3484ff4ba,2026-05-12T11:12:41,Organic Sales,Contacted,Morgan Reed,Open,0.0,2026-06-08T11:12:41,22,
opp_7b649d3b81e0,lead_2d6c25fbba67,2026-04-08T05:51:49,Webinar Sales,Closed Won,Morgan Reed,Won,4500.0,2026-05-04T05:51:49,57,
opp_4d717493a81d,lead_d0a5d3354e83,2026-04-28T12:17:26,Webinar Sales,Contact Attempted,Casey Bennett,Open,0.0,2026-05-02T12:17:26,59,
opp_7e230beffed4,lead_b52c28e27276,2026-06-02T03:35:56,Evergreen Sales,Contact Attempted,Riley Carter,Open,0.0,2026-06-23T03:35:56,7,
opp_a07202789764,lead_fb4af5853a9d,2026-02-06T01:36:03,Evergreen Sales,Contacted,Morgan Reed,Open,0.0,2026-02-16T01:36:03,134,
opp_ba28c7345c28,lead_5fbf9bff6d82,2026-06-04T23:12:24,Webinar Sales,Cancelled,Casey Bennett,Open,0.0,2026-06-09T23:12:24,21,
opp_3f5e9d99f111,lead_a7ac1cc2c2fe,2026-06-02T05:11:36,Evergreen Sales,Disqualified,Casey Bennett,Lost,0.0,2026-06-16T05:11:36,14,Low intent
opp_aa2d3ec96817,lead_2d42d2133a41,2026-01-02T00:12:41,Evergreen Sales,Closed Lost,Morgan Reed,Lost,197.0,2026-01-19T00:12:41,162,Partner approval
opp_1f2e413f8022,lead_7acb637b2d7f,2026-03-25T16:30:36,Evergreen Sales,Closed Lost,Casey Bennett,Lost,0.0,2026-04-21T16:30:36,70,No Show
opp_e58f957b225f,lead_b0e9d05519f1,2026-03-10T17:21:36,Evergreen Sales,Contact Attempted,Casey Bennett,Open,0.0,2026-04-04T17:21:36,87,
opp_6a3c7a537c94,lead_970cd18bec2a,2026-02-26T16:06:26,Webinar Sales,Closed Lost,Riley Carter,Lost,0.0,2026-03-10T16:06:26,112,No Show
opp_de0fb49a9eff,lead_a89f893f5803,2026-04-22T01:31:43,Webinar Sales,Closed Lost,Morgan Reed,Lost,0.0,2026-05-09T01:31:43,52,Not interested
opp_8360a3376245,lead_3d81642ab87a,2026-02-22T02:51:58,Evergreen Sales,Closed Lost,Casey Bennett,Lost,0.0,2026-03-20T02:51:58,102,Unable to contact
opp_46f6e169098d,lead_fe78a45eaa0e,2026-04-05T00:40:53,Evergreen Sales,Closed Lost,Riley Carter,Lost,0.0,2026-04-19T00:40:53,72,Not interested
opp_e2661e9bdc5c,lead_7cb54ee3a7d3,2026-03-30T21:47:23,Referral Sales,Closed Lost,Casey Bennett,Lost,0.0,2026-04-28T21:47:23,63,No Show
opp_5e029e855d92,lead_8390a7250d6b,2026-03-15T18:24:55,Evergreen Sales,Call Booked,Riley Carter,Open,0.0,2026-04-05T18:24:55,86,
opp_3ae459323199,lead_130f45175e36,2026-02-28T08:07:47,Evergreen Sales,Contacted,Morgan Reed,Open,0.0,2026-03-28T08:07:47,94,
opp_d468d43b1485,lead_a904c7669668,2026-03-19T07:55:51,Organic Sales,Follow Up,Riley Carter,Open,0.0,2026-03-27T07:55:51,95,
opp_bd2f72e7f61c,lead_107800874ad4,2026-03-05T06:44:23,Organic Sales,Contacted,Casey Bennett,Open,0.0,2026-03-15T06:44:23,107,
opp_079ee1dad511,lead_529092435909,2026-02-08T19:08:08,Evergreen Sales,Contacted,Riley Carter,Open,0.0,2026-02-20T19:08:08,130,
opp_0d73dce58021,lead_34778aa42ddf,2026-05-22T05:03:35,Webinar Sales,Contacted,Casey Bennett,Open,0.0,2026-05-27T05:03:35,34,
opp_18323eccd707,lead_5a5845668d04,2026-06-09T00:39:22,Webinar Sales,Contacted,Riley Carter,Open,0.0,2026-06-19T00:39:22,11,
opp_4448c41d69be,lead_07a3034fb745,2026-05-08T21:35:30,Evergreen Sales,No Show,Morgan Reed,Open,0.0,2026-05-29T21:35:30,32,
opp_43d990e43325,lead_01f8dff4f2ce,2026-04-24T01:27:13,Evergreen Sales,Contacted,Casey Bennett,Open,0.0,2026-05-09T01:27:13,52,
opp_1f826b915efe,lead_176a12374ad0,2026-05-17T05:51:09,Organic Sales,Follow Up,Morgan Reed,Open,0.0,2026-05-19T05:51:09,42,
opp_f2a3a7cb5eba,lead_f22bbe41d60c,2026-02-02T07:11:36,Webinar Sales,Contacted,Riley Carter,Open,0.0,2026-02-25T07:11:36,125,
opp_837866a1e368,lead_f23e0f97c4bd,2026-05-27T03:45:21,Referral Sales,Contacted,Morgan Reed,Open,0.0,2026-06-21T03:45:21,9,
opp_8898d81f5a41,lead_32aa5c6f0a32,2026-02-13T02:36:00,Evergreen Sales,Closed Lost,Riley Carter,Lost,0.0,2026-03-06T02:36:00,116,Not interested
opp_5c6be65459ad,lead_712b95047911,2026-03-28T13:28:43,Referral Sales,Disqualified,Riley Carter,Lost,0.0,2026-04-18T13:28:43,73,Not qualified
opp_588a81e9c6ec,lead_eb7d06218766,2026-03-08T23:39:52,Referral Sales,Closed Lost,Casey Bennett,Lost,197.0,2026-03-26T23:39:52,96,Financing unavailable
opp_13941a18ebaa,lead_d2ed9f067764,2026-01-23T12:55:20,Evergreen Sales,Follow Up,Casey Bennett,Open,0.0,2026-01-23T12:55:20,158,
opp_0653c50cebe5,lead_9267a6869a2c,2026-03-09T15:11:49,Webinar Sales,Follow Up,Riley Carter,Open,0.0,2026-04-07T15:11:49,84,
opp_bffe23b287ce,lead_2d824a227a56,2026-02-28T07:19:55,Evergreen Sales,Call Booked,Morgan Reed,Open,0.0,2026-03-14T07:19:55,108,
opp_90e6f49492f8,lead_430bfcd76730,2026-05-12T11:41:52,Webinar Sales,Follow Up,Morgan Reed,Open,0.0,2026-05-24T11:41:52,37,
opp_ab550a05a0ce,lead_e3ec9bf6a75b,2026-03-06T06:31:24,Organic Sales,Follow Up,Morgan Reed,Open,0.0,2026-03-07T06:31:24,115,
opp_2e5a57328cf2,lead_2aaa3b2e6de1,2026-02-06T04:37:33,Webinar Sales,Contacted,Morgan Reed,Open,0.0,2026-02-18T04:37:33,132,
opp_6105dad94b92,lead_43bd78bdccfb,2026-03-29T07:10:17,Webinar Sales,Closed Lost,Riley Carter,Lost,0.0,2026-04-12T07:10:17,79,No budget
opp_56099e05b380,lead_61d73cef1804,2026-05-27T02:05:27,Evergreen Sales,Contact Attempted,Morgan Reed,Open,0.0,2026-06-03T02:05:27,27,
opp_79299e68cdcb,lead_3e75b506c086,2026-03-30T20:20:22,Evergreen Sales,Contacted,Riley Carter,Open,0.0,2026-04-03T20:20:22,88,
opp_1e30fa84f6e6,lead_266ac43f1d80,2026-04-26T22:05:08,Evergreen Sales,Contacted,Morgan Reed,Open,0.0,2026-05-24T22:05:08,37,
opp_256a706d43f9,lead_8e1bd7af7e9b,2026-04-30T21:07:07,Evergreen Sales,Contact Attempted,Casey Bennett,Open,0.0,2026-05-01T21:07:07,60,
opp_f998cf66ef31,lead_04b982b3471e,2026-05-11T12:15:36,Evergreen Sales,Contacted,Casey Bennett,Open,0.0,2026-05-18T12:15:36,43,
opp_5c6ba19904e0,lead_8952d7296395,2026-05-15T15:38:54,Evergreen Sales,Follow Up,Riley Carter,Open,0.0,2026-05-28T15:38:54,33,
opp_64475432151d,lead_aefd2ca10871,2026-03-24T03:30:13,Evergreen Sales,Closed Lost,Riley Carter,Lost,0.0,2026-04-17T03:30:13,74,Timing
opp_d7dbf4d53c66,lead_dc519a5244a6,2026-04-18T18:04:48,Evergreen Sales,Contact Attempted,Morgan Reed,Open,0.0,2026-05-13T18:04:48,48,
opp_4506e6abc648,lead_d7275e10f074,2026-05-01T06:39:35,Evergreen Sales,Follow Up,Casey Bennett,Open,0.0,2026-05-31T06:39:35,30,
opp_3fdc717398f6,lead_bc91c3cfc535,2026-04-20T01:09:43,Evergreen Sales,Follow Up,Riley Carter,Open,0.0,2026-04-20T01:09:43,71,
opp_6ee9c7df0f90,lead_f19a7eab9c95,2026-04-05T21:30:17,Organic Sales,Contacted,Morgan Reed,Open,0.0,2026-05-01T21:30:17,60,
opp_fee74c1c15f8,lead_41ba1ba7712c,2026-02-13T15:50:46,Evergreen Sales,Contacted,Riley Carter,Open,0.0,2026-03-11T15:50:46,111,
opp_9d40ea4a7ed4,lead_4b7672a27f29,2026-04-17T17:54:34,Webinar Sales,Closed Lost,Casey Bennett,Lost,9500.0,2026-05-03T17:54:34,58,Partner approval
opp_be990f654dc0,lead_bba294596849,2026-04-16T06:06:18,Webinar Sales,Contact Attempted,Riley Carter,Open,0.0,2026-04-23T06:06:18,68,
opp_93d01b69a081,lead_6a2e9877cb46,2026-01-20T21:17:42,Evergreen Sales,Call Booked,Morgan Reed,Open,0.0,2026-01-28T21:17:42,153,
opp_d3d6147ad826,lead_b52e087dba23,2026-06-17T10:08:29,Evergreen Sales,Contacted,Morgan Reed,Open,0.0,2026-07-17T10:08:29,0,
opp_21cab45d3fe4,lead_571a37b384ca,2026-04-25T03:55:26,Evergreen Sales,Closed Lost,Riley Carter,Lost,0.0,2026-05-08T03:55:26,53,Not interested
opp_8ff6599d96f2,lead_e6e194700fc5,2026-06-02T09:39:46,Evergreen Sales,Closed Lost,Riley Carter,Lost,0.0,2026-07-02T09:39:46,0,Timing
opp_a35d61711253,lead_ed186fb33bee,2026-04-26T21:33:30,Evergreen Sales,Closed Lost,Casey Bennett,Lost,2250.0,2026-04-27T21:33:30,64,Chose competitor
opp_b7be7be07334,lead_b6cbb445991e,2026-06-16T14:38:53,Evergreen Sales,Contact Attempted,Morgan Reed,Open,0.0,2026-06-29T14:38:53,1,
opp_4b17b1696425,lead_bc581fed1eaa,2026-06-28T09:46:21,Evergreen Sales,Closed Lost,Morgan Reed,Lost,0.0,2026-06-30T09:46:21,0,No budget
opp_dee9cdd8e538,lead_07b4ced0c0de,2026-02-18T11:34:49,Referral Sales,Contacted,Riley Carter,Open,0.0,2026-03-08T11:34:49,114,
opp_71dd4cce3a3d,lead_608cec9b89b0,2026-04-23T02:59:52,Evergreen Sales,Contacted,Casey Bennett,Open,0.0,2026-05-23T02:59:52,38,
opp_b31634c66ce4,lead_85d997e6e9ec,2026-03-20T05:25:14,Evergreen Sales,Contacted,Casey Bennett,Open,0.0,2026-04-17T05:25:14,74,
opp_eb334cfe17ca,lead_f5610ecaabeb,2026-03-05T13:16:42,Evergreen Sales,Closed Lost,Morgan Reed,Lost,10000.0,2026-03-10T13:16:42,112,Partner approval
opp_71a85f3a669d,lead_698f71842ca5,2026-05-04T06:34:16,Webinar Sales,Closed Lost,Riley Carter,Lost,0.0,2026-05-09T06:34:16,52,No Show
opp_825c7a865a62,lead_eaef97716fe9,2026-06-10T04:04:07,Evergreen Sales,Contact Attempted,Casey Bennett,Open,0.0,2026-06-23T04:04:07,7,
opp_845212cefc84,lead_e2f46327cee8,2026-01-26T08:36:47,Evergreen Sales,Closed Lost,Riley Carter,Lost,0.0,2026-01-30T08:36:47,151,Timing
opp_5e5b2693d12e,lead_86ebf613b3d0,2026-01-20T08:03:06,Webinar Sales,Closed Lost,Morgan Reed,Lost,0.0,2026-02-01T08:03:06,149,Timing
opp_9116ccb693bb,lead_06bf1e1d0b1d,2026-03-27T16:32:29,Evergreen Sales,Contacted,Morgan Reed,Open,0.0,2026-04-26T16:32:29,65,
opp_43f5f0f85fb3,lead_d07dbd63c446,2026-06-21T07:06:23,Evergreen Sales,Contact Attempted,Morgan Reed,Open,0.0,2026-07-09T07:06:23,0,
opp_17f0424cdbb3,lead_0bd632017a69,2026-01-17T00:06:27,Referral Sales,Contacted,Morgan Reed,Open,0.0,2026-01-23T00:06:27,158,
opp_8e70d70a02af,lead_d2b4e1835f98,2026-03-01T07:46:34,Evergreen Sales,Contacted,Riley Carter,Open,0.0,2026-03-13T07:46:34,109,
opp_ab3178a23f2e,lead_31e0dfdcf743,2026-04-03T14:04:49,Evergreen Sales,Contacted,Riley Carter,Open,0.0,2026-04-21T14:04:49,70,
opp_0db59565cc09,lead_339c63fbc2b6,2026-01-02T13:34:27,Referral Sales,Contacted,Riley Carter,Open,0.0,2026-02-01T13:34:27,149,
opp_5d1b58c80c90,lead_dfe459e5f23d,2026-02-14T10:58:11,Evergreen Sales,Closed Lost,Morgan Reed,Lost,0.0,2026-03-12T10:58:11,110,Not interested
opp_01a0db219bab,lead_0796081733fc,2026-01-27T15:04:07,Evergreen Sales,Contact Attempted,Riley Carter,Open,0.0,2026-02-02T15:04:07,148,
opp_e041ac121959,lead_1932491e93f2,2026-01-14T06:49:16,Evergreen Sales,Call Booked,Riley Carter,Open,0.0,2026-01-31T06:49:16,150,
opp_57e47dd4148b,lead_db77afbc3075,2026-05-21T06:46:38,Evergreen Sales,Contact Attempted,Casey Bennett,Open,0.0,2026-06-13T06:46:38,17,
opp_c1a29e3c36f8,lead_aa9edfaa9b8a,2026-06-16T23:42:57,Organic Sales,Call Booked,Morgan Reed,Open,0.0,2026-06-28T23:42:57,2,
opp_7f711e78c1d7,lead_9cd4e207458f,2026-03-10T06:16:29,Webinar Sales,Contact Attempted,Morgan Reed,Open,0.0,2026-03-27T06:16:29,95,
opp_d7c80f4a1c10,lead_c7062b944095,2026-02-18T04:32:31,Evergreen Sales,Contact Attempted,Riley Carter,Open,0.0,2026-03-12T04:32:31,110,
opp_13233396046c,lead_a1dc5acd5f2b,2026-01-06T05:00:38,Evergreen Sales,Follow Up,Riley Carter,Open,0.0,2026-01-25T05:00:38,156,
opp_851f6a437bb7,lead_ec1c532d50f2,2026-05-26T05:12:14,Organic Sales,Cancelled,Morgan Reed,Open,0.0,2026-06-24T05:12:14,6,
opp_5bba478c336a,lead_d17c9313ed08,2026-02-16T19:31:20,Organic Sales,Contact Attempted,Riley Carter,Open,0.0,2026-02-16T19:31:20,134,
opp_0687faa445fb,lead_f604e8682989,2026-03-12T02:50:22,Webinar Sales,Closed Lost,Casey Bennett,Lost,10000.0,2026-03-19T02:50:22,103,Needs more time
opp_643fc61493ef,lead_6bcd7791ff78,2026-05-29T02:33:37,Evergreen Sales,Contacted,Morgan Reed,Open,0.0,2026-06-26T02:33:37,4,
opp_bfd8b00502c0,lead_39847b43dc8d,2026-02-20T21:52:19,Organic Sales,Closed Lost,Casey Bennett,Lost,0.0,2026-02-27T21:52:19,123,Not interested
opp_ba5ff1b8a6f2,lead_d3da4bcbdc44,2026-03-24T06:00:13,Organic Sales,Closed Won,Riley Carter,Won,9500.0,2026-04-12T06:00:13,79,
opp_1ebe1d3ae36a,lead_e7f59e3696e6,2026-01-17T05:35:26,Organic Sales,Closed Lost,Morgan Reed,Lost,10000.0,2026-01-17T05:35:26,164,Partner approval
opp_40b30dfd4d54,lead_b8a85e95a54c,2026-04-24T20:59:42,Organic Sales,Closed Lost,Riley Carter,Lost,500.0,2026-05-23T20:59:42,38,Needs more time
opp_17b8381e6870,lead_bbfd944250e8,2026-05-16T16:03:56,Referral Sales,Contacted,Morgan Reed,Open,0.0,2026-06-08T16:03:56,22,
opp_6da8cfad8ff0,lead_f7ab11b20a25,2026-01-23T12:32:11,Evergreen Sales,Follow Up,Casey Bennett,Open,0.0,2026-01-30T12:32:11,151,
opp_85055d0c109e,lead_7fe0610f6d75,2026-01-24T04:38:41,Referral Sales,Contacted,Morgan Reed,Open,0.0,2026-02-16T04:38:41,134,
opp_789545ab413f,lead_995ed127d5bf,2026-04-12T13:22:53,Evergreen Sales,Follow Up,Casey Bennett,Open,0.0,2026-04-14T13:22:53,77,
opp_eb218584111a,lead_64c67ce6d2a8,2026-05-26T14:12:40,Evergreen Sales,Closed Lost,Morgan Reed,Lost,0.0,2026-05-29T14:12:40,32,Timing
opp_c1282d19e2e5,lead_d5b1669ec217,2026-02-22T19:31:17,Evergreen Sales,Closed Lost,Riley Carter,Lost,0.0,2026-03-04T19:31:17,118,Timing
opp_1cbd07195e14,lead_1c74d6624d63,2026-03-30T09:22:31,Referral Sales,Closed Won,Riley Carter,Won,5000.0,2026-04-03T09:22:31,88,
opp_7ec676427f78,lead_25b524cb4d29,2026-02-19T12:55:37,Evergreen Sales,Contacted,Riley Carter,Open,0.0,2026-02-24T12:55:37,126,
opp_c220e8761b76,lead_8792d130c65e,2026-04-09T19:17:45,Evergreen Sales,Call Booked,Morgan Reed,Open,0.0,2026-04-30T19:17:45,61,
opp_b5a0c77fca96,lead_23e348e456a7,2026-03-16T08:48:49,Evergreen Sales,No Show,Riley Carter,Open,0.0,2026-04-15T08:48:49,76,
opp_0f848f3d27ad,lead_81f27e646473,2026-02-13T14:19:01,Webinar Sales,Contacted,Casey Bennett,Open,0.0,2026-02-22T14:19:01,128,
opp_98fc12c00b46,lead_5069d06ce446,2026-04-21T23:33:02,Evergreen Sales,Contacted,Morgan Reed,Open,0.0,2026-05-01T23:33:02,60,
opp_e86a20b3d920,lead_157bd559cb02,2026-01-09T22:02:33,Evergreen Sales,Contacted,Casey Bennett,Open,0.0,2026-01-31T22:02:33,150,
opp_d75ad73c31c2,lead_f525217f472b,2026-03-05T13:19:58,Webinar Sales,Cancelled,Casey Bennett,Open,0.0,2026-03-06T13:19:58,116,
opp_e3524ad2b997,lead_148d9e8504f6,2026-06-02T08:04:07,Evergreen Sales,Contact Attempted,Casey Bennett,Open,0.0,2026-06-09T08:04:07,21,
opp_4eec81d95a42,lead_0b07e5051715,2026-05-31T00:38:19,Evergreen Sales,Closed Lost,Morgan Reed,Lost,197.0,2026-06-07T00:38:19,23,Price
opp_dbf43c8d8c6a,lead_00f4da27112c,2026-01-05T15:25:47,Evergreen Sales,Follow Up,Riley Carter,Open,0.0,2026-01-24T15:25:47,157,
opp_68a4d1469bcb,lead_da04ef547c94,2026-01-01T06:48:48,Webinar Sales,Closed Lost,Riley Carter,Lost,0.0,2026-01-20T06:48:48,161,No Show
opp_29c19cf967bf,lead_bb8a8dde004c,2026-04-13T21:06:52,Evergreen Sales,Contacted,Morgan Reed,Open,0.0,2026-05-12T21:06:52,49,
opp_e3dc7826b4a1,lead_1d6a72cd18b9,2026-01-09T12:35:24,Webinar Sales,Contacted,Casey Bennett,Open,0.0,2026-02-08T12:35:24,142,
opp_00749ce02dfc,lead_9f8f3a6630ad,2026-03-31T00:34:09,Referral Sales,Contact Attempted,Morgan Reed,Open,0.0,2026-04-24T00:34:09,67,
opp_048b60782a94,lead_b0f2a688b61a,2026-01-15T12:44:07,Referral Sales,Closed Lost,Riley Carter,Lost,0.0,2026-02-10T12:44:07,140,No budget
opp_0fbda83d68ed,lead_e722216528e4,2026-02-26T15:18:31,Evergreen Sales,Contact Attempted,Riley Carter,Open,0.0,2026-03-10T15:18:31,112,
opp_1f44a388ecad,lead_0edbd6222525,2026-03-03T18:15:23,Webinar Sales,Closed Lost,Morgan Reed,Lost,5000.0,2026-03-31T18:15:23,91,Price
opp_8b110047455c,lead_2175a45714d2,2026-01-22T03:51:00,Evergreen Sales,Contacted,Casey Bennett,Open,0.0,2026-02-05T03:51:00,145,
opp_c978c4edcf87,lead_ce88012c609e,2026-04-15T01:35:21,Evergreen Sales,Call Booked,Casey Bennett,Open,0.0,2026-04-28T01:35:21,63,
opp_40ce287659f8,lead_5ed4361e610b,2026-06-15T12:51:17,Evergreen Sales,Call Booked,Casey Bennett,Open,0.0,2026-06-18T12:51:17,12,
opp_e762029e5291,lead_a6e8dac5ccac,2026-02-11T18:04:10,Webinar Sales,Contact Attempted,Morgan Reed,Open,0.0,2026-03-12T18:04:10,110,
opp_a36aa77a7e88,lead_acafc9a5920f,2026-04-10T16:53:43,Evergreen Sales,Contact Attempted,Morgan Reed,Open,0.0,2026-04-28T16:53:43,63,
opp_4363f8954c20,lead_1b1422740caf,2026-06-15T22:43:50,Evergreen Sales,Closed Lost,Morgan Reed,Lost,0.0,2026-06-30T22:43:50,0,No budget
opp_5f406851c439,lead_ea24c630497e,2026-06-06T02:25:49,Evergreen Sales,Contacted,Morgan Reed,Open,0.0,2026-07-03T02:25:49,0,
opp_70ba1bfe3e37,lead_3eb5d3121f17,2026-03-14T06:45:46,Evergreen Sales,Follow Up,Morgan Reed,Open,0.0,2026-03-23T06:45:46,99,
opp_890ead5d0c30,lead_774392001533,2026-06-28T03:31:37,Organic Sales,Contact Attempted,Morgan Reed,Open,0.0,2026-07-28T03:31:37,0,
opp_e874b77dcdab,lead_478daaff16a8,2026-06-07T03:36:18,Webinar Sales,Closed Lost,Morgan Reed,Lost,0.0,2026-06-15T03:36:18,15,Not interested
opp_06acb6f22617,lead_e3ff9191c0bc,2026-01-10T19:59:19,Evergreen Sales,Follow Up,Riley Carter,Open,0.0,2026-01-20T19:59:19,161,
opp_341c5741c833,lead_952561d10c78,2026-03-16T07:38:54,Evergreen Sales,Contacted,Morgan Reed,Open,0.0,2026-03-18T07:38:54,104,
opp_81b3ddc332ea,lead_fbf96d1b942c,2026-02-24T08:13:00,Webinar Sales,Contacted,Riley Carter,Open,0.0,2026-03-11T08:13:00,111,
opp_60a5bfbe72e5,lead_38d6debb58b0,2026-05-06T16:32:09,Organic Sales,Contacted,Casey Bennett,Open,0.0,2026-05-16T16:32:09,45,
opp_e37788020f34,lead_86e9743e64e2,2026-03-16T08:58:50,Evergreen Sales,Closed Lost,Riley Carter,Lost,0.0,2026-03-19T08:58:50,103,Timing
opp_b2b0ed152141,lead_d61a07c3cfdb,2026-06-04T08:15:07,Evergreen Sales,Contact Attempted,Casey Bennett,Open,0.0,2026-06-19T08:15:07,11,
opp_f215fa5e7704,lead_8c0b38be581c,2026-03-08T19:18:54,Organic Sales,Follow Up,Casey Bennett,Open,0.0,2026-03-28T19:18:54,94,
opp_bfce973fc458,lead_ac60b75b9d64,2026-04-26T22:45:50,Evergreen Sales,Contacted,Morgan Reed,Open,0.0,2026-05-11T22:45:50,50,
opp_42fd3f5da7de,lead_3ce8988b4214,2026-04-13T19:19:59,Webinar Sales,Closed Lost,Morgan Reed,Lost,0.0,2026-04-24T19:19:59,67,Timing
opp_873ed7b0e8af,lead_8fb123851e24,2026-02-16T19:51:12,Evergreen Sales,Contacted,Morgan Reed,Open,0.0,2026-02-18T19:51:12,132,
opp_e52398c5c484,lead_29a515511b60,2026-04-22T18:55:10,Webinar Sales,Contacted,Morgan Reed,Open,0.0,2026-05-16T18:55:10,45,
opp_783cca249465,lead_d0466559c625,2026-06-06T13:12:43,Evergreen Sales,Closed Lost,Riley Carter,Lost,0.0,2026-07-06T13:12:43,0,No budget
opp_960add3e2efd,lead_269f8af9744d,2026-04-20T08:16:39,Referral Sales,Contacted,Riley Carter,Open,0.0,2026-05-16T08:16:39,45,
opp_60c6d59d7ad1,lead_04984033e19c,2026-01-08T08:55:25,Evergreen Sales,Contact Attempted,Morgan Reed,Open,0.0,2026-02-03T08:55:25,147,
opp_603184671152,lead_e17fdca3e544,2026-01-01T03:11:07,Evergreen Sales,Closed Lost,Morgan Reed,Lost,0.0,2026-01-24T03:11:07,157,Not interested
opp_7bfd3aac98a7,lead_406fa71974c8,2026-06-28T09:49:43,Evergreen Sales,No Show,Riley Carter,Open,0.0,2026-07-14T09:49:43,0,
opp_ee7220623ec0,lead_0efb10cba25f,2026-05-31T08:48:34,Referral Sales,Contact Attempted,Morgan Reed,Open,0.0,2026-06-06T08:48:34,24,
opp_5f56f9baa7c2,lead_0e10a14c6ff9,2026-04-24T19:02:08,Evergreen Sales,Closed Lost,Morgan Reed,Lost,10000.0,2026-04-30T19:02:08,61,Needs more time
opp_535ec7059d4a,lead_aee1a251cfee,2026-06-03T18:15:13,Evergreen Sales,Call Booked,Casey Bennett,Open,0.0,2026-06-30T18:15:13,0,
opp_9a176b8d30ee,lead_4cc5165064d4,2026-05-15T16:13:32,Evergreen Sales,Closed Lost,Riley Carter,Lost,0.0,2026-05-29T16:13:32,32,No Show
opp_751efa03ede8,lead_f650fa429001,2026-03-15T11:23:51,Organic Sales,Closed Lost,Morgan Reed,Lost,10000.0,2026-04-03T11:23:51,88,Chose competitor
opp_ca7864cdfd36,lead_7b0b1fb8591a,2026-05-17T07:35:47,Evergreen Sales,Contacted,Morgan Reed,Open,0.0,2026-05-30T07:35:47,31,
opp_4a15182f5162,lead_f458f9c1ee60,2026-06-28T20:20:57,Evergreen Sales,Follow Up,Morgan Reed,Open,0.0,2026-07-22T20:20:57,0,
opp_97b80a839957,lead_d9ba92ac324c,2026-03-06T07:21:24,Evergreen Sales,Contacted,Morgan Reed,Open,0.0,2026-03-08T07:21:24,114,
opp_ecd784b28b45,lead_a4c95f6988ab,2026-06-09T13:13:17,Referral Sales,Closed Lost,Casey Bennett,Lost,0.0,2026-07-07T13:13:17,0,Timing
opp_237707216e3c,lead_68da9cce9220,2026-02-18T10:56:40,Evergreen Sales,Contact Attempted,Riley Carter,Open,0.0,2026-03-03T10:56:40,119,
opp_d90d42e52988,lead_d42dfb81e96f,2026-03-27T02:15:13,Evergreen Sales,Contacted,Casey Bennett,Open,0.0,2026-04-20T02:15:13,71,
opp_455834ffe4de,lead_2848b79c29aa,2026-04-17T00:39:22,Webinar Sales,Contacted,Riley Carter,Open,0.0,2026-04-19T00:39:22,72,
opp_c45fabb96988,lead_1c1a39f80e63,2026-02-01T14:02:03,Referral Sales,Closed Lost,Casey Bennett,Lost,0.0,2026-02-21T14:02:03,129,No budget
opp_860892528074,lead_a127362e95ba,2026-01-21T08:03:14,Evergreen Sales,Contact Attempted,Morgan Reed,Open,0.0,2026-01-23T08:03:14,158,
opp_ba6b6f43e59d,lead_e10be21b8329,2026-03-07T14:57:49,Webinar Sales,Call Booked,Riley Carter,Open,0.0,2026-03-14T14:57:49,108,
opp_24e637c3a265,lead_0ba0e0c4c18c,2026-02-02T00:56:33,Evergreen Sales,Contacted,Morgan Reed,Open,0.0,2026-03-04T00:56:33,118,
opp_3a35c318ed85,lead_d26b8ab0011f,2026-02-06T21:23:26,Evergreen Sales,Contact Attempted,Riley Carter,Open,0.0,2026-03-05T21:23:26,117,
opp_345cda61c713,lead_5f44af4bda38,2026-02-27T17:59:14,Organic Sales,Closed Lost,Riley Carter,Lost,5000.0,2026-03-10T17:59:14,112,Chose competitor
opp_04c6cbbad056,lead_fb1629bb8a75,2026-01-30T19:46:51,Organic Sales,Closed Lost,Morgan Reed,Lost,0.0,2026-02-25T19:46:51,125,No budget
opp_5892e0ae7dc2,lead_1ff0b98c954f,2026-05-02T09:08:05,Evergreen Sales,Closed Lost,Morgan Reed,Lost,0.0,2026-05-18T09:08:05,43,No budget
opp_d14573082171,lead_d5651095fb70,2026-02-26T15:56:23,Evergreen Sales,Contacted,Casey Bennett,Open,0.0,2026-03-15T15:56:23,107,
opp_7dea07fd62c8,lead_9571b2818d5d,2026-04-05T23:21:22,Webinar Sales,Contacted,Riley Carter,Open,0.0,2026-04-28T23:21:22,63,
opp_0ce7a953262a,lead_45e96cbf45ca,2026-06-21T22:41:42,Evergreen Sales,Contact Attempted,Morgan Reed,Open,0.0,2026-06-24T22:41:42,6,
opp_ca6c3b3e0bee,lead_97a7d65519c3,2026-02-21T03:32:12,Evergreen Sales,Closed Lost,Morgan Reed,Lost,9500.0,2026-03-19T03:32:12,103,Needs more time
opp_b1df65173084,lead_48a055f04d81,2026-05-10T14:37:42,Evergreen Sales,Contacted,Riley Carter,Open,0.0,2026-05-17T14:37:42,44,
opp_c05f4de4cc49,lead_9a75ea8d3456,2026-04-18T11:58:18,Evergreen Sales,Contacted,Casey Bennett,Open,0.0,2026-04-21T11:58:18,70,
opp_2717d0a66a80,lead_0460858f6864,2026-04-22T05:02:31,Evergreen Sales,Contacted,Casey Bennett,Open,0.0,2026-04-23T05:02:31,68,
opp_90d4e761208b,lead_b47c38226190,2026-04-08T11:57:44,Webinar Sales,Contact Attempted,Riley Carter,Open,0.0,2026-05-04T11:57:44,57,
opp_e12984ffcdb2,lead_edad927e564a,2026-01-24T08:33:14,Evergreen Sales,Contact Attempted,Morgan Reed,Open,0.0,2026-01-25T08:33:14,156,
opp_c99ffb83773a,lead_620886c36b68,2026-01-09T06:53:02,Webinar Sales,Follow Up,Casey Bennett,Open,0.0,2026-01-27T06:53:02,154,
opp_b8c106ab1d03,lead_02039c96236e,2026-01-29T17:09:45,Evergreen Sales,Contacted,Morgan Reed,Open,0.0,2026-02-24T17:09:45,126,
opp_7861fb5c035b,lead_1a35a2f358d5,2026-03-19T03:48:30,Evergreen Sales,Closed Lost,Riley Carter,Lost,750.0,2026-04-10T03:48:30,81,Price
opp_7cff08efea12,lead_5d9509ddcd00,2026-06-02T17:35:29,Evergreen Sales,Follow Up,Morgan Reed,Open,0.0,2026-06-26T17:35:29,4,
opp_fdf7ba97f613,lead_04d71842e6e8,2026-04-21T00:31:08,Evergreen Sales,Contacted,Morgan Reed,Open,0.0,2026-05-20T00:31:08,41,
opp_dc9253ca38a4,lead_311666a3a06e,2026-06-02T13:50:24,Organic Sales,Closed Lost,Casey Bennett,Lost,0.0,2026-06-19T13:50:24,11,Unable to contact
opp_c700c0155843,lead_049d0ba30fe6,2026-04-05T06:59:20,Evergreen Sales,Contact Attempted,Morgan Reed,Open,0.0,2026-04-30T06:59:20,61,
opp_8cda1383bd4e,lead_7fe5fd728c28,2026-05-01T01:13:41,Evergreen Sales,Follow Up,Morgan Reed,Open,0.0,2026-05-22T01:13:41,39,
opp_eedb2961def6,lead_e0c1dfd07cce,2026-05-15T02:01:38,Evergreen Sales,Contact Attempted,Casey Bennett,Open,0.0,2026-05-27T02:01:38,34,
opp_87c9ac66f1c3,lead_9d91cfe3bc8b,2026-03-07T14:34:12,Webinar Sales,Follow Up,Riley Carter,Open,0.0,2026-03-12T14:34:12,110,
opp_08dc8cefeaa5,lead_992427a8518e,2026-01-27T02:16:54,Referral Sales,Follow Up,Casey Bennett,Open,0.0,2026-01-28T02:16:54,153,
opp_e2ca826a2231,lead_cb3baacd822a,2026-04-28T11:24:25,Evergreen Sales,Contacted,Morgan Reed,Open,0.0,2026-05-09T11:24:25,52,
opp_66ff3a6c1d3a,lead_5ba4b928651b,2026-05-24T21:03:10,Evergreen Sales,Follow Up,Morgan Reed,Open,0.0,2026-06-10T21:03:10,20,
opp_747cbb3861fe,lead_b75782c13476,2026-01-13T17:47:50,Organic Sales,Contacted,Morgan Reed,Open,0.0,2026-01-21T17:47:50,160,
opp_1f0ed280dfad,lead_2865ff320d0e,2026-02-03T17:40:29,Webinar Sales,Contacted,Morgan Reed,Open,0.0,2026-02-25T17:40:29,125,
opp_6dc0adfe9da6,lead_61bfab6d10b5,2026-01-10T19:37:23,Evergreen Sales,Contact Attempted,Casey Bennett,Open,0.0,2026-01-31T19:37:23,150,
opp_a85c6d2d9ff7,lead_4d4cdfd45572,2026-05-04T09:13:27,Webinar Sales,Closed Lost,Casey Bennett,Lost,0.0,2026-05-21T09:13:27,40,Timing
opp_10f7e34edf54,lead_8073384b86d2,2026-02-04T11:35:59,Organic Sales,Closed Lost,Casey Bennett,Lost,2500.0,2026-02-14T11:35:59,136,Needs more time
opp_e03aca258453,lead_926dcf875657,2026-05-26T10:24:42,Evergreen Sales,Contact Attempted,Morgan Reed,Open,0.0,2026-06-17T10:24:42,13,
opp_9c1092b7d2b9,lead_8ecdc7710562,2026-06-01T10:16:18,Evergreen Sales,Follow Up,Morgan Reed,Open,0.0,2026-06-20T10:16:18,10,
opp_90cd520bd50b,lead_173ea2ddaef4,2026-05-07T12:37:01,Referral Sales,Contacted,Morgan Reed,Open,0.0,2026-05-13T12:37:01,48,
opp_77c32761717d,lead_33155e2fdfa2,2026-05-06T16:58:12,Organic Sales,Contacted,Morgan Reed,Open,0.0,2026-05-16T16:58:12,45,
opp_f2b49e5ce670,lead_12b1b45cf33d,2026-05-19T09:36:41,Evergreen Sales,Follow Up,Casey Bennett,Open,0.0,2026-05-23T09:36:41,38,
opp_e36df6e4dc74,lead_95828ba2114a,2026-04-01T14:58:13,Evergreen Sales,Follow Up,Casey Bennett,Open,0.0,2026-04-30T14:58:13,61,
opp_e6d9df2ea9f1,lead_567b1846d20a,2026-04-10T07:49:36,Organic Sales,Contact Attempted,Riley Carter,Open,0.0,2026-04-24T07:49:36,67,
opp_e362f27322a1,lead_7df2696fd06d,2026-02-27T22:59:55,Referral Sales,Closed Lost,Casey Bennett,Lost,0.0,2026-03-26T22:59:55,96,Unable to contact
opp_9f2c3cbfaaed,lead_21159807afa5,2026-06-17T06:50:30,Evergreen Sales,Contacted,Riley Carter,Open,0.0,2026-07-11T06:50:30,0,
opp_1420989c148a,lead_6c0c087dc111,2026-04-11T10:45:46,Evergreen Sales,Contact Attempted,Casey Bennett,Open,0.0,2026-04-24T10:45:46,67,
opp_670d6b53528d,lead_73541e918bbd,2026-05-21T01:25:24,Referral Sales,Contacted,Casey Bennett,Open,0.0,2026-06-06T01:25:24,24,
opp_701a8acc5594,lead_fb29b01f7ae9,2026-03-17T09:29:32,Webinar Sales,Contact Attempted,Morgan Reed,Open,0.0,2026-04-05T09:29:32,86,
opp_e55f8e2f5cfc,lead_251f9e1de378,2026-05-14T06:28:27,Evergreen Sales,Disqualified,Riley Carter,Lost,0.0,2026-05-15T06:28:27,46,Not qualified
opp_4a6a5ea471fb,lead_8880876cd406,2026-06-14T03:56:21,Evergreen Sales,Contacted,Morgan Reed,Open,0.0,2026-07-03T03:56:21,0,
opp_382fff52d578,lead_4800f31b515c,2026-01-25T20:15:46,Evergreen Sales,Contact Attempted,Morgan Reed,Open,0.0,2026-01-27T20:15:46,154,
opp_e76c7b9c1aa6,lead_a480e6ffc0e1,2026-05-08T01:53:11,Evergreen Sales,No Show,Riley Carter,Open,0.0,2026-05-31T01:53:11,30,
opp_9fcd0065300b,lead_a101cc96bbed,2026-06-03T00:46:03,Webinar Sales,Disqualified,Casey Bennett,Lost,0.0,2026-06-23T00:46:03,7,Insufficient capital
opp_a8880b4f6d48,lead_fe2a8f4bcae4,2026-04-02T08:51:33,Organic Sales,Closed Lost,Riley Carter,Lost,0.0,2026-04-04T08:51:33,87,Not interested
opp_0a38a83619e4,lead_4da5967c0376,2026-04-02T16:42:11,Evergreen Sales,Contact Attempted,Casey Bennett,Open,0.0,2026-04-27T16:42:11,64,
opp_6d9d43eb0a99,lead_36d687217878,2026-01-11T11:56:49,Organic Sales,Closed Lost,Casey Bennett,Lost,0.0,2026-01-14T11:56:49,167,No budget
opp_0dd5de5e281e,lead_f5260fbd0cc5,2026-01-28T19:28:22,Evergreen Sales,Contact Attempted,Morgan Reed,Open,0.0,2026-02-14T19:28:22,136,
opp_c7c1d4497523,lead_6b4b614ff90b,2026-03-02T20:36:55,Organic Sales,Contact Attempted,Casey Bennett,Open,0.0,2026-03-03T20:36:55,119,
opp_b83abf70c3a5,lead_872c5be6d83f,2026-04-22T21:39:15,Evergreen Sales,Contact Attempted,Morgan Reed,Open,0.0,2026-05-17T21:39:15,44,
opp_97e034c15f44,lead_43870fe33731,2026-03-20T07:56:59,Organic Sales,Cancelled,Morgan Reed,Open,0.0,2026-03-25T07:56:59,97,
opp_f4d848e95d0a,lead_e404d58b081e,2026-05-22T21:07:05,Evergreen Sales,Contact Attempted,Riley Carter,Open,0.0,2026-05-25T21:07:05,36,
opp_ce42d714e2ec,lead_ea21ef53e4a0,2026-01-01T19:13:06,Evergreen Sales,Closed Lost,Riley Carter,Lost,0.0,2026-01-13T19:13:06,168,Timing
opp_fcbe9728902f,lead_f04f57e5c147,2026-01-26T00:51:39,Webinar Sales,Closed Won,Casey Bennett,Won,297.0,2026-02-20T00:51:39,130,
opp_ff3056723a5e,lead_f20576e0a226,2026-02-27T21:43:23,Evergreen Sales,Closed Lost,Riley Carter,Lost,0.0,2026-03-20T21:43:23,102,Timing
opp_6103d30e4563,lead_d676143f8c08,2026-06-22T10:15:32,Organic Sales,Follow Up,Casey Bennett,Open,0.0,2026-07-22T10:15:32,0,
opp_7e461e025242,lead_d9037f2aa7b6,2026-02-02T00:24:46,Evergreen Sales,Follow Up,Riley Carter,Open,0.0,2026-02-24T00:24:46,126,
opp_808bcc13a8a9,lead_12ccc8c00eec,2026-05-23T13:02:42,Evergreen Sales,Contacted,Morgan Reed,Open,0.0,2026-06-07T13:02:42,23,
opp_8e273d859ac8,lead_24931f29865e,2026-03-14T20:31:24,Evergreen Sales,Contacted,Riley Carter,Open,0.0,2026-04-13T20:31:24,78,
opp_d30cf9fdd224,lead_d80c4106c040,2026-05-09T13:00:12,Evergreen Sales,Closed Lost,Morgan Reed,Lost,250.0,2026-06-05T13:00:12,25,Financing unavailable
opp_0d3eeec5683d,lead_7aafe8b3b558,2026-03-28T06:39:16,Referral Sales,Closed Lost,Casey Bennett,Lost,0.0,2026-03-30T06:39:16,92,No Show
opp_d34dd4efc7e7,lead_8edbfbb8c74e,2026-05-15T23:49:46,Referral Sales,Contact Attempted,Casey Bennett,Open,0.0,2026-05-17T23:49:46,44,
opp_77295eaa0b73,lead_03e40f92c4bf,2026-05-01T22:26:52,Referral Sales,Closed Lost,Morgan Reed,Lost,0.0,2026-05-24T22:26:52,37,No budget
opp_d326ff8be9ed,lead_517569165e9e,2026-02-24T21:30:32,Organic Sales,Follow Up,Morgan Reed,Open,0.0,2026-03-19T21:30:32,103,
opp_9ff138189072,lead_702d0e5e7771,2026-06-11T11:03:55,Organic Sales,Closed Lost,Riley Carter,Lost,2000.0,2026-06-19T11:03:55,11,Financing unavailable
opp_74d67386fad4,lead_2d08354c703a,2026-01-08T15:38:38,Evergreen Sales,Contact Attempted,Riley Carter,Open,0.0,2026-02-04T15:38:38,146,
opp_9426ec39c4b7,lead_a6c1fdc452a1,2026-02-15T12:52:25,Evergreen Sales,Call Booked,Morgan Reed,Open,0.0,2026-02-22T12:52:25,128,
opp_5d7e24079f7c,lead_c5d88d06c04f,2026-01-29T23:03:49,Webinar Sales,Contacted,Riley Carter,Open,0.0,2026-02-08T23:03:49,142,
opp_1e687a62f566,lead_606ea4e822dd,2026-05-06T02:49:37,Webinar Sales,Contact Attempted,Casey Bennett,Open,0.0,2026-05-24T02:49:37,37,
opp_0d7ad5513f47,lead_27ce00de590e,2026-06-07T21:41:09,Organic Sales,Contact Attempted,Casey Bennett,Open,0.0,2026-06-07T21:41:09,23,
opp_3e7abd8cb6a0,lead_9623e688f116,2026-03-24T17:16:53,Webinar Sales,Closed Lost,Morgan Reed,Lost,0.0,2026-03-24T17:16:53,98,Cancelled
opp_f79788dc1451,lead_aebf11f1c953,2026-03-05T19:40:13,Webinar Sales,Closed Lost,Casey Bennett,Lost,0.0,2026-03-17T19:40:13,105,No budget
opp_5b39350d0a70,lead_15d31b0d19fb,2026-03-14T08:32:42,Webinar Sales,Closed Lost,Casey Bennett,Lost,0.0,2026-03-14T08:32:42,108,Timing
opp_7ec94aec7877,lead_00ae358b0ada,2026-06-12T06:40:59,Evergreen Sales,Contact Attempted,Casey Bennett,Open,0.0,2026-07-08T06:40:59,0,
opp_563a00a0f2c6,lead_6e86310f3771,2026-01-22T22:52:54,Referral Sales,Closed Lost,Morgan Reed,Lost,0.0,2026-02-05T22:52:54,145,Timing
opp_442054d80a40,lead_a662e8c0faee,2026-04-04T17:25:40,Evergreen Sales,Contact Attempted,Riley Carter,Open,0.0,2026-04-20T17:25:40,71,
opp_0e8c6dd7bb16,lead_39ba4c801190,2026-04-29T17:08:12,Evergreen Sales,Contacted,Morgan Reed,Open,0.0,2026-05-09T17:08:12,52,
opp_fd6e3d241161,lead_6450c77dc107,2026-01-22T22:19:36,Organic Sales,Call Booked,Casey Bennett,Open,0.0,2026-01-23T22:19:36,158,
opp_0b6fe6098bb8,lead_18764f3b9187,2026-05-17T19:31:32,Referral Sales,Closed Lost,Riley Carter,Lost,5000.0,2026-05-29T19:31:32,32,Needs more time
opp_ea9806bcae1f,lead_37047ead4fa9,2026-05-11T01:42:03,Webinar Sales,Closed Lost,Riley Carter,Lost,0.0,2026-05-12T01:42:03,49,Unable to contact
opp_23e17ae79b96,lead_b332a8620880,2026-05-09T11:48:26,Organic Sales,Contacted,Riley Carter,Open,0.0,2026-05-29T11:48:26,32,
opp_e9d8a817572a,lead_13e1ce893449,2026-06-12T22:10:38,Referral Sales,Contacted,Morgan Reed,Open,0.0,2026-06-20T22:10:38,10,
opp_ee26fd3b6bc9,lead_500cbf9206b1,2026-04-09T04:06:56,Evergreen Sales,Contact Attempted,Morgan Reed,Open,0.0,2026-04-28T04:06:56,63,
opp_d6d55f2ee0d3,lead_3f0dd229d09e,2026-02-16T18:38:14,Webinar Sales,Closed Won,Riley Carter,Won,10000.0,2026-02-19T18:38:14,131,
opp_3a5d84bab17f,lead_435a87cb1ee1,2026-03-15T12:34:44,Evergreen Sales,Follow Up,Casey Bennett,Open,0.0,2026-04-07T12:34:44,84,
opp_8c5f2ac8e0af,lead_a53a5b85c5e4,2026-01-18T02:12:08,Evergreen Sales,Closed Lost,Casey Bennett,Lost,0.0,2026-01-18T02:12:08,163,Not interested
opp_52fc0148103c,lead_cd65df2d7616,2026-01-20T22:21:09,Webinar Sales,Contacted,Riley Carter,Open,0.0,2026-01-20T22:21:09,161,
opp_4ee4bcaddec5,lead_69694f6be762,2026-06-03T17:58:39,Evergreen Sales,Closed Lost,Casey Bennett,Lost,0.0,2026-06-13T17:58:39,17,Not interested
opp_2c7df87a82ae,lead_a9ff397d61cd,2026-05-08T02:38:18,Webinar Sales,Contacted,Casey Bennett,Open,0.0,2026-06-01T02:38:18,29,
opp_d85d61c7df9a,lead_09359d183a65,2026-06-13T22:48:16,Webinar Sales,Contact Attempted,Riley Carter,Open,0.0,2026-07-07T22:48:16,0,
opp_b5ec3a0da07d,lead_4e3c02068d90,2026-05-20T00:23:55,Organic Sales,Contacted,Morgan Reed,Open,0.0,2026-06-03T00:23:55,27,
opp_b65a78dd4f46,lead_e3320ce24354,2026-06-11T03:32:21,Evergreen Sales,Follow Up,Riley Carter,Open,0.0,2026-06-22T03:32:21,8,
opp_f82e0ac3cc76,lead_ea07f2504fbc,2026-01-09T21:20:29,Organic Sales,Contact Attempted,Riley Carter,Open,0.0,2026-01-12T21:20:29,169,
opp_188b0f338d6d,lead_0a764e6214c3,2026-02-19T09:04:26,Webinar Sales,Follow Up,Casey Bennett,Open,0.0,2026-03-17T09:04:26,105,
opp_51c3342667c0,lead_4d08985d3238,2026-05-20T04:28:25,Evergreen Sales,Closed Lost,Morgan Reed,Lost,0.0,2026-06-01T04:28:25,29,Timing
opp_73769385dcf8,lead_5e0f78975550,2026-05-30T22:27:26,Evergreen Sales,Closed Lost,Riley Carter,Lost,297.0,2026-05-31T22:27:26,30,Partner approval
opp_cedd7ecfc765,lead_fc75c8e7dbc0,2026-01-01T20:12:53,Evergreen Sales,Contact Attempted,Casey Bennett,Open,0.0,2026-01-30T20:12:53,151,
opp_c3e62cd1ad7d,lead_0accc645a9df,2026-06-29T11:52:49,Webinar Sales,Follow Up,Riley Carter,Open,0.0,2026-07-09T11:52:49,0,
opp_0b3f724d98fd,lead_28cb4a4948b9,2026-01-21T02:35:47,Organic Sales,Follow Up,Casey Bennett,Open,0.0,2026-01-29T02:35:47,152,
opp_6a6057f37091,lead_0c6143916075,2026-03-23T07:07:08,Organic Sales,Closed Lost,Casey Bennett,Lost,0.0,2026-03-27T07:07:08,95,No budget
opp_3c2f8b894c33,lead_a20c912ad45f,2026-02-27T02:56:53,Evergreen Sales,Closed Lost,Casey Bennett,Lost,4750.0,2026-03-22T02:56:53,100,Financing unavailable
opp_b489c623987e,lead_9fa63c2b2150,2026-06-13T17:00:41,Organic Sales,Closed Lost,Riley Carter,Lost,0.0,2026-06-29T17:00:41,1,Unable to contact
opp_1d9aedb44cd4,lead_eca9ac19b130,2026-02-09T00:12:39,Evergreen Sales,Call Booked,Riley Carter,Open,0.0,2026-03-01T00:12:39,121,
opp_ca11de30f6a3,lead_586adaccc6a4,2026-05-18T22:41:14,Evergreen Sales,Closed Lost,Riley Carter,Lost,0.0,2026-06-04T22:41:14,26,Timing
opp_a8ddefb1bb57,lead_3e1a02903670,2026-05-18T22:29:01,Organic Sales,Contacted,Casey Bennett,Open,0.0,2026-05-29T22:29:01,32,
opp_b6be6653c875,lead_d7783124f03b,2026-05-11T22:12:08,Organic Sales,Follow Up,Morgan Reed,Open,0.0,2026-05-27T22:12:08,34,
opp_e87692b4053b,lead_214bf84986a1,2026-03-15T22:59:03,Organic Sales,Call Booked,Morgan Reed,Open,0.0,2026-04-12T22:59:03,79,
opp_1c8de0ff3476,lead_df71fe2a6391,2026-02-25T15:43:30,Evergreen Sales,Contacted,Riley Carter,Open,0.0,2026-03-23T15:43:30,99,
opp_ebab30382786,lead_6f06241278da,2026-05-27T08:00:08,Webinar Sales,Contact Attempted,Morgan Reed,Open,0.0,2026-06-20T08:00:08,10,
opp_8883089f99e1,lead_f5a30b12f1dc,2026-05-25T03:53:38,Organic Sales,Closed Lost,Riley Carter,Lost,0.0,2026-06-06T03:53:38,24,Not interested
opp_fea58cd200c3,lead_44fcf8764df1,2026-05-15T13:18:58,Webinar Sales,Contacted,Casey Bennett,Open,0.0,2026-06-03T13:18:58,27,
opp_1418913dbc7e,lead_4715c787b43c,2026-04-18T05:05:13,Evergreen Sales,Closed Lost,Morgan Reed,Lost,0.0,2026-04-29T05:05:13,62,Cancelled
opp_1174799cdc63,lead_f0834e84dadc,2026-06-11T04:00:12,Referral Sales,Contacted,Riley Carter,Open,0.0,2026-06-26T04:00:12,4,
opp_15260e1f6cbb,lead_15809c7bc8ed,2026-05-31T17:06:21,Referral Sales,Contact Attempted,Riley Carter,Open,0.0,2026-06-01T17:06:21,29,
opp_f24f57dc915e,lead_8fd804495e31,2026-05-23T17:43:07,Evergreen Sales,Contact Attempted,Casey Bennett,Open,0.0,2026-06-05T17:43:07,25,
opp_9238da8a2396,lead_f66406f36ce1,2026-01-26T06:09:14,Evergreen Sales,Contacted,Morgan Reed,Open,0.0,2026-02-02T06:09:14,148,
opp_0c092c5e7467,lead_6c3d29e14b14,2026-01-31T01:26:48,Evergreen Sales,Closed Lost,Riley Carter,Lost,0.0,2026-02-13T01:26:48,137,Timing
opp_0e22aad64654,lead_d4c4d5fc9801,2026-04-30T12:56:39,Evergreen Sales,Closed Lost,Riley Carter,Lost,0.0,2026-05-26T12:56:39,35,Timing
opp_e1d7bd0bad71,lead_4443915be147,2026-04-13T00:31:06,Evergreen Sales,Contact Attempted,Morgan Reed,Open,0.0,2026-04-13T00:31:06,78,
opp_f2d32af3ca39,lead_d2926e1c715b,2026-03-22T18:22:48,Webinar Sales,Closed Lost,Casey Bennett,Lost,2000.0,2026-03-31T18:22:48,91,Partner approval
opp_bab4bfccb028,lead_26ddd241535f,2026-05-09T19:21:45,Evergreen Sales,Closed Lost,Morgan Reed,Lost,0.0,2026-05-09T19:21:45,52,No budget
opp_e02f7cd82237,lead_76b3dc2375dc,2026-04-20T00:00:33,Evergreen Sales,Contacted,Casey Bennett,Open,0.0,2026-05-15T00:00:33,46,
opp_b7766e827c43,lead_aac31cbb0ef2,2026-01-08T17:50:29,Evergreen Sales,Contact Attempted,Morgan Reed,Open,0.0,2026-01-19T17:50:29,162,
opp_1b476d60e205,lead_c44918cd37c4,2026-01-05T19:08:13,Evergreen Sales,Closed Lost,Riley Carter,Lost,0.0,2026-01-05T19:08:13,176,Not interested
opp_c9e14af9a0fb,lead_4acc78081878,2026-04-05T12:40:27,Webinar Sales,Closed Lost,Morgan Reed,Lost,4750.0,2026-04-26T12:40:27,65,Price
opp_ee5d9b5ae4df,lead_36a0e05ba4b8,2026-01-19T15:11:21,Evergreen Sales,Contact Attempted,Riley Carter,Open,0.0,2026-02-01T15:11:21,149,
opp_f99058f16d5e,lead_0fb233c46a6f,2026-02-10T22:18:46,Evergreen Sales,Contact Attempted,Riley Carter,Open,0.0,2026-02-13T22:18:46,137,
opp_689df277d507,lead_02bbe708279a,2026-02-09T22:04:12,Evergreen Sales,Closed Won,Casey Bennett,Won,5000.0,2026-02-10T22:04:12,140,
opp_968113e6f9c9,lead_52ce0c01003c,2026-05-26T00:45:48,Referral Sales,Follow Up,Riley Carter,Open,0.0,2026-06-01T00:45:48,29,
opp_5a6a1b45190d,lead_3072280bea91,2026-01-15T05:21:38,Evergreen Sales,Closed Lost,Riley Carter,Lost,0.0,2026-01-25T05:21:38,156,Cancelled
opp_284cd9cb10ae,lead_b438fbf9d427,2026-06-26T21:30:18,Evergreen Sales,Follow Up,Riley Carter,Open,0.0,2026-07-14T21:30:18,0,
opp_dd069812ae81,lead_80a8d1bfb7fd,2026-01-04T06:43:03,Evergreen Sales,Contact Attempted,Morgan Reed,Open,0.0,2026-01-26T06:43:03,155,
opp_afca6f5309ec,lead_d96e5d5bf676,2026-05-27T19:01:54,Referral Sales,Contacted,Casey Bennett,Open,0.0,2026-06-04T19:01:54,26,
opp_a231837e7e68,lead_3ac3c9089d74,2026-02-26T06:44:11,Evergreen Sales,Follow Up,Casey Bennett,Open,0.0,2026-03-09T06:44:11,113,
opp_ef7d1043db1c,lead_6265b4ea04de,2026-03-16T01:30:57,Webinar Sales,Follow Up,Casey Bennett,Open,0.0,2026-04-06T01:30:57,85,
opp_21f9c6cff064,lead_1451d7466f22,2026-01-27T11:35:01,Evergreen Sales,Closed Won,Casey Bennett,Won,9750.0,2026-02-25T11:35:01,125,
opp_3600693cf2c3,lead_ccc7d2ab4dfd,2026-02-27T21:02:38,Evergreen Sales,Contacted,Riley Carter,Open,0.0,2026-03-23T21:02:38,99,
opp_483919347309,lead_3ac6357c8127,2026-04-18T11:36:34,Evergreen Sales,Contacted,Morgan Reed,Open,0.0,2026-05-04T11:36:34,57,
opp_a9620dcb00e2,lead_789a0c8236f5,2026-04-15T07:18:35,Organic Sales,Contact Attempted,Morgan Reed,Open,0.0,2026-05-02T07:18:35,59,
opp_6fa683d03a30,lead_4dfe0e279fea,2026-02-11T02:45:56,Webinar Sales,Closed Lost,Morgan Reed,Lost,4750.0,2026-03-13T02:45:56,109,Partner approval
opp_a4704f7dffda,lead_094007a62e65,2026-04-30T18:53:31,Evergreen Sales,Closed Lost,Riley Carter,Lost,0.0,2026-05-10T18:53:31,51,No Show
opp_9e50186bf0d5,lead_5b65f803717a,2026-06-15T07:45:15,Webinar Sales,Cancelled,Morgan Reed,Open,0.0,2026-06-18T07:45:15,12,
opp_b7f2aa23b96f,lead_930da523c17b,2026-02-18T16:17:20,Evergreen Sales,Contacted,Casey Bennett,Open,0.0,2026-02-24T16:17:20,126,
opp_ab1d9eb6c04b,lead_a87d5cdf0930,2026-01-25T21:31:33,Evergreen Sales,Contacted,Casey Bennett,Open,0.0,2026-02-16T21:31:33,134,
opp_15fa5cb46b24,lead_714c31de3487,2026-03-03T16:59:23,Organic Sales,Contacted,Riley Carter,Open,0.0,2026-03-11T16:59:23,111,
opp_4ee1c5688d37,lead_9557ba18e940,2026-01-30T14:12:43,Evergreen Sales,Contact Attempted,Casey Bennett,Open,0.0,2026-02-16T14:12:43,134,
opp_cc1c946af4ca,lead_b247753aa608,2026-02-17T19:15:33,Evergreen Sales,Contacted,Casey Bennett,Open,0.0,2026-03-06T19:15:33,116,
opp_790ade533ad4,lead_30793bc9ac00,2026-01-27T01:54:37,Evergreen Sales,Disqualified,Casey Bennett,Lost,0.0,2026-02-07T01:54:37,143,Insufficient capital
opp_2cb72985b2fd,lead_02c758294198,2026-04-05T13:27:04,Evergreen Sales,Call Booked,Riley Carter,Open,0.0,2026-04-12T13:27:04,79,
opp_57cf40429a04,lead_db62681602cd,2026-06-16T17:53:44,Evergreen Sales,Contacted,Casey Bennett,Open,0.0,2026-07-09T17:53:44,0,
opp_27ae86b9a16d,lead_3e3427d25843,2026-05-22T06:02:52,Webinar Sales,Contact Attempted,Riley Carter,Open,0.0,2026-06-18T06:02:52,12,
opp_ff29e7f0c58a,lead_e5922768cdbe,2026-04-23T09:52:23,Evergreen Sales,Closed Lost,Morgan Reed,Lost,0.0,2026-05-16T09:52:23,45,No budget
opp_a3013fcd9d87,lead_d67566f55b8a,2026-05-07T23:25:58,Organic Sales,Follow Up,Riley Carter,Open,0.0,2026-05-14T23:25:58,47,
opp_61ae03590111,lead_95fd998b86ac,2026-01-26T23:55:54,Webinar Sales,Contact Attempted,Casey Bennett,Open,0.0,2026-01-29T23:55:54,152,
opp_289dabed8d4c,lead_d50100623d52,2026-05-09T16:18:20,Evergreen Sales,Call Booked,Riley Carter,Open,0.0,2026-05-14T16:18:20,47,
opp_92b4ddc01ccc,lead_f044fb7de6f1,2026-01-28T06:10:29,Evergreen Sales,Closed Won,Riley Carter,Won,5000.0,2026-01-28T06:10:29,153,
opp_b728a41b476c,lead_7ae4d7522868,2026-05-23T21:38:05,Referral Sales,Closed Won,Morgan Reed,Won,4500.0,2026-06-14T21:38:05,16,
opp_31d45b3a8ed9,lead_b2a01e2017da,2026-01-13T04:57:15,Webinar Sales,Contact Attempted,Riley Carter,Open,0.0,2026-01-25T04:57:15,156,
opp_016c8e1685f0,lead_3c94c292baa9,2026-03-17T08:38:41,Evergreen Sales,Follow Up,Morgan Reed,Open,0.0,2026-03-18T08:38:41,104,
opp_f99d07f0918d,lead_9e9e277b9417,2026-01-21T01:03:48,Evergreen Sales,Contacted,Riley Carter,Open,0.0,2026-02-07T01:03:48,143,
opp_f42af98d82aa,lead_9d24c0a1912e,2026-04-21T17:08:20,Evergreen Sales,Follow Up,Casey Bennett,Open,0.0,2026-05-01T17:08:20,60,
opp_8e61c797c84a,lead_80d302beaa31,2026-04-11T07:49:25,Organic Sales,Contacted,Riley Carter,Open,0.0,2026-04-16T07:49:25,75,
opp_3158a458fbe8,lead_07476099fc75,2026-04-05T12:56:21,Evergreen Sales,Contacted,Riley Carter,Open,0.0,2026-05-04T12:56:21,57,
opp_17b59072d5df,lead_042d119a5390,2026-02-02T03:46:44,Webinar Sales,Contact Attempted,Casey Bennett,Open,0.0,2026-03-04T03:46:44,118,
opp_3d3e400e4dbd,lead_1b0ac8eb4712,2026-01-31T13:20:18,Evergreen Sales,Contacted,Riley Carter,Open,0.0,2026-02-19T13:20:18,131,
opp_f66900568f87,lead_284b73d00752,2026-05-20T20:38:04,Evergreen Sales,Follow Up,Casey Bennett,Open,0.0,2026-06-09T20:38:04,21,
opp_b55a2a8adf9e,lead_cf50034c454b,2026-05-06T16:26:47,Evergreen Sales,Closed Lost,Morgan Reed,Lost,500.0,2026-05-11T16:26:47,50,Financing unavailable
opp_75d52262d219,lead_d2d65d12e7a9,2026-01-27T03:51:34,Organic Sales,Contact Attempted,Morgan Reed,Open,0.0,2026-02-19T03:51:34,131,
opp_d7b09f6c115f,lead_b8d5341d6918,2026-06-29T02:54:50,Evergreen Sales,Contacted,Riley Carter,Open,0.0,2026-07-09T02:54:50,0,
opp_803c0ac9cfe5,lead_c5cc1da3c4d0,2026-06-20T14:08:54,Evergreen Sales,Closed Lost,Morgan Reed,Lost,0.0,2026-06-21T14:08:54,9,Not interested
opp_2d4ac0c145b5,lead_421eaa9ca592,2026-06-18T09:55:19,Evergreen Sales,Closed Won,Riley Carter,Won,9000.0,2026-06-18T09:55:19,12,
opp_768161f06376,lead_edacfc9f0f37,2026-06-09T07:35:20,Evergreen Sales,Contacted,Casey Bennett,Open,0.0,2026-07-03T07:35:20,0,
opp_dfdaccfc6517,lead_3c54c613365f,2026-03-08T12:57:49,Evergreen Sales,Follow Up,Morgan Reed,Open,0.0,2026-03-24T12:57:49,98,
opp_3ca2096abb27,lead_c59e3167e4b9,2026-01-22T01:58:24,Evergreen Sales,Follow Up,Riley Carter,Open,0.0,2026-01-26T01:58:24,155,
opp_63d6e874c8e6,lead_1fb4e22b1b87,2026-04-28T13:53:09,Evergreen Sales,Closed Won,Riley Carter,Won,9750.0,2026-05-07T13:53:09,54,
opp_4975ce3199d2,lead_052ff3e563c6,2026-04-08T17:41:02,Evergreen Sales,Closed Lost,Morgan Reed,Lost,250.0,2026-04-29T17:41:02,62,Needs more time
opp_a6e189a96fd6,lead_3ba6e302828f,2026-06-24T04:10:41,Webinar Sales,Contact Attempted,Casey Bennett,Open,0.0,2026-07-16T04:10:41,0,
opp_ba068aac0c3c,lead_824f3703462b,2026-05-16T11:15:04,Evergreen Sales,Contact Attempted,Casey Bennett,Open,0.0,2026-06-13T11:15:04,17,
opp_e1dba67c82d0,lead_1b0197cf5028,2026-03-24T14:55:27,Evergreen Sales,Contacted,Morgan Reed,Open,0.0,2026-04-22T14:55:27,69,
opp_7b809c4577c7,lead_8f2c9e654f8a,2026-03-21T08:25:54,Evergreen Sales,Contact Attempted,Riley Carter,Open,0.0,2026-03-31T08:25:54,91,
opp_8384681e0c3c,lead_ae86785f348a,2026-04-11T22:15:56,Webinar Sales,Contacted,Riley Carter,Open,0.0,2026-05-03T22:15:56,58,
opp_2d157e38ef36,lead_f3b781c8cddd,2026-03-12T08:17:58,Webinar Sales,Closed Won,Riley Carter,Won,297.0,2026-03-14T08:17:58,108,
opp_c34f7f9cf8a8,lead_450c08684fb8,2026-03-24T05:56:23,Evergreen Sales,Contacted,Riley Carter,Open,0.0,2026-04-02T05:56:23,89,
opp_bfaef30a62e1,lead_cf66b1da8a41,2026-03-22T05:46:58,Evergreen Sales,Contacted,Morgan Reed,Open,0.0,2026-03-28T05:46:58,94,
opp_ae98389d7274,lead_81fe6816f7e4,2026-02-19T06:41:22,Evergreen Sales,Contacted,Casey Bennett,Open,0.0,2026-02-24T06:41:22,126,
opp_48cdb3451289,lead_0d712e956ee9,2026-05-26T05:04:00,Webinar Sales,Follow Up,Morgan Reed,Open,0.0,2026-06-08T05:04:00,22,
opp_0b697d0857ca,lead_db0a1305678e,2026-03-19T18:44:56,Evergreen Sales,Contacted,Riley Carter,Open,0.0,2026-03-23T18:44:56,99,
opp_34c6b8a9a261,lead_b5e20a90a33e,2026-02-01T05:05:36,Referral Sales,Closed Won,Morgan Reed,Won,5000.0,2026-02-16T05:05:36,134,
opp_6bd8344ae7c7,lead_8291e048b13a,2026-06-29T18:49:43,Webinar Sales,Contacted,Casey Bennett,Open,0.0,2026-07-21T18:49:43,0,
opp_da24a30d3771,lead_972e61ea7192,2026-04-29T06:16:48,Evergreen Sales,Call Booked,Riley Carter,Open,0.0,2026-05-29T06:16:48,32,
opp_fc899df99088,lead_575dd7c25a04,2026-05-19T04:19:24,Referral Sales,Closed Lost,Riley Carter,Lost,5000.0,2026-05-31T04:19:24,30,Partner approval
opp_00f28fcb8934,lead_c056cbafa44d,2026-02-09T04:01:25,Organic Sales,Follow Up,Casey Bennett,Open,0.0,2026-02-09T04:01:25,141,
opp_366fae58de06,lead_4c41dae08840,2026-04-10T03:19:31,Evergreen Sales,Closed Lost,Morgan Reed,Lost,0.0,2026-04-21T03:19:31,70,Timing
opp_95fc765ae194,lead_05c6c82cbbb2,2026-02-16T11:01:00,Referral Sales,Closed Lost,Morgan Reed,Lost,0.0,2026-03-13T11:01:00,109,No budget
opp_4a857696ef2f,lead_f6d43209ed02,2026-03-10T13:41:39,Evergreen Sales,Contacted,Morgan Reed,Open,0.0,2026-03-15T13:41:39,107,
opp_84bb07916ad4,lead_9899d1503c9c,2026-06-28T11:40:38,Organic Sales,Closed Lost,Riley Carter,Lost,0.0,2026-07-23T11:40:38,0,No Show
opp_f07b5291535e,lead_cec1ed1920c5,2026-03-09T11:21:04,Evergreen Sales,Contact Attempted,Casey Bennett,Open,0.0,2026-03-29T11:21:04,93,
opp_83b25ecc19d5,lead_e948a3290b90,2026-02-20T16:50:57,Evergreen Sales,Contacted,Riley Carter,Open,0.0,2026-03-15T16:50:57,107,
opp_8953f4ad0f13,lead_33f702b5b9a7,2026-03-08T00:21:21,Evergreen Sales,Contact Attempted,Riley Carter,Open,0.0,2026-03-28T00:21:21,94,
opp_a548bf4396ce,lead_88556487d451,2026-05-15T19:10:06,Webinar Sales,Contact Attempted,Casey Bennett,Open,0.0,2026-06-06T19:10:06,24,
opp_dd5f33f9c0bf,lead_20ac1a520c02,2026-05-31T14:33:08,Webinar Sales,Closed Lost,Morgan Reed,Lost,5000.0,2026-06-01T14:33:08,29,Partner approval
opp_390d614cdae9,lead_57b41ede6e5a,2026-01-14T02:49:32,Organic Sales,Contacted,Riley Carter,Open,0.0,2026-01-29T02:49:32,152,
opp_307d349bb1f6,lead_2aa01422d069,2026-03-22T02:02:39,Referral Sales,Call Booked,Riley Carter,Open,0.0,2026-04-02T02:02:39,89,
opp_46cfc42e4c53,lead_3f3439c61f05,2026-02-25T18:51:59,Webinar Sales,Closed Lost,Casey Bennett,Lost,0.0,2026-03-13T18:51:59,109,No Show
opp_dd2886aff2df,lead_b555d2e48c28,2026-04-03T12:54:33,Evergreen Sales,Contact Attempted,Casey Bennett,Open,0.0,2026-04-17T12:54:33,74,
opp_bae7a0223cdb,lead_449d423b4355,2026-05-13T15:30:38,Evergreen Sales,No Show,Morgan Reed,Open,0.0,2026-05-24T15:30:38,37,
opp_4efcb5a065ec,lead_62b6629cb50a,2026-02-10T03:39:29,Webinar Sales,Disqualified,Riley Carter,Lost,0.0,2026-02-10T03:39:29,140,Insufficient capital
opp_5311524b5e13,lead_3225c19d4e3e,2026-01-24T06:40:27,Evergreen Sales,Contacted,Casey Bennett,Open,0.0,2026-01-24T06:40:27,157,
opp_fb1ac5cf8a0e,lead_331d2a0cce8d,2026-06-14T16:00:56,Organic Sales,Contacted,Casey Bennett,Open,0.0,2026-06-21T16:00:56,9,
opp_d18cd77b8180,lead_83017f4b2c48,2026-04-06T07:19:07,Webinar Sales,Follow Up,Casey Bennett,Open,0.0,2026-04-12T07:19:07,79,
opp_86e3255f1076,lead_9627e89e9497,2026-01-11T12:20:55,Evergreen Sales,Contacted,Riley Carter,Open,0.0,2026-01-22T12:20:55,159,
opp_96ce36999d4d,lead_2aa276340992,2026-03-18T10:51:13,Evergreen Sales,Contacted,Morgan Reed,Open,0.0,2026-04-12T10:51:13,79,
opp_811412ffd879,lead_e44ea7ae2c72,2026-03-03T07:02:29,Referral Sales,Contacted,Casey Bennett,Open,0.0,2026-03-15T07:02:29,107,
opp_98d08e95fd04,lead_5bf8f9d7de3a,2026-03-12T05:11:20,Organic Sales,Follow Up,Riley Carter,Open,0.0,2026-04-06T05:11:20,85,
opp_5f2b7c66d993,lead_3a45ed50e7bd,2026-04-02T12:37:42,Evergreen Sales,Contacted,Casey Bennett,Open,0.0,2026-04-15T12:37:42,76,
opp_8311f76af85d,lead_f8f7fdda01c1,2026-05-17T01:33:27,Evergreen Sales,Contact Attempted,Casey Bennett,Open,0.0,2026-05-26T01:33:27,35,
opp_1988b4fb3b9f,lead_5af77d9ee107,2026-04-22T19:51:16,Evergreen Sales,Contact Attempted,Riley Carter,Open,0.0,2026-04-30T19:51:16,61,
opp_02d433c1d692,lead_9e48208a862d,2026-04-18T20:04:19,Evergreen Sales,Contacted,Morgan Reed,Open,0.0,2026-05-03T20:04:19,58,
opp_c92c4a237fff,lead_9c0242474ea4,2026-04-02T20:16:45,Webinar Sales,Closed Lost,Morgan Reed,Lost,0.0,2026-04-08T20:16:45,83,Not interested
opp_1909734ecb4c,lead_16ec81f7d7b9,2026-06-02T11:55:00,Evergreen Sales,Contacted,Riley Carter,Open,0.0,2026-06-20T11:55:00,10,
opp_6402e740181c,lead_b549b9d28d97,2026-05-15T02:09:52,Evergreen Sales,Contacted,Casey Bennett,Open,0.0,2026-06-02T02:09:52,28,
opp_7b8665901dcb,lead_d7a3ef3d4ba0,2026-03-29T08:28:31,Webinar Sales,No Show,Riley Carter,Open,0.0,2026-04-21T08:28:31,70,
opp_cee5e2ae886d,lead_1af6a95fba10,2026-03-08T19:48:35,Organic Sales,Contacted,Riley Carter,Open,0.0,2026-03-25T19:48:35,97,
opp_2b50c818bb8a,lead_1135ac550302,2026-04-23T00:20:00,Evergreen Sales,Cancelled,Morgan Reed,Open,0.0,2026-05-19T00:20:00,42,
opp_0de3da7a3b28,lead_4c94a9bf4ba8,2026-03-10T22:55:41,Evergreen Sales,Closed Lost,Riley Carter,Lost,0.0,2026-04-04T22:55:41,87,Timing
opp_f637adb79674,lead_5a6a006eb4dc,2026-03-15T23:55:10,Evergreen Sales,No Show,Morgan Reed,Open,0.0,2026-03-16T23:55:10,106,
opp_0055f39978f6,lead_f6b15b568bd3,2026-03-23T21:48:26,Webinar Sales,Follow Up,Morgan Reed,Open,0.0,2026-04-11T21:48:26,80,
opp_9a39e56e9095,lead_b15c55572748,2026-02-14T07:34:21,Evergreen Sales,Contacted,Riley Carter,Open,0.0,2026-02-14T07:34:21,136,
opp_7c3b1cd06056,lead_34c857ca92f6,2026-03-18T18:57:19,Evergreen Sales,Contacted,Riley Carter,Open,0.0,2026-04-06T18:57:19,85,
opp_b56b2fff7a79,lead_77e7e71786b8,2026-03-22T09:19:43,Organic Sales,Closed Lost,Morgan Reed,Lost,250.0,2026-04-12T09:19:43,79,Financing unavailable
opp_85033febbbb8,lead_621d58cd8386,2026-05-25T10:42:37,Webinar Sales,Closed Lost,Morgan Reed,Lost,9750.0,2026-05-29T10:42:37,32,Price
opp_cd01b1bc439c,lead_4a2db4ee00c1,2026-04-17T11:53:11,Evergreen Sales,Closed Lost,Riley Carter,Lost,0.0,2026-04-21T11:53:11,70,Unable to contact
opp_3ea448d6d13c,lead_5cc8dcb9c105,2026-01-21T04:20:29,Webinar Sales,Contacted,Riley Carter,Open,0.0,2026-02-11T04:20:29,139,
opp_a8a7d705fd5a,lead_93f5dc096823,2026-03-02T01:46:18,Evergreen Sales,Contact Attempted,Casey Bennett,Open,0.0,2026-03-05T01:46:18,117,
opp_436913de220c,lead_7aa605a3c755,2026-04-13T06:47:49,Referral Sales,Closed Won,Casey Bennett,Won,5000.0,2026-04-22T06:47:49,69,
opp_57d1fa97f487,lead_075d659af85d,2026-06-17T19:39:20,Webinar Sales,Contact Attempted,Casey Bennett,Open,0.0,2026-07-01T19:39:20,0,
opp_a3d5864497f3,lead_8c1c91730e25,2026-05-16T11:09:29,Organic Sales,Contacted,Casey Bennett,Open,0.0,2026-06-07T11:09:29,23,
opp_057680cb080a,lead_dffdaa80c859,2026-04-12T15:29:58,Referral Sales,Closed Lost,Casey Bennett,Lost,250.0,2026-05-10T15:29:58,51,Needs more time
opp_25610e4c8394,lead_71dc9d2dfc5b,2026-06-06T06:12:36,Organic Sales,Contact Attempted,Casey Bennett,Open,0.0,2026-07-06T06:12:36,0,
opp_82f2ba33ba34,lead_ca61b08fdcb1,2026-01-03T01:11:37,Evergreen Sales,Contacted,Casey Bennett,Open,0.0,2026-01-08T01:11:37,173,
opp_3fd6cb285570,lead_c17f7ec91aaa,2026-01-02T14:45:37,Evergreen Sales,Contacted,Casey Bennett,Open,0.0,2026-01-31T14:45:37,150,
opp_6ced2faa82c4,lead_ed652b4fa521,2026-06-04T22:47:07,Evergreen Sales,Contact Attempted,Riley Carter,Open,0.0,2026-06-14T22:47:07,16,
opp_7e210b01ca74,lead_acc2ed6294bd,2026-06-21T07:10:23,Evergreen Sales,Contacted,Morgan Reed,Open,0.0,2026-07-05T07:10:23,0,
opp_222a8953323e,lead_4cd18bf69374,2026-06-10T20:44:56,Webinar Sales,Cancelled,Casey Bennett,Open,0.0,2026-07-02T20:44:56,0,
opp_f4f8e8bb9d1c,lead_78a401381bc0,2026-02-25T06:41:25,Referral Sales,No Show,Casey Bennett,Open,0.0,2026-03-24T06:41:25,98,
opp_c2649fd048cb,lead_55abaf79fe91,2026-02-05T10:04:44,Evergreen Sales,Contact Attempted,Casey Bennett,Open,0.0,2026-02-21T10:04:44,129,
opp_fdac8ecaf4c8,lead_2b825c10a459,2026-05-17T00:26:20,Organic Sales,Contacted,Morgan Reed,Open,0.0,2026-06-15T00:26:20,15,
opp_f6a8dc7a349f,lead_7718ae0f0f6c,2026-01-05T07:08:14,Evergreen Sales,Closed Won,Casey Bennett,Won,2250.0,2026-01-11T07:08:14,170,
opp_9d0a63f4d193,lead_493e57168e04,2026-05-22T04:33:52,Evergreen Sales,Contact Attempted,Morgan Reed,Open,0.0,2026-06-18T04:33:52,12,
opp_98edb770fe58,lead_66a7c5ecc3c5,2026-03-23T14:28:28,Organic Sales,Contact Attempted,Casey Bennett,Open,0.0,2026-04-04T14:28:28,87,
opp_7e6a771902aa,lead_dafb0937fcda,2026-03-06T03:04:12,Organic Sales,Contacted,Morgan Reed,Open,0.0,2026-03-18T03:04:12,104,
opp_09f13343ee69,lead_5012d669559a,2026-01-14T20:40:36,Evergreen Sales,Follow Up,Casey Bennett,Open,0.0,2026-02-06T20:40:36,144,
opp_0ad27b60a954,lead_49acb91bd6ca,2026-01-24T16:22:55,Webinar Sales,Follow Up,Morgan Reed,Open,0.0,2026-02-16T16:22:55,134,
opp_e80a94015e3c,lead_5c1b7c4d440d,2026-02-08T16:14:43,Webinar Sales,Contact Attempted,Riley Carter,Open,0.0,2026-02-28T16:14:43,122,
opp_66f6ee7cb289,lead_bfb4e24c8704,2026-04-02T19:31:36,Referral Sales,Closed Lost,Casey Bennett,Lost,197.0,2026-04-11T19:31:36,80,Needs more time
opp_18350474cd37,lead_0616fe291eca,2026-01-09T04:36:02,Evergreen Sales,Closed Lost,Casey Bennett,Lost,0.0,2026-01-21T04:36:02,160,No budget
opp_f6ec91815eb4,lead_f5d3e1a5f051,2026-03-11T23:42:35,Referral Sales,Contact Attempted,Morgan Reed,Open,0.0,2026-03-27T23:42:35,95,
opp_4b212d562772,lead_20f797d829ee,2026-03-05T00:20:32,Evergreen Sales,Contacted,Riley Carter,Open,0.0,2026-03-19T00:20:32,103,
opp_ead87e563834,lead_4977bc23b5f6,2026-01-02T17:36:58,Evergreen Sales,Contacted,Casey Bennett,Open,0.0,2026-01-20T17:36:58,161,
opp_8f6ff1ed1520,lead_d0fa7784f572,2026-03-14T02:50:35,Referral Sales,Closed Won,Morgan Reed,Won,2500.0,2026-03-26T02:50:35,96,
opp_66d50815a160,lead_47ffd9cc7722,2026-06-30T18:04:11,Referral Sales,Closed Lost,Riley Carter,Lost,0.0,2026-07-14T18:04:11,0,Timing
opp_9f121adca8d2,lead_c040d5c01c8a,2026-06-03T16:30:00,Evergreen Sales,Closed Lost,Casey Bennett,Lost,0.0,2026-06-28T16:30:00,2,Unable to contact
opp_7db9f9d48785,lead_82b4ef9c5826,2026-06-06T10:01:13,Evergreen Sales,Contacted,Riley Carter,Open,0.0,2026-06-24T10:01:13,6,
opp_579884a384e0,lead_3e6211b6a3f3,2026-02-18T16:19:44,Evergreen Sales,Closed Lost,Riley Carter,Lost,5000.0,2026-03-03T16:19:44,119,Needs more time
opp_58ed21dd4b42,lead_a29a6aeda2d5,2026-04-06T03:59:39,Evergreen Sales,Closed Lost,Casey Bennett,Lost,0.0,2026-05-04T03:59:39,57,No Show
opp_1f3262671498,lead_6bea0f65aa0d,2026-02-23T11:06:17,Evergreen Sales,Contacted,Morgan Reed,Open,0.0,2026-03-09T11:06:17,113,
opp_6d51d33225ca,lead_f14973ac26a6,2026-03-29T06:16:55,Evergreen Sales,Call Booked,Casey Bennett,Open,0.0,2026-04-11T06:16:55,80,
opp_61978b21560c,lead_85cdfaa39544,2026-05-23T11:05:34,Evergreen Sales,Follow Up,Casey Bennett,Open,0.0,2026-06-22T11:05:34,8,
opp_b2f5245c06bc,lead_fb9c6e0a9651,2026-03-04T06:32:34,Webinar Sales,Contacted,Casey Bennett,Open,0.0,2026-03-19T06:32:34,103,
opp_d234810ea724,lead_00c18684d9ed,2026-04-07T14:44:49,Evergreen Sales,Disqualified,Casey Bennett,Lost,0.0,2026-04-23T14:44:49,68,Wrong timing
opp_5365ffeaa7ac,lead_5217e8cc7b31,2026-01-22T10:48:00,Evergreen Sales,Closed Won,Morgan Reed,Won,9000.0,2026-02-19T10:48:00,131,
opp_26a4bba806ad,lead_4076c12e0065,2026-02-04T16:31:01,Webinar Sales,Closed Lost,Morgan Reed,Lost,0.0,2026-02-04T16:31:01,146,Timing
opp_4e67385c7c8b,lead_45c93ec4e62e,2026-05-05T14:46:46,Evergreen Sales,Contact Attempted,Riley Carter,Open,0.0,2026-05-15T14:46:46,46,
opp_0fa24ed62ce9,lead_744e7d44086f,2026-01-10T12:45:20,Referral Sales,Contact Attempted,Morgan Reed,Open,0.0,2026-02-04T12:45:20,146,
opp_71a24d3aa495,lead_a3bdec47bd68,2026-05-08T08:00:48,Evergreen Sales,Contacted,Casey Bennett,Open,0.0,2026-05-24T08:00:48,37,
opp_59e8036b2dca,lead_758eb2cb32f1,2026-03-12T02:02:14,Webinar Sales,Contacted,Casey Bennett,Open,0.0,2026-03-21T02:02:14,101,
opp_4ee055924343,lead_4613beb10a5f,2026-06-09T22:27:15,Webinar Sales,Closed Lost,Riley Carter,Lost,0.0,2026-06-20T22:27:15,10,Timing
opp_1beaa0e2a225,lead_a0b804d5c407,2026-01-16T03:12:18,Evergreen Sales,Follow Up,Morgan Reed,Open,0.0,2026-01-27T03:12:18,154,
opp_9e22a011b5e5,lead_fef75ac1d8e8,2026-02-06T18:56:58,Webinar Sales,Closed Won,Riley Carter,Won,250.0,2026-02-09T18:56:58,141,
opp_7e97a503104f,lead_32946dbb91b1,2026-04-19T10:26:31,Referral Sales,No Show,Riley Carter,Open,0.0,2026-05-08T10:26:31,53,
opp_105d75fbd54a,lead_56412af29b6a,2026-05-17T10:07:20,Organic Sales,Closed Lost,Morgan Reed,Lost,0.0,2026-05-26T10:07:20,35,Not interested
opp_1f1a59d3b023,lead_ce25e08dbd8d,2026-04-09T00:02:19,Webinar Sales,Contact Attempted,Riley Carter,Open,0.0,2026-04-15T00:02:19,76,
opp_db3fe76fe5fa,lead_f5ec39fa3904,2026-06-25T05:53:05,Evergreen Sales,Contact Attempted,Casey Bennett,Open,0.0,2026-07-24T05:53:05,0,
opp_89012dd51a24,lead_f2671e49d6bf,2026-06-10T10:09:40,Evergreen Sales,Closed Lost,Riley Carter,Lost,0.0,2026-06-23T10:09:40,7,Not interested
opp_434010dd6aa7,lead_797b70ea766f,2026-06-29T20:09:26,Evergreen Sales,Contact Attempted,Casey Bennett,Open,0.0,2026-07-25T20:09:26,0,
opp_0a3f94b9544f,lead_71627a82d67f,2026-05-22T00:51:54,Evergreen Sales,Contacted,Morgan Reed,Open,0.0,2026-06-06T00:51:54,24,
opp_fef689518e10,lead_c8f419e5976f,2026-01-02T06:36:46,Organic Sales,Closed Lost,Casey Bennett,Lost,0.0,2026-01-25T06:36:46,156,No Show
opp_045494537864,lead_bc3d1dac198b,2026-06-09T16:22:13,Evergreen Sales,Contacted,Riley Carter,Open,0.0,2026-06-09T16:22:13,21,
opp_c4409ee79a23,lead_2cb29bcd3cb6,2026-01-19T07:24:35,Organic Sales,Follow Up,Morgan Reed,Open,0.0,2026-02-01T07:24:35,149,
opp_83928baab1df,lead_9e83444bb4d3,2026-02-18T12:25:03,Evergreen Sales,Contacted,Morgan Reed,Open,0.0,2026-03-18T12:25:03,104,
opp_cb634fec0d06,lead_6aacd092d0c7,2026-05-23T13:55:38,Organic Sales,Contacted,Morgan Reed,Open,0.0,2026-06-17T13:55:38,13,
opp_0134a1c187aa,lead_ddb0f2dc5c8c,2026-04-26T13:58:42,Organic Sales,Call Booked,Riley Carter,Open,0.0,2026-04-30T13:58:42,61,
opp_e9103c76add0,lead_acaa4317993f,2026-06-29T00:13:57,Evergreen Sales,Follow Up,Casey Bennett,Open,0.0,2026-07-28T00:13:57,0,
opp_6a820ec92c2a,lead_62cdb175000e,2026-06-18T21:29:56,Evergreen Sales,Contact Attempted,Morgan Reed,Open,0.0,2026-07-08T21:29:56,0,
opp_0eb38fec4f63,lead_d570c158b79a,2026-01-11T12:15:16,Referral Sales,Closed Lost,Riley Carter,Lost,0.0,2026-01-16T12:15:16,165,No Show
opp_3f77a012ebb4,lead_6d0031e3deb9,2026-04-08T13:21:40,Organic Sales,Contact Attempted,Riley Carter,Open,0.0,2026-04-30T13:21:40,61,
opp_3e663645e1e7,lead_54123d6de62c,2026-05-27T04:29:22,Evergreen Sales,Contact Attempted,Morgan Reed,Open,0.0,2026-05-28T04:29:22,33,
opp_fe0901269e70,lead_1c8357285ee7,2026-01-29T17:47:16,Evergreen Sales,Contact Attempted,Riley Carter,Open,0.0,2026-02-21T17:47:16,129,
opp_914fed53f2b7,lead_e7954db8dd12,2026-02-20T23:36:31,Webinar Sales,Contacted,Riley Carter,Open,0.0,2026-02-20T23:36:31,130,
opp_ff35cb2906da,lead_95a65135c9c3,2026-04-04T09:15:40,Evergreen Sales,Contacted,Riley Carter,Open,0.0,2026-04-28T09:15:40,63,
opp_d869800f0e24,lead_b2cec6335f0b,2026-02-17T01:16:12,Organic Sales,Closed Lost,Casey Bennett,Lost,10000.0,2026-03-12T01:16:12,110,Partner approval
opp_b2c3ee39022a,lead_8b71f3580868,2026-01-22T20:25:37,Referral Sales,Closed Lost,Casey Bennett,Lost,4750.0,2026-02-11T20:25:37,139,Chose competitor
opp_6792c074d322,lead_26c6e7fa8f8c,2026-04-26T07:40:05,Evergreen Sales,Contact Attempted,Morgan Reed,Open,0.0,2026-05-24T07:40:05,37,
opp_0c6e35624955,lead_56a5f445adde,2026-05-02T00:14:21,Evergreen Sales,Follow Up,Morgan Reed,Open,0.0,2026-05-28T00:14:21,33,
opp_7f4de00a579f,lead_0d6e4bf67033,2026-05-28T03:17:43,Referral Sales,Contact Attempted,Morgan Reed,Open,0.0,2026-06-01T03:17:43,29,
opp_31c90b31483b,lead_f2acd4e30991,2026-06-18T16:40:45,Evergreen Sales,Follow Up,Morgan Reed,Open,0.0,2026-06-21T16:40:45,9,
opp_930ab184890d,lead_39036ea41992,2026-01-05T10:00:50,Evergreen Sales,Contacted,Morgan Reed,Open,0.0,2026-01-17T10:00:50,164,
opp_213564c95ef9,lead_0d612dc74b4a,2026-05-26T16:54:30,Evergreen Sales,Closed Won,Riley Carter,Won,5000.0,2026-06-11T16:54:30,19,
opp_50223aaafe72,lead_aaeac68db315,2026-03-15T03:06:51,Evergreen Sales,Disqualified,Morgan Reed,Lost,0.0,2026-04-08T03:06:51,83,Not qualified
opp_2db84b3eef47,lead_d676c888f8f9,2026-02-25T03:35:56,Evergreen Sales,Contact Attempted,Casey Bennett,Open,0.0,2026-03-15T03:35:56,107,
opp_eb3e008fb499,lead_6c707feccbc8,2026-01-02T14:50:24,Evergreen Sales,Closed Won,Riley Carter,Won,10000.0,2026-01-22T14:50:24,159,
opp_6b224e9e83ae,lead_62b3112d8b7a,2026-06-17T19:50:50,Webinar Sales,Contacted,Casey Bennett,Open,0.0,2026-07-07T19:50:50,0,
opp_caa5541050f0,lead_e28e68f34a7e,2026-04-09T17:58:10,Evergreen Sales,Closed Lost,Riley Carter,Lost,0.0,2026-04-10T17:58:10,81,Timing
opp_41640592c99f,lead_ec3fa13e63ff,2026-02-08T14:49:32,Organic Sales,Call Booked,Riley Carter,Open,0.0,2026-02-08T14:49:32,142,
opp_b3102d2a535d,lead_ad9890f72389,2026-06-29T02:05:24,Evergreen Sales,Call Booked,Casey Bennett,Open,0.0,2026-07-04T02:05:24,0,
opp_47e71f2ca50c,lead_38dee29bb71a,2026-03-09T08:06:41,Webinar Sales,Contacted,Casey Bennett,Open,0.0,2026-03-31T08:06:41,91,
opp_89f51325d8ba,lead_02e0f1b1c852,2026-02-23T13:41:09,Evergreen Sales,Closed Lost,Morgan Reed,Lost,0.0,2026-03-03T13:41:09,119,Unable to contact
opp_cde6bbefc62d,lead_17cf94c7bd38,2026-02-13T19:17:29,Evergreen Sales,Follow Up,Riley Carter,Open,0.0,2026-03-10T19:17:29,112,
opp_31e7d18941c8,lead_6cb117baa30b,2026-03-16T05:12:51,Evergreen Sales,Closed Won,Riley Carter,Won,4000.0,2026-03-18T05:12:51,104,
opp_e741bc991da1,lead_58c268637deb,2026-02-16T16:09:45,Referral Sales,Contacted,Riley Carter,Open,0.0,2026-03-14T16:09:45,108,
opp_5a68385b4c95,lead_4f06952cbf0c,2026-01-26T14:06:09,Evergreen Sales,Follow Up,Riley Carter,Open,0.0,2026-02-09T14:06:09,141,
opp_13304263fa00,lead_104c58f1dd01,2026-06-17T11:56:59,Referral Sales,Closed Lost,Riley Carter,Lost,10000.0,2026-06-26T11:56:59,4,Partner approval
opp_a6a75e985ce6,lead_0984cb53a3af,2026-06-26T12:15:24,Webinar Sales,Contact Attempted,Morgan Reed,Open,0.0,2026-07-11T12:15:24,0,
opp_06da03f72bdd,lead_51c059aadda4,2026-04-14T11:46:50,Evergreen Sales,Contact Attempted,Riley Carter,Open,0.0,2026-04-27T11:46:50,64,
opp_157f285cec7f,lead_3170b57333d9,2026-06-20T21:42:42,Evergreen Sales,Contact Attempted,Casey Bennett,Open,0.0,2026-07-09T21:42:42,0,
opp_16bab34b4712,lead_dff461e8afa7,2026-01-30T12:10:16,Webinar Sales,Closed Lost,Morgan Reed,Lost,0.0,2026-03-01T12:10:16,121,No budget
opp_552b486549fe,lead_6da4d524870c,2026-04-28T14:19:17,Webinar Sales,No Show,Morgan Reed,Open,0.0,2026-04-30T14:19:17,61,
opp_40913a3f3207,lead_e09a7c6366a6,2026-03-11T18:16:45,Evergreen Sales,Contacted,Morgan Reed,Open,0.0,2026-03-24T18:16:45,98,
opp_b8c3a6833f44,lead_14df883a3337,2026-05-19T06:14:58,Organic Sales,Follow Up,Casey Bennett,Open,0.0,2026-06-17T06:14:58,13,
opp_aaadff67a456,lead_088c58f80d01,2026-02-07T12:39:21,Organic Sales,Closed Lost,Casey Bennett,Lost,4750.0,2026-02-13T12:39:21,137,Needs more time
opp_a0ecd2d24004,lead_0fa86a880ec1,2026-05-25T03:40:45,Evergreen Sales,No Show,Morgan Reed,Open,0.0,2026-06-19T03:40:45,11,
opp_29c55c14819b,lead_b9c1badf28b9,2026-06-18T09:06:50,Evergreen Sales,Contact Attempted,Casey Bennett,Open,0.0,2026-07-15T09:06:50,0,
opp_3bbe3be57ca6,lead_020e9b372fd3,2026-03-20T14:48:57,Webinar Sales,Disqualified,Riley Carter,Lost,0.0,2026-04-05T14:48:57,86,Low intent
opp_3533469903ae,lead_c78f2a790721,2026-05-25T04:09:03,Evergreen Sales,Follow Up,Riley Carter,Open,0.0,2026-05-30T04:09:03,31,
opp_ef8bd01d3319,lead_ea85a1d460a9,2026-04-12T02:24:02,Webinar Sales,Follow Up,Morgan Reed,Open,0.0,2026-05-06T02:24:02,55,
opp_4d8ac53e72be,lead_07d6018349d4,2026-05-23T18:08:27,Organic Sales,Contact Attempted,Riley Carter,Open,0.0,2026-06-20T18:08:27,10,
opp_5e57210c9a1c,lead_91ec553cb9a7,2026-02-26T12:59:39,Evergreen Sales,Contacted,Casey Bennett,Open,0.0,2026-03-21T12:59:39,101,
opp_7be4d0348a40,lead_d5252cf0fc2b,2026-02-27T04:05:43,Organic Sales,Contact Attempted,Riley Carter,Open,0.0,2026-03-22T04:05:43,100,
opp_7d972c6c7e49,lead_ed097084c2ba,2026-06-11T03:35:02,Webinar Sales,Contacted,Riley Carter,Open,0.0,2026-07-03T03:35:02,0,
opp_68c2c4bcfd31,lead_49064cb482ed,2026-06-23T15:52:14,Evergreen Sales,Follow Up,Casey Bennett,Open,0.0,2026-07-01T15:52:14,0,
opp_6a45080935a0,lead_af6599ee4f75,2026-03-30T02:18:19,Evergreen Sales,Contacted,Casey Bennett,Open,0.0,2026-04-12T02:18:19,79,
opp_561031fd035f,lead_f05c2f5ceda5,2026-05-15T07:38:12,Evergreen Sales,Contacted,Riley Carter,Open,0.0,2026-05-24T07:38:12,37,
opp_04af4d828c99,lead_8ab95f69968f,2026-01-23T04:02:49,Webinar Sales,Closed Won,Riley Carter,Won,297.0,2026-01-29T04:02:49,152,
opp_d4eefcfe6283,lead_02c3e6cc169f,2026-03-15T12:46:13,Referral Sales,Follow Up,Casey Bennett,Open,0.0,2026-04-02T12:46:13,89,
opp_3fdd578baa91,lead_f743f9eeade2,2026-02-01T11:33:10,Organic Sales,Contacted,Morgan Reed,Open,0.0,2026-03-03T11:33:10,119,
opp_d953b1b0bb58,lead_bf9b7b63e1b6,2026-05-22T18:48:01,Evergreen Sales,Closed Lost,Morgan Reed,Lost,0.0,2026-06-12T18:48:01,18,Unable to contact
opp_4f43b36c4af6,lead_9fab6185b8ad,2026-01-01T16:27:52,Webinar Sales,Closed Lost,Casey Bennett,Lost,250.0,2026-01-26T16:27:52,155,Chose competitor
opp_29027b7bb3ab,lead_e276d6f6c24a,2026-04-16T12:53:56,Organic Sales,Contact Attempted,Morgan Reed,Open,0.0,2026-04-20T12:53:56,71,
opp_3dc77ff03cb6,lead_44d378698bbc,2026-04-03T08:58:42,Evergreen Sales,Contacted,Riley Carter,Open,0.0,2026-04-07T08:58:42,84,
opp_6e0bf8f51a0e,lead_c52cd91993e5,2026-06-21T07:12:00,Organic Sales,Contact Attempted,Riley Carter,Open,0.0,2026-07-17T07:12:00,0,
opp_5bc10e892376,lead_14c7be81926a,2026-01-10T11:58:41,Webinar Sales,Closed Lost,Casey Bennett,Lost,5000.0,2026-01-20T11:58:41,161,Partner approval
opp_060f12a68fe4,lead_c266dc4a7bee,2026-05-10T12:25:45,Evergreen Sales,Closed Lost,Casey Bennett,Lost,0.0,2026-06-08T12:25:45,22,Not interested
opp_e15c30159290,lead_5a0e86ff4b37,2026-01-22T03:27:11,Evergreen Sales,Contacted,Riley Carter,Open,0.0,2026-02-05T03:27:11,145,
opp_fe653caeff73,lead_7b746b02e249,2026-05-15T06:41:13,Evergreen Sales,Contacted,Morgan Reed,Open,0.0,2026-05-22T06:41:13,39,
opp_efcd31c6926b,lead_7fc8053f45db,2026-06-30T21:00:38,Evergreen Sales,Contact Attempted,Casey Bennett,Open,0.0,2026-07-03T21:00:38,0,
opp_a2540c338661,lead_6fccc7f6f498,2026-06-09T06:42:38,Evergreen Sales,Cancelled,Morgan Reed,Open,0.0,2026-06-25T06:42:38,5,
opp_e7d7eedec0d0,lead_6f50a5022ff0,2026-01-24T16:40:10,Evergreen Sales,Contacted,Riley Carter,Open,0.0,2026-01-24T16:40:10,157,
opp_e3d742a127e0,lead_1c07680b7aca,2026-04-29T20:22:37,Evergreen Sales,Follow Up,Riley Carter,Open,0.0,2026-05-27T20:22:37,34,
opp_9aacfbb8dc00,lead_3267812c4f51,2026-04-04T22:01:58,Organic Sales,Follow Up,Casey Bennett,Open,0.0,2026-04-19T22:01:58,72,
opp_ce5922945f48,lead_7318daa5a832,2026-02-20T10:06:12,Evergreen Sales,Contacted,Casey Bennett,Open,0.0,2026-02-21T10:06:12,129,
opp_8c5b2fda4ec8,lead_a2c8341289f2,2026-04-11T22:00:16,Evergreen Sales,Disqualified,Riley Carter,Lost,0.0,2026-05-06T22:00:16,55,Wrong timing
opp_b9c53ea2c75d,lead_294fa8d7ea77,2026-02-07T14:02:01,Evergreen Sales,Contacted,Riley Carter,Open,0.0,2026-03-06T14:02:01,116,
opp_3fff7e57b9cd,lead_eedc3a4078fb,2026-06-05T06:14:23,Webinar Sales,Contacted,Morgan Reed,Open,0.0,2026-06-22T06:14:23,8,
opp_aaea83c36dd5,lead_414a74f246dc,2026-06-06T12:26:06,Evergreen Sales,Closed Lost,Morgan Reed,Lost,0.0,2026-06-20T12:26:06,10,No budget
opp_a22b2fc47a39,lead_63624bc005c9,2026-06-03T10:34:40,Referral Sales,Contact Attempted,Riley Carter,Open,0.0,2026-06-28T10:34:40,2,
opp_c452aea69ec9,lead_2082dbf40923,2026-01-23T02:31:03,Evergreen Sales,No Show,Riley Carter,Open,0.0,2026-02-06T02:31:03,144,
opp_15a9e33eca76,lead_4bf9a71d4864,2026-06-11T13:36:01,Organic Sales,Follow Up,Riley Carter,Open,0.0,2026-07-03T13:36:01,0,
opp_1a7622e3076a,lead_b264cdd85cb8,2026-06-04T19:28:29,Organic Sales,Contacted,Morgan Reed,Open,0.0,2026-06-24T19:28:29,6,
opp_fec66007c0ba,lead_3edcfd00ce00,2026-03-31T19:16:00,Referral Sales,Contact Attempted,Riley Carter,Open,0.0,2026-04-13T19:16:00,78,
opp_78e839e017f8,lead_5c507eba6218,2026-05-12T16:37:48,Evergreen Sales,Follow Up,Morgan Reed,Open,0.0,2026-05-22T16:37:48,39,
opp_8c732005fd53,lead_4b8ee0294a42,2026-06-05T06:06:16,Organic Sales,Closed Lost,Casey Bennett,Lost,0.0,2026-06-21T06:06:16,9,Unable to contact
opp_5119acb47b46,lead_b28508e959a1,2026-03-14T20:44:55,Webinar Sales,Closed Won,Riley Carter,Won,10000.0,2026-04-09T20:44:55,82,
opp_63ee1a05ba2a,lead_82d046dafc79,2026-04-26T13:47:42,Organic Sales,Closed Lost,Riley Carter,Lost,5000.0,2026-05-15T13:47:42,46,Partner approval
opp_d6f586e26a0d,lead_9cae170857d7,2026-02-22T17:16:10,Webinar Sales,Contact Attempted,Casey Bennett,Open,0.0,2026-02-27T17:16:10,123,
opp_6afb3cb816a9,lead_f7ecb9c12ff3,2026-02-11T23:17:05,Evergreen Sales,Follow Up,Casey Bennett,Open,0.0,2026-02-28T23:17:05,122,
opp_9d1eff2afd6a,lead_43d4b54d9d85,2026-06-27T08:32:14,Webinar Sales,Contact Attempted,Casey Bennett,Open,0.0,2026-07-05T08:32:14,0,
opp_cad72886a8eb,lead_29051afdf45e,2026-02-06T22:27:02,Webinar Sales,Closed Lost,Riley Carter,Lost,4500.0,2026-02-20T22:27:02,130,Partner approval
opp_74a0ef32e7bc,lead_8171749a1975,2026-01-28T19:48:11,Evergreen Sales,Closed Lost,Riley Carter,Lost,0.0,2026-02-09T19:48:11,141,Not interested
opp_0064aa956eb0,lead_3aca42dd85ce,2026-05-21T16:44:38,Evergreen Sales,Closed Lost,Riley Carter,Lost,10000.0,2026-06-08T16:44:38,22,Chose competitor
opp_f8aa43b8be66,lead_787fbe4175a6,2026-01-09T13:11:40,Evergreen Sales,Contacted,Casey Bennett,Open,0.0,2026-01-09T13:11:40,172,
opp_423ac08fc52b,lead_55c470ac268a,2026-01-21T00:29:38,Organic Sales,Disqualified,Casey Bennett,Lost,0.0,2026-01-31T00:29:38,150,Not qualified
opp_79d117be93c4,lead_0cad39109e6a,2026-05-05T01:15:38,Evergreen Sales,No Show,Casey Bennett,Open,0.0,2026-05-09T01:15:38,52,
opp_e2932fe030cf,lead_190f0f7a9571,2026-05-31T01:26:56,Evergreen Sales,Contacted,Morgan Reed,Open,0.0,2026-06-20T01:26:56,10,
opp_5df547e0747a,lead_1284d24a8f00,2026-01-03T23:06:05,Evergreen Sales,Contacted,Morgan Reed,Open,0.0,2026-01-19T23:06:05,162,
opp_7625de5c5929,lead_dacf085b8b17,2026-02-22T15:11:39,Organic Sales,Contacted,Riley Carter,Open,0.0,2026-03-21T15:11:39,101,
opp_0eb942d17de0,lead_c213e9feab33,2026-03-02T11:07:28,Evergreen Sales,Closed Lost,Casey Bennett,Lost,0.0,2026-03-26T11:07:28,96,Not interested
opp_6dfd04a58b07,lead_d2ebfac944e7,2026-04-02T09:47:12,Evergreen Sales,Contacted,Morgan Reed,Open,0.0,2026-04-28T09:47:12,63,
opp_5131a261e41a,lead_b7528e782497,2026-02-04T18:07:16,Evergreen Sales,Contacted,Riley Carter,Open,0.0,2026-02-24T18:07:16,126,
opp_22ff5c7bc4c5,lead_7483de6d65da,2026-03-02T16:04:44,Referral Sales,Contacted,Riley Carter,Open,0.0,2026-03-02T16:04:44,120,
opp_c97b209c6aa7,lead_5b982d4ff0ae,2026-06-29T04:29:06,Webinar Sales,Contacted,Riley Carter,Open,0.0,2026-07-11T04:29:06,0,
opp_ff9e9148de48,lead_ee431cf3b594,2026-03-02T06:31:48,Organic Sales,Contacted,Casey Bennett,Open,0.0,2026-03-29T06:31:48,93,
opp_5e6b9951bdbe,lead_1d61a1c6266f,2026-01-28T21:47:29,Evergreen Sales,Contacted,Casey Bennett,Open,0.0,2026-01-29T21:47:29,152,
opp_467a67778f36,lead_9d3aa9ec964b,2026-03-06T03:26:23,Evergreen Sales,Contact Attempted,Morgan Reed,Open,0.0,2026-03-07T03:26:23,115,
opp_58b48200506f,lead_d193fd650235,2026-04-03T22:40:49,Organic Sales,Follow Up,Casey Bennett,Open,0.0,2026-04-07T22:40:49,84,
opp_d04fe72c9dd1,lead_dd0c3576a01c,2026-04-09T15:13:01,Organic Sales,Closed Lost,Morgan Reed,Lost,5000.0,2026-05-03T15:13:01,58,Financing unavailable
opp_9e2985ee7193,lead_d8436cdaed76,2026-01-14T18:31:47,Evergreen Sales,Follow Up,Riley Carter,Open,0.0,2026-01-21T18:31:47,160,
opp_ef1ba63c2ba3,lead_ac8a9e7c9a6c,2026-04-17T09:37:39,Evergreen Sales,Contact Attempted,Morgan Reed,Open,0.0,2026-05-09T09:37:39,52,
opp_b8587b76ee46,lead_97d54e55513f,2026-06-02T07:10:04,Evergreen Sales,Contacted,Riley Carter,Open,0.0,2026-07-01T07:10:04,0,
opp_badc870db607,lead_9094e8344785,2026-05-09T15:59:48,Referral Sales,Closed Won,Riley Carter,Won,250.0,2026-05-30T15:59:48,31,
opp_bf6742f91b86,lead_b6b433bd3f45,2026-04-25T23:40:48,Webinar Sales,Contact Attempted,Morgan Reed,Open,0.0,2026-05-10T23:40:48,51,
opp_2e3e0dd30bff,lead_ef3edf23a866,2026-03-01T19:33:01,Webinar Sales,No Show,Riley Carter,Open,0.0,2026-03-17T19:33:01,105,
opp_50fab21af95f,lead_c1f21410af3f,2026-03-05T13:49:58,Webinar Sales,Contact Attempted,Morgan Reed,Open,0.0,2026-04-01T13:49:58,90,
opp_7b8f8b30e73d,lead_ea7c382f1177,2026-06-22T06:56:18,Evergreen Sales,Follow Up,Morgan Reed,Open,0.0,2026-07-15T06:56:18,0,
opp_d12163cdc690,lead_ed938a1a9923,2026-03-29T23:00:49,Webinar Sales,Closed Lost,Riley Carter,Lost,2500.0,2026-04-04T23:00:49,87,Financing unavailable
opp_c8d7c7aed7a8,lead_2475926cbd3f,2026-05-13T08:05:54,Evergreen Sales,Closed Lost,Casey Bennett,Lost,0.0,2026-06-05T08:05:54,25,Not interested
opp_fef4e9544de8,lead_64c014bf7b89,2026-05-20T09:08:58,Evergreen Sales,Contacted,Morgan Reed,Open,0.0,2026-06-15T09:08:58,15,
opp_c45cb6a86df8,lead_d0cbf7d460e2,2026-06-14T14:16:24,Organic Sales,No Show,Casey Bennett,Open,0.0,2026-07-12T14:16:24,0,
opp_abec466c46bc,lead_263e87070611,2026-01-01T03:55:48,Webinar Sales,Closed Lost,Morgan Reed,Lost,5000.0,2026-01-04T03:55:48,177,Needs more time
opp_34e98c6bdba9,lead_92441a5286cb,2026-02-15T16:18:11,Webinar Sales,Contacted,Riley Carter,Open,0.0,2026-03-01T16:18:11,121,
opp_280d45c5e030,lead_a25d11d9aba7,2026-03-20T20:14:57,Evergreen Sales,Contact Attempted,Riley Carter,Open,0.0,2026-03-21T20:14:57,101,
opp_2fe7dbb5b555,lead_2732bc700b29,2026-02-06T13:12:02,Evergreen Sales,Closed Lost,Casey Bennett,Lost,0.0,2026-02-26T13:12:02,124,Timing
opp_36306f62fd11,lead_3f3f41701d02,2026-01-25T09:06:05,Evergreen Sales,No Show,Morgan Reed,Open,0.0,2026-02-13T09:06:05,137,
opp_7f4a12c04a76,lead_f2f582eb2d54,2026-05-08T18:09:38,Evergreen Sales,Contacted,Morgan Reed,Open,0.0,2026-06-05T18:09:38,25,
opp_7bb5036ac4c8,lead_684bcdfc6ada,2026-06-17T00:36:08,Evergreen Sales,Follow Up,Riley Carter,Open,0.0,2026-07-03T00:36:08,0,
opp_3f2a6c4859d1,lead_70109e96812b,2026-03-30T05:37:52,Evergreen Sales,Contact Attempted,Casey Bennett,Open,0.0,2026-04-25T05:37:52,66,
opp_98b0a12b478c,lead_686b44e28c81,2026-03-24T11:34:49,Evergreen Sales,Contact Attempted,Riley Carter,Open,0.0,2026-03-25T11:34:49,97,
opp_a349139caa16,lead_4e507963248f,2026-02-22T06:47:52,Evergreen Sales,Contact Attempted,Casey Bennett,Open,0.0,2026-03-10T06:47:52,112,
opp_21ff42372020,lead_ca6d2bb92ed0,2026-04-21T07:46:08,Evergreen Sales,Contacted,Riley Carter,Open,0.0,2026-04-24T07:46:08,67,
opp_90812e6cdcd6,lead_1cae30017048,2026-01-28T14:10:32,Organic Sales,Closed Lost,Casey Bennett,Lost,0.0,2026-02-06T14:10:32,144,Timing
opp_fba108fb2604,lead_7def1ca64880,2026-02-17T14:51:38,Organic Sales,Closed Lost,Riley Carter,Lost,0.0,2026-03-19T14:51:38,103,Unable to contact
opp_e319fb3d8760,lead_9ebf681fd170,2026-04-15T16:50:28,Evergreen Sales,Closed Lost,Casey Bennett,Lost,0.0,2026-05-09T16:50:28,52,Not interested
opp_b0b4c8b9ef54,lead_b89c5c547f92,2026-04-02T01:05:13,Organic Sales,Contacted,Riley Carter,Open,0.0,2026-04-22T01:05:13,69,
opp_93604bae5025,lead_4cc2154afdf9,2026-03-10T12:42:03,Webinar Sales,Closed Lost,Riley Carter,Lost,0.0,2026-04-06T12:42:03,85,Timing
opp_4ac30890aa77,lead_cd22ea489af3,2026-05-22T03:56:01,Evergreen Sales,Contacted,Casey Bennett,Open,0.0,2026-06-08T03:56:01,22,
opp_1ac2d889698b,lead_7b19c06e235c,2026-05-08T10:40:20,Organic Sales,Contact Attempted,Morgan Reed,Open,0.0,2026-05-11T10:40:20,50,
opp_1484f9f8422a,lead_577e1c15add0,2026-01-25T15:01:48,Evergreen Sales,Contact Attempted,Casey Bennett,Open,0.0,2026-02-18T15:01:48,132,
opp_27274565483a,lead_731eec6a4d7f,2026-02-23T10:36:16,Evergreen Sales,Call Booked,Riley Carter,Open,0.0,2026-03-24T10:36:16,98,
opp_8f2a745715b6,lead_f45fe52721dc,2026-05-24T11:50:12,Evergreen Sales,Contact Attempted,Morgan Reed,Open,0.0,2026-06-17T11:50:12,13,
opp_ce74ba61843d,lead_8b365d84c347,2026-02-15T20:45:09,Evergreen Sales,Contacted,Morgan Reed,Open,0.0,2026-02-17T20:45:09,133,
opp_27f780651375,lead_c3c1bc26ec27,2026-01-29T04:04:34,Evergreen Sales,Contacted,Casey Bennett,Open,0.0,2026-02-16T04:04:34,134,
opp_f02e0eeacbf2,lead_01d691203e11,2026-05-30T14:10:26,Webinar Sales,Contacted,Riley Carter,Open,0.0,2026-06-27T14:10:26,3,
opp_0438908bd329,lead_888d0ed63275,2026-04-23T04:32:40,Referral Sales,Contact Attempted,Morgan Reed,Open,0.0,2026-05-12T04:32:40,49,
opp_350c65da2fb8,lead_2208dead86dd,2026-03-19T10:17:07,Evergreen Sales,Contacted,Riley Carter,Open,0.0,2026-03-20T10:17:07,102,
opp_8dae687568fe,lead_599138533264,2026-05-18T00:22:14,Evergreen Sales,Closed Lost,Riley Carter,Lost,197.0,2026-05-22T00:22:14,39,Needs more time
opp_0084f48c2454,lead_c76a6d3aea82,2026-02-26T01:52:09,Webinar Sales,Contact Attempted,Riley Carter,Open,0.0,2026-03-11T01:52:09,111,
opp_abecaf825dcc,lead_23430112bb0c,2026-01-19T21:45:02,Referral Sales,Contact Attempted,Riley Carter,Open,0.0,2026-01-27T21:45:02,154,
opp_091cc719bdb8,lead_c7b5ab7ff584,2026-03-07T01:03:40,Evergreen Sales,Contact Attempted,Casey Bennett,Open,0.0,2026-03-22T01:03:40,100,
opp_50379ecfc483,lead_31de97671065,2026-03-31T12:55:18,Referral Sales,Closed Lost,Riley Carter,Lost,2500.0,2026-04-09T12:55:18,82,Partner approval
opp_9643a9b6b5e8,lead_5608c40a9f3f,2026-04-11T23:09:12,Organic Sales,Closed Lost,Casey Bennett,Lost,0.0,2026-05-11T23:09:12,50,No Show
opp_411aa6dd5856,lead_316ea56fdb64,2026-06-11T11:57:14,Organic Sales,Call Booked,Riley Carter,Open,0.0,2026-06-11T11:57:14,19,
opp_ac7aaf60a19b,lead_b7adcdfca448,2026-03-10T06:11:06,Evergreen Sales,Contact Attempted,Morgan Reed,Open,0.0,2026-03-12T06:11:06,110,
opp_1c471541634a,lead_757fcc314040,2026-01-18T20:28:38,Evergreen Sales,Closed Lost,Morgan Reed,Lost,5000.0,2026-02-17T20:28:38,133,Financing unavailable
opp_3bad215ef906,lead_12e9e70c8f9c,2026-05-18T11:52:08,Evergreen Sales,Closed Lost,Morgan Reed,Lost,0.0,2026-06-14T11:52:08,16,Timing
opp_191f0c296424,lead_8ef4ac3a2de6,2026-06-23T23:40:12,Evergreen Sales,Contact Attempted,Casey Bennett,Open,0.0,2026-07-04T23:40:12,0,
opp_146e8f0828cb,lead_0d288499cdff,2026-05-05T00:55:58,Organic Sales,Follow Up,Casey Bennett,Open,0.0,2026-06-03T00:55:58,27,
opp_a2520a975c4a,lead_2102cfdded7b,2026-02-19T23:16:31,Referral Sales,Contacted,Morgan Reed,Open,0.0,2026-03-20T23:16:31,102,
opp_1664a9eea1c5,lead_350288db55d3,2026-01-12T15:53:36,Evergreen Sales,Contacted,Morgan Reed,Open,0.0,2026-01-16T15:53:36,165,
opp_366e417de66d,lead_e320a81d6277,2026-06-30T07:31:32,Evergreen Sales,Closed Lost,Riley Carter,Lost,0.0,2026-07-07T07:31:32,0,Timing
opp_d8124c687497,lead_1455a8aae6e4,2026-04-15T23:31:42,Organic Sales,Contact Attempted,Morgan Reed,Open,0.0,2026-05-15T23:31:42,46,
opp_3f5d3ad8f400,lead_f3bea7d35ce4,2026-01-21T01:21:10,Evergreen Sales,Follow Up,Riley Carter,Open,0.0,2026-02-13T01:21:10,137,
opp_4df78d7168d6,lead_330d2d596906,2026-01-04T15:27:00,Evergreen Sales,Closed Lost,Morgan Reed,Lost,750.0,2026-01-05T15:27:00,176,Needs more time
opp_416c0102c8b7,lead_1146a9e9f9d2,2026-02-21T17:41:02,Evergreen Sales,Follow Up,Riley Carter,Open,0.0,2026-03-13T17:41:02,109,
opp_e3fe3f5c90f8,lead_133793c574eb,2026-05-30T17:04:36,Evergreen Sales,Follow Up,Riley Carter,Open,0.0,2026-06-25T17:04:36,5,
opp_ef6c82614132,lead_83d491e8e3fc,2026-04-15T21:10:56,Webinar Sales,Closed Lost,Casey Bennett,Lost,4000.0,2026-04-20T21:10:56,71,Chose competitor
opp_7fa82e52d0a5,lead_2054b130fa81,2026-03-11T16:40:50,Evergreen Sales,Contacted,Morgan Reed,Open,0.0,2026-03-22T16:40:50,100,
opp_b29873da256f,lead_bc650834c70d,2026-03-12T22:40:45,Referral Sales,Contact Attempted,Morgan Reed,Open,0.0,2026-03-20T22:40:45,102,
opp_3a82706328c3,lead_7ddcc33d446f,2026-05-06T18:55:55,Webinar Sales,Contact Attempted,Casey Bennett,Open,0.0,2026-05-24T18:55:55,37,
opp_436d6f084917,lead_9f12e740c8c8,2026-05-16T03:02:47,Referral Sales,Closed Lost,Riley Carter,Lost,0.0,2026-05-28T03:02:47,33,Timing
opp_b69052f418ef,lead_ab8cfbed1720,2026-06-21T21:23:49,Evergreen Sales,Follow Up,Morgan Reed,Open,0.0,2026-07-20T21:23:49,0,
opp_b42a283f2e70,lead_09bead2c52f3,2026-05-20T18:13:37,Evergreen Sales,Contacted,Morgan Reed,Open,0.0,2026-05-29T18:13:37,32,
opp_440cd95f9a5b,lead_c9fe93689b16,2026-04-08T00:41:48,Webinar Sales,Contact Attempted,Morgan Reed,Open,0.0,2026-05-05T00:41:48,56,
opp_e8498abcf630,lead_ca7a008d5792,2026-03-07T13:52:57,Evergreen Sales,Contact Attempted,Riley Carter,Open,0.0,2026-03-15T13:52:57,107,
opp_ef61d4e32165,lead_5740b48c57d2,2026-05-12T16:04:18,Referral Sales,Closed Lost,Morgan Reed,Lost,0.0,2026-06-04T16:04:18,26,No Show
opp_d45014b2730d,lead_08546aae27c9,2026-05-23T19:29:26,Evergreen Sales,Contacted,Casey Bennett,Open,0.0,2026-06-15T19:29:26,15,
opp_30f9844a158d,lead_98678d13fea5,2026-02-17T02:58:57,Webinar Sales,Contact Attempted,Riley Carter,Open,0.0,2026-02-28T02:58:57,122,
opp_c5ce5f44b6f5,lead_e503be15683d,2026-06-09T08:55:19,Evergreen Sales,Closed Lost,Riley Carter,Lost,0.0,2026-06-29T08:55:19,1,Timing
opp_bf4a6374b1bd,lead_12c0fa1cc745,2026-01-23T04:06:57,Evergreen Sales,Contacted,Morgan Reed,Open,0.0,2026-01-31T04:06:57,150,
opp_6aebd49cc95f,lead_8719d2e6757d,2026-03-24T18:17:21,Evergreen Sales,Contacted,Riley Carter,Open,0.0,2026-04-22T18:17:21,69,
opp_642f6149eb59,lead_a5e6f60dc58d,2026-05-13T20:04:58,Evergreen Sales,Closed Lost,Morgan Reed,Lost,5000.0,2026-05-16T20:04:58,45,Financing unavailable
opp_ff8f075a917d,lead_9d77bea90784,2026-03-07T03:33:38,Webinar Sales,No Show,Casey Bennett,Open,0.0,2026-03-09T03:33:38,113,
opp_ef9e144c9ab4,lead_fafb37d5cd0a,2026-04-18T11:04:01,Evergreen Sales,Closed Lost,Morgan Reed,Lost,4750.0,2026-04-21T11:04:01,70,Price
opp_a9f1aa55ab43,lead_171bc743136a,2026-04-29T22:11:03,Evergreen Sales,Contacted,Casey Bennett,Open,0.0,2026-05-06T22:11:03,55,
opp_9eabf7e6a1fe,lead_99105def8fdc,2026-02-04T20:07:28,Evergreen Sales,Contacted,Casey Bennett,Open,0.0,2026-02-13T20:07:28,137,
opp_fdcdff91b9bc,lead_707f5f544f2c,2026-05-15T10:37:25,Evergreen Sales,Contact Attempted,Casey Bennett,Open,0.0,2026-06-05T10:37:25,25,
opp_84c380e8a994,lead_178b9eb50baf,2026-02-16T11:00:11,Organic Sales,Follow Up,Riley Carter,Open,0.0,2026-03-10T11:00:11,112,
opp_bc919317ca1e,lead_c72e8c0523ba,2026-04-29T20:21:31,Evergreen Sales,Contacted,Casey Bennett,Open,0.0,2026-05-07T20:21:31,54,
opp_8bf88087f714,lead_68fe8aa04295,2026-02-07T06:19:55,Evergreen Sales,Contacted,Riley Carter,Open,0.0,2026-02-13T06:19:55,137,
opp_163802b4d2b3,lead_3d80babbe9a7,2026-04-01T03:24:12,Evergreen Sales,Contact Attempted,Morgan Reed,Open,0.0,2026-04-26T03:24:12,65,
opp_4b061792d8a8,lead_1cbe31744bdd,2026-05-14T01:28:02,Evergreen Sales,Call Booked,Riley Carter,Open,0.0,2026-05-14T01:28:02,47,
opp_7a59e7e52798,lead_c3f44bdfccc0,2026-05-06T05:16:09,Evergreen Sales,Contacted,Casey Bennett,Open,0.0,2026-05-29T05:16:09,32,
opp_b10efde7246d,lead_8774d863d06e,2026-01-09T09:52:26,Evergreen Sales,Follow Up,Morgan Reed,Open,0.0,2026-01-27T09:52:26,154,
opp_597c6ba6a4c8,lead_69535990962f,2026-04-05T04:32:59,Evergreen Sales,Contact Attempted,Riley Carter,Open,0.0,2026-04-22T04:32:59,69,
opp_87ff1f3c3fe1,lead_5f62edab7004,2026-03-23T08:59:25,Evergreen Sales,Call Booked,Morgan Reed,Open,0.0,2026-04-13T08:59:25,78,
opp_0689f92a1e49,lead_626bbafe2d89,2026-02-14T05:32:28,Webinar Sales,Contacted,Morgan Reed,Open,0.0,2026-03-06T05:32:28,116,
opp_eba17b05332f,lead_cdf94106568d,2026-01-15T06:40:23,Evergreen Sales,Contacted,Casey Bennett,Open,0.0,2026-01-21T06:40:23,160,
opp_21a41eb2a72f,lead_8f0f510335fd,2026-03-30T08:24:40,Evergreen Sales,Contacted,Casey Bennett,Open,0.0,2026-03-30T08:24:40,92,
opp_6dff42ca7738,lead_69333d8d5588,2026-02-22T08:52:03,Webinar Sales,Contacted,Riley Carter,Open,0.0,2026-03-07T08:52:03,115,
opp_0fa0b0a5555a,lead_6bcce6ee88dd,2026-01-27T12:08:35,Organic Sales,Contact Attempted,Casey Bennett,Open,0.0,2026-02-16T12:08:35,134,
opp_9a516117d58d,lead_844a9f7f740d,2026-02-12T16:35:30,Evergreen Sales,Contacted,Riley Carter,Open,0.0,2026-03-13T16:35:30,109,
opp_0ac9ab6364c8,lead_309ff93a4422,2026-01-17T18:59:58,Webinar Sales,Contacted,Morgan Reed,Open,0.0,2026-02-04T18:59:58,146,
opp_e7c78b3f5a3e,lead_88b0a6157494,2026-02-24T05:01:50,Organic Sales,Contact Attempted,Morgan Reed,Open,0.0,2026-03-14T05:01:50,108,
opp_d1a62bdac61b,lead_3272be696a51,2026-04-23T12:30:43,Evergreen Sales,Follow Up,Morgan Reed,Open,0.0,2026-05-19T12:30:43,42,
opp_aa7374dfe45a,lead_00f16683165c,2026-03-23T02:57:28,Evergreen Sales,Contacted,Riley Carter,Open,0.0,2026-04-09T02:57:28,82,
opp_bc4d6f31df31,lead_a9def4478b45,2026-03-24T15:53:41,Webinar Sales,Contact Attempted,Morgan Reed,Open,0.0,2026-04-06T15:53:41,85,
opp_d1a8382ae5cc,lead_fd57a93ef45a,2026-01-17T03:14:04,Evergreen Sales,Closed Lost,Riley Carter,Lost,0.0,2026-01-31T03:14:04,150,Timing
opp_9afdf61518af,lead_df1af76363f5,2026-01-26T18:28:57,Evergreen Sales,Contact Attempted,Morgan Reed,Open,0.0,2026-02-08T18:28:57,142,
opp_07810e68d677,lead_1df7a61367e2,2026-03-01T04:38:29,Evergreen Sales,Closed Lost,Riley Carter,Lost,0.0,2026-03-31T04:38:29,91,Not interested
opp_6dfb04f3463d,lead_2e943d655fa5,2026-04-01T01:16:52,Organic Sales,Follow Up,Morgan Reed,Open,0.0,2026-04-11T01:16:52,80,
opp_1f8b52d38998,lead_7b1a16233349,2026-05-02T17:09:02,Webinar Sales,Follow Up,Riley Carter,Open,0.0,2026-05-10T17:09:02,51,
opp_7014176cd770,lead_6a757d96c327,2026-03-06T15:27:18,Evergreen Sales,Contacted,Casey Bennett,Open,0.0,2026-04-05T15:27:18,86,
opp_ea40a42cf275,lead_db0793908425,2026-06-02T22:54:36,Referral Sales,Contacted,Riley Carter,Open,0.0,2026-06-06T22:54:36,24,
opp_2b8312e0052d,lead_fb5ada1343b0,2026-06-22T10:16:37,Evergreen Sales,Closed Lost,Casey Bennett,Lost,1500.0,2026-07-18T10:16:37,0,Chose competitor
opp_4ee2e08a49a9,lead_9b7e6b7dd3f4,2026-03-13T03:42:05,Organic Sales,Closed Lost,Morgan Reed,Lost,0.0,2026-03-30T03:42:05,92,Not interested
opp_2a32a94740ce,lead_e1b5f48b5e5b,2026-01-27T21:01:04,Organic Sales,Contact Attempted,Riley Carter,Open,0.0,2026-02-19T21:01:04,131,
opp_c3a888bb6a2b,lead_accf544200f0,2026-05-27T06:02:34,Organic Sales,Contact Attempted,Riley Carter,Open,0.0,2026-06-09T06:02:34,21,
opp_2eb3e535ff66,lead_d4869fa57234,2026-01-11T13:48:07,Referral Sales,Contact Attempted,Casey Bennett,Open,0.0,2026-02-08T13:48:07,142,
opp_9fe287ec72ba,lead_c1d681dda76d,2026-04-02T07:07:20,Organic Sales,Contacted,Casey Bennett,Open,0.0,2026-04-13T07:07:20,78,
opp_1d06fd35881b,lead_78131dcb96f2,2026-06-05T07:49:19,Evergreen Sales,Closed Lost,Morgan Reed,Lost,0.0,2026-06-05T07:49:19,25,Timing
opp_34c996ab869d,lead_d070b41b960c,2026-01-17T22:53:17,Webinar Sales,Closed Lost,Casey Bennett,Lost,10000.0,2026-02-05T22:53:17,145,Price
opp_60e0ae5a9729,lead_84e139e37dfe,2026-01-22T05:40:38,Evergreen Sales,Contact Attempted,Morgan Reed,Open,0.0,2026-01-30T05:40:38,151,
opp_e95ef8d85569,lead_f7fc66fa1928,2026-04-12T02:34:48,Organic Sales,Follow Up,Riley Carter,Open,0.0,2026-05-01T02:34:48,60,
opp_50d79de15056,lead_f0ff78b38d0d,2026-04-03T00:33:25,Organic Sales,Contacted,Riley Carter,Open,0.0,2026-04-10T00:33:25,81,
opp_159e073e020b,lead_95937186a940,2026-01-13T05:21:57,Evergreen Sales,Closed Lost,Riley Carter,Lost,0.0,2026-01-24T05:21:57,157,No budget
opp_81ea54eaf11c,lead_73a4c9aea8fe,2026-04-23T08:57:32,Referral Sales,Contact Attempted,Casey Bennett,Open,0.0,2026-05-20T08:57:32,41,
opp_0d10099b54dd,lead_09d0509dae6c,2026-03-30T22:28:03,Organic Sales,Contact Attempted,Morgan Reed,Open,0.0,2026-04-10T22:28:03,81,
opp_8f209ffc03b1,lead_dae82f0c5622,2026-04-05T00:44:11,Webinar Sales,Closed Lost,Morgan Reed,Lost,0.0,2026-04-14T00:44:11,77,Timing
opp_9b9afd777483,lead_1aa6380b970f,2026-02-02T07:18:29,Evergreen Sales,Closed Lost,Riley Carter,Lost,0.0,2026-02-28T07:18:29,122,Timing
opp_45a8c464a458,lead_98b40dff1972,2026-06-12T23:34:08,Evergreen Sales,Contact Attempted,Morgan Reed,Open,0.0,2026-06-19T23:34:08,11,
opp_81cc1894bd45,lead_e8bcb5bed740,2026-04-22T13:28:52,Evergreen Sales,Closed Lost,Morgan Reed,Lost,9750.0,2026-04-26T13:28:52,65,Partner approval
opp_ecd681a0f2c7,lead_1a8e6e5a2f6e,2026-01-07T17:39:46,Evergreen Sales,Contacted,Morgan Reed,Open,0.0,2026-02-04T17:39:46,146,
opp_c2f0c2a8a270,lead_4b50d8674792,2026-04-14T14:57:23,Evergreen Sales,Contact Attempted,Casey Bennett,Open,0.0,2026-04-24T14:57:23,67,
opp_13a3f38516b2,lead_e067d56913e4,2026-03-30T22:37:28,Evergreen Sales,Call Booked,Riley Carter,Open,0.0,2026-04-23T22:37:28,68,
opp_1141ac125c76,lead_02cd7b509c67,2026-05-06T16:22:31,Evergreen Sales,Call Booked,Riley Carter,Open,0.0,2026-05-11T16:22:31,50,
opp_312c0edc4def,lead_267b8c2fe56a,2026-03-07T18:23:01,Referral Sales,Follow Up,Morgan Reed,Open,0.0,2026-03-27T18:23:01,95,
opp_932724e8b0e9,lead_aaaa49352e40,2026-03-01T19:46:01,Referral Sales,Closed Won,Casey Bennett,Won,750.0,2026-03-22T19:46:01,100,
opp_702d037a122b,lead_053d00f8198b,2026-01-11T16:28:31,Evergreen Sales,Follow Up,Riley Carter,Open,0.0,2026-01-17T16:28:31,164,
opp_d6f7c5aa6ee4,lead_8ac38178b919,2026-02-08T00:06:04,Evergreen Sales,Contacted,Riley Carter,Open,0.0,2026-03-09T00:06:04,113,
opp_868b2c674959,lead_64ca53065ca6,2026-04-10T09:06:09,Referral Sales,Closed Won,Riley Carter,Won,9500.0,2026-04-20T09:06:09,71,
opp_a226c84cf4bf,lead_6dcf53ce05a4,2026-06-26T09:40:10,Organic Sales,Follow Up,Riley Carter,Open,0.0,2026-07-02T09:40:10,0,
opp_51f4520e79cc,lead_6c8768654e0e,2026-03-16T23:24:54,Webinar Sales,No Show,Casey Bennett,Open,0.0,2026-03-24T23:24:54,98,
opp_fa5187d09790,lead_be16ed7fc4ac,2026-06-19T18:32:29,Evergreen Sales,Follow Up,Casey Bennett,Open,0.0,2026-07-18T18:32:29,0,
opp_046b83944725,lead_233b5eaef7f6,2026-06-06T01:26:45,Webinar Sales,Contact Attempted,Casey Bennett,Open,0.0,2026-06-18T01:26:45,12,
opp_629a80ddd6ed,lead_3f03d34b9b65,2026-01-28T02:25:57,Webinar Sales,Contact Attempted,Morgan Reed,Open,0.0,2026-02-02T02:25:57,148,
opp_05de6a3bf695,lead_7d6867cad1d6,2026-03-07T03:09:19,Evergreen Sales,Follow Up,Casey Bennett,Open,0.0,2026-03-24T03:09:19,98,
opp_7c75e386ed55,lead_8b5d50db3f68,2026-05-05T01:03:06,Evergreen Sales,Contact Attempted,Casey Bennett,Open,0.0,2026-05-05T01:03:06,56,
opp_a02719139c40,lead_00d9e7548f47,2026-02-08T16:36:27,Webinar Sales,Closed Lost,Riley Carter,Lost,0.0,2026-03-04T16:36:27,118,Cancelled
opp_69b9cff33025,lead_3aebff42993c,2026-06-12T01:26:56,Organic Sales,Closed Lost,Riley Carter,Lost,750.0,2026-06-19T01:26:56,11,Price
opp_6ae6ece83124,lead_3d167c579f1b,2026-06-03T15:21:01,Organic Sales,Contacted,Riley Carter,Open,0.0,2026-06-14T15:21:01,16,
opp_42f0fd9edc53,lead_9656dd352294,2026-01-25T02:42:23,Webinar Sales,Contact Attempted,Casey Bennett,Open,0.0,2026-02-03T02:42:23,147,
opp_aec9d5223ebb,lead_03f1e83cb4e8,2026-05-06T04:55:11,Evergreen Sales,Closed Lost,Casey Bennett,Lost,10000.0,2026-05-12T04:55:11,49,Partner approval
opp_d697d4aebd8f,lead_8a1f8e4859b8,2026-04-27T07:02:09,Evergreen Sales,Contact Attempted,Casey Bennett,Open,0.0,2026-05-13T07:02:09,48,
opp_ff37813b5324,lead_204d2463faf6,2026-05-15T19:24:59,Webinar Sales,Disqualified,Riley Carter,Lost,0.0,2026-06-02T19:24:59,28,Insufficient capital
opp_e4785ca5bc36,lead_69c26a86135a,2026-02-01T14:55:23,Evergreen Sales,Contacted,Casey Bennett,Open,0.0,2026-02-28T14:55:23,122,
opp_91bd27986b22,lead_0cd5642a6a59,2026-03-11T09:32:13,Webinar Sales,Closed Lost,Casey Bennett,Lost,5000.0,2026-03-20T09:32:13,102,Partner approval
opp_cc50682f48cf,lead_5f7dc26dcf3b,2026-01-10T11:01:40,Referral Sales,Closed Lost,Morgan Reed,Lost,9750.0,2026-01-23T11:01:40,158,Chose competitor
opp_cf8f0204ede1,lead_5cbb32e13ef8,2026-05-29T11:42:38,Organic Sales,Call Booked,Riley Carter,Open,0.0,2026-05-30T11:42:38,31,
opp_debb244a5a13,lead_cf33f2bd3ada,2026-06-10T13:16:11,Evergreen Sales,Closed Lost,Riley Carter,Lost,0.0,2026-06-11T13:16:11,19,Timing
opp_c92b184c1a07,lead_532d6a534b88,2026-01-19T14:36:57,Referral Sales,Follow Up,Morgan Reed,Open,0.0,2026-02-18T14:36:57,132,
opp_34f30e3e60dc,lead_5b27d2ec6cfb,2026-03-14T10:22:19,Evergreen Sales,Closed Won,Morgan Reed,Won,10000.0,2026-03-23T10:22:19,99,
opp_f17ea56ca497,lead_0fc93e961fbd,2026-02-12T22:27:48,Evergreen Sales,Contact Attempted,Riley Carter,Open,0.0,2026-03-01T22:27:48,121,
opp_43a05998153e,lead_9e3ebe924dfb,2026-03-23T00:58:28,Referral Sales,Closed Lost,Morgan Reed,Lost,0.0,2026-04-12T00:58:28,79,Unable to contact
opp_59785b3737bd,lead_3fe4016823cb,2026-03-09T14:46:32,Evergreen Sales,Disqualified,Casey Bennett,Lost,0.0,2026-03-24T14:46:32,98,Low intent
opp_62c8347c6ee4,lead_6eced710a683,2026-02-03T10:32:36,Webinar Sales,Closed Lost,Morgan Reed,Lost,0.0,2026-02-06T10:32:36,144,No Show
opp_8d47c3e2f66b,lead_c427a7b8ce6f,2026-01-28T15:26:33,Evergreen Sales,Closed Won,Morgan Reed,Won,5000.0,2026-02-18T15:26:33,132,
opp_2a74128d50ba,lead_8f1fdf108586,2026-05-15T03:26:45,Evergreen Sales,Contact Attempted,Casey Bennett,Open,0.0,2026-05-16T03:26:45,45,
opp_03668b81c357,lead_b07d796a6bf2,2026-01-07T08:49:30,Evergreen Sales,Contacted,Casey Bennett,Open,0.0,2026-01-24T08:49:30,157,
opp_06c04ad08adf,lead_26004bf2fc22,2026-01-09T09:42:23,Evergreen Sales,Closed Lost,Morgan Reed,Lost,0.0,2026-01-09T09:42:23,172,Timing
opp_63dd64b5d18d,lead_e42937f7d349,2026-04-25T02:25:43,Webinar Sales,Contact Attempted,Morgan Reed,Open,0.0,2026-05-21T02:25:43,40,
opp_8a1c4507de3b,lead_c73d6f6f2b4d,2026-02-23T20:39:51,Evergreen Sales,Follow Up,Riley Carter,Open,0.0,2026-03-01T20:39:51,121,
opp_8ee7c0108de7,lead_71aac88a4e32,2026-04-09T01:02:51,Webinar Sales,Contacted,Morgan Reed,Open,0.0,2026-05-04T01:02:51,57,
opp_c68a667fbb1e,lead_e03c50f71d68,2026-02-24T17:32:52,Organic Sales,Contacted,Morgan Reed,Open,0.0,2026-03-07T17:32:52,115,
opp_3d7e34d2060a,lead_60fb056530a6,2026-06-29T11:14:01,Evergreen Sales,Disqualified,Casey Bennett,Lost,0.0,2026-07-04T11:14:01,0,Low intent
opp_d59ae35b0472,lead_22aa9b8e49d9,2026-03-27T08:59:28,Evergreen Sales,Closed Lost,Casey Bennett,Lost,0.0,2026-03-28T08:59:28,94,No Show
opp_3ed213602f4e,lead_66cb31e201b9,2026-02-11T14:35:21,Evergreen Sales,Closed Lost,Casey Bennett,Lost,0.0,2026-02-17T14:35:21,133,No Show
opp_2a62e0e4cf37,lead_978462446566,2026-04-11T22:06:21,Evergreen Sales,Contact Attempted,Riley Carter,Open,0.0,2026-05-11T22:06:21,50,
opp_11ac0be4c713,lead_0524bc64cb93,2026-01-08T21:14:58,Evergreen Sales,Contact Attempted,Casey Bennett,Open,0.0,2026-02-04T21:14:58,146,
opp_34e57e03ad80,lead_16695d8f1b82,2026-05-23T22:49:17,Evergreen Sales,Contacted,Morgan Reed,Open,0.0,2026-06-12T22:49:17,18,
opp_e7ded35e13e4,lead_9f48de4e6357,2026-06-16T02:17:34,Organic Sales,Contacted,Casey Bennett,Open,0.0,2026-06-26T02:17:34,4,
opp_3730b2f9513a,lead_e10edf60a532,2026-02-04T19:35:09,Evergreen Sales,Call Booked,Riley Carter,Open,0.0,2026-02-04T19:35:09,146,
opp_23c089a1ffad,lead_f6ccb87f44e5,2026-04-12T11:46:59,Evergreen Sales,Contact Attempted,Morgan Reed,Open,0.0,2026-05-03T11:46:59,58,
opp_52aefb11f519,lead_8d1c6f56368f,2026-05-24T23:19:27,Evergreen Sales,Closed Lost,Casey Bennett,Lost,0.0,2026-06-19T23:19:27,11,No budget
opp_08f8d1c013f3,lead_3e430011af7c,2026-01-24T20:06:47,Evergreen Sales,Closed Lost,Casey Bennett,Lost,0.0,2026-02-16T20:06:47,134,No budget
opp_6f3afbc7a879,lead_f01776f62fa1,2026-05-29T17:41:20,Evergreen Sales,Closed Lost,Casey Bennett,Lost,0.0,2026-06-23T17:41:20,7,Timing
opp_fdb24803a4e3,lead_df4a5ce498dd,2026-04-05T02:05:12,Evergreen Sales,Contact Attempted,Morgan Reed,Open,0.0,2026-04-18T02:05:12,73,
opp_48ed8c65a5c6,lead_364dd48ebfc3,2026-04-07T13:27:49,Evergreen Sales,Contact Attempted,Morgan Reed,Open,0.0,2026-04-10T13:27:49,81,
opp_7e321a537a71,lead_8d012157ce4e,2026-06-11T05:32:11,Evergreen Sales,Contact Attempted,Morgan Reed,Open,0.0,2026-06-19T05:32:11,11,
opp_45192b874a5d,lead_1436fb6ce695,2026-01-30T15:48:15,Evergreen Sales,Contact Attempted,Morgan Reed,Open,0.0,2026-02-17T15:48:15,133,
opp_6da8e1b08946,lead_e641ce100280,2026-06-03T22:23:46,Referral Sales,Closed Lost,Casey Bennett,Lost,0.0,2026-06-03T22:23:46,27,Timing
opp_c0d105dd0f3b,lead_81f6381a276c,2026-04-16T07:56:41,Organic Sales,Contacted,Riley Carter,Open,0.0,2026-04-29T07:56:41,62,
opp_17d6c4d4f15f,lead_a18fe3977a3e,2026-03-25T13:50:21,Evergreen Sales,Contacted,Casey Bennett,Open,0.0,2026-03-31T13:50:21,91,
opp_5ed78bf47834,lead_57f253a32c90,2026-01-07T09:08:15,Evergreen Sales,Closed Won,Riley Carter,Won,10000.0,2026-01-23T09:08:15,158,
opp_24c45f084884,lead_d5fe77aa1410,2026-01-27T02:45:38,Evergreen Sales,Closed Lost,Morgan Reed,Lost,0.0,2026-02-14T02:45:38,136,Not interested
opp_ae6752bea55d,lead_8c6e898b5798,2026-05-09T04:11:21,Organic Sales,Contact Attempted,Casey Bennett,Open,0.0,2026-05-10T04:11:21,51,
opp_5b9216ad5ed6,lead_af3e5db9a27d,2026-04-09T09:19:24,Organic Sales,Contacted,Riley Carter,Open,0.0,2026-04-13T09:19:24,78,
opp_dde430888e72,lead_cee2283e6d08,2026-05-29T20:00:45,Evergreen Sales,Contacted,Riley Carter,Open,0.0,2026-06-01T20:00:45,29,
opp_a2849cda8d26,lead_09172f5c8071,2026-03-09T17:53:01,Evergreen Sales,Contacted,Casey Bennett,Open,0.0,2026-04-01T17:53:01,90,
opp_242d06de1243,lead_c240d82a670a,2026-03-09T00:28:59,Evergreen Sales,Contacted,Riley Carter,Open,0.0,2026-03-10T00:28:59,112,
opp_5d3977a92399,lead_9b83e43b5fa9,2026-05-06T20:17:05,Evergreen Sales,Call Booked,Morgan Reed,Open,0.0,2026-05-09T20:17:05,52,
opp_194d8b5796c4,lead_88685f36c661,2026-03-07T13:18:11,Webinar Sales,Follow Up,Morgan Reed,Open,0.0,2026-03-31T13:18:11,91,
opp_b0a48402d2a9,lead_94939b25fcd3,2026-04-21T07:18:07,Organic Sales,Closed Won,Morgan Reed,Won,10000.0,2026-05-08T07:18:07,53,
opp_cdc20508f945,lead_41576d1f3ce4,2026-03-03T11:03:49,Referral Sales,Contact Attempted,Riley Carter,Open,0.0,2026-03-19T11:03:49,103,
opp_dd298d34ac1d,lead_78a0dec96ae8,2026-01-20T10:17:52,Evergreen Sales,Contacted,Riley Carter,Open,0.0,2026-01-23T10:17:52,158,
opp_0c70a9d730d8,lead_0d80fcd028bf,2026-02-02T08:32:20,Webinar Sales,Closed Lost,Morgan Reed,Lost,0.0,2026-02-07T08:32:20,143,Cancelled
opp_3b3b666e2f76,lead_f4503064f92c,2026-06-13T04:27:24,Organic Sales,Follow Up,Morgan Reed,Open,0.0,2026-07-02T04:27:24,0,
opp_24d833aa6db3,lead_0c5990b581b2,2026-03-20T01:34:59,Evergreen Sales,Contacted,Riley Carter,Open,0.0,2026-04-15T01:34:59,76,
opp_118224376465,lead_01cae50183f9,2026-04-25T22:17:21,Webinar Sales,Contact Attempted,Riley Carter,Open,0.0,2026-05-16T22:17:21,45,
opp_cc5c743f6a2e,lead_6dfc8a7cc087,2026-03-09T10:36:43,Organic Sales,Follow Up,Riley Carter,Open,0.0,2026-03-13T10:36:43,109,
opp_632083862c1d,lead_a0ce5ef101d5,2026-05-09T19:55:56,Webinar Sales,Closed Lost,Casey Bennett,Lost,4500.0,2026-05-14T19:55:56,47,Partner approval
opp_8a8dd36456b1,lead_81d0d4e578e0,2026-03-30T00:11:54,Evergreen Sales,Closed Lost,Morgan Reed,Lost,0.0,2026-04-24T00:11:54,67,No budget
opp_db97f0c09a56,lead_0f9973457abe,2026-04-23T00:17:04,Referral Sales,Closed Lost,Casey Bennett,Lost,5000.0,2026-05-11T00:17:04,50,Chose competitor
opp_25dfdc242285,lead_269b21dea978,2026-04-14T10:39:07,Evergreen Sales,Contact Attempted,Riley Carter,Open,0.0,2026-05-14T10:39:07,47,
opp_976ffa9b674b,lead_6bc31b68c2ae,2026-04-12T09:57:09,Webinar Sales,Contacted,Morgan Reed,Open,0.0,2026-04-25T09:57:09,66,
opp_890c5dbbf738,lead_fdb15458dc97,2026-05-29T15:37:43,Evergreen Sales,Contacted,Casey Bennett,Open,0.0,2026-06-18T15:37:43,12,
opp_687fd14bf4d5,lead_84d2c88b83f5,2026-05-04T02:18:58,Webinar Sales,Contacted,Casey Bennett,Open,0.0,2026-05-24T02:18:58,37,
opp_c6ab2e5f7054,lead_92a0341e4bb9,2026-05-14T08:58:33,Referral Sales,Follow Up,Morgan Reed,Open,0.0,2026-06-09T08:58:33,21,
opp_e73a4a99c1e8,lead_e2400316ded3,2026-02-17T16:30:59,Evergreen Sales,Follow Up,Casey Bennett,Open,0.0,2026-03-10T16:30:59,112,
opp_6935eebe03bf,lead_e66b0d439ffe,2026-02-09T05:20:38,Evergreen Sales,Follow Up,Casey Bennett,Open,0.0,2026-02-20T05:20:38,130,
opp_6f9e88be5b4f,lead_11aa058e9df3,2026-05-08T21:37:40,Webinar Sales,Cancelled,Riley Carter,Open,0.0,2026-05-23T21:37:40,38,
opp_017c8735960d,lead_736dd56dc252,2026-01-11T17:50:37,Organic Sales,Contact Attempted,Morgan Reed,Open,0.0,2026-01-22T17:50:37,159,
opp_efd746ada2de,lead_4a6789e5706a,2026-06-24T03:15:58,Webinar Sales,Closed Lost,Casey Bennett,Lost,0.0,2026-07-18T03:15:58,0,Not interested
opp_34684f132fe1,lead_3cf1949d5327,2026-02-15T20:01:53,Evergreen Sales,Contacted,Morgan Reed,Open,0.0,2026-02-27T20:01:53,123,
opp_8251d2395329,lead_900405e7f0ba,2026-04-07T09:37:47,Organic Sales,Contact Attempted,Casey Bennett,Open,0.0,2026-04-19T09:37:47,72,
opp_e82b5d112e37,lead_4e4bb0acff3c,2026-05-24T03:46:13,Evergreen Sales,Contact Attempted,Morgan Reed,Open,0.0,2026-06-03T03:46:13,27,
opp_98c677de26df,lead_3d53c292a9d5,2026-01-29T00:23:01,Evergreen Sales,Closed Won,Casey Bennett,Won,2500.0,2026-01-31T00:23:01,150,
opp_d944353e998e,lead_5c3f170f9cd5,2026-04-06T05:14:11,Evergreen Sales,Closed Lost,Casey Bennett,Lost,5000.0,2026-04-26T05:14:11,65,Needs more time
opp_f6af5edb31c2,lead_3c4c0f795ff0,2026-05-13T13:47:30,Organic Sales,Contacted,Casey Bennett,Open,0.0,2026-05-28T13:47:30,33,
opp_8402d4babf4d,lead_1508785a5647,2026-06-09T11:50:24,Organic Sales,Follow Up,Morgan Reed,Open,0.0,2026-06-20T11:50:24,10,
opp_fa4138c1e497,lead_c86df03528b0,2026-05-15T02:48:48,Webinar Sales,Contacted,Casey Bennett,Open,0.0,2026-05-27T02:48:48,34,
opp_95d2855d2499,lead_291027bdece2,2026-03-12T11:01:38,Evergreen Sales,Closed Lost,Casey Bennett,Lost,5000.0,2026-04-03T11:01:38,88,Needs more time
opp_2c6ce65266c4,lead_120d0271f971,2026-06-30T02:29:51,Evergreen Sales,Contacted,Casey Bennett,Open,0.0,2026-07-29T02:29:51,0,
opp_9075f3caaad8,lead_9a3c2f0521c1,2026-06-27T20:21:37,Evergreen Sales,Contacted,Casey Bennett,Open,0.0,2026-07-10T20:21:37,0,
opp_5089323a1ce5,lead_1a9a515cd24e,2026-06-18T05:55:28,Webinar Sales,Follow Up,Casey Bennett,Open,0.0,2026-07-09T05:55:28,0,
opp_7b377cad6d5b,lead_6f4a64b37b09,2026-05-20T07:15:40,Webinar Sales,Contact Attempted,Morgan Reed,Open,0.0,2026-05-26T07:15:40,35,
opp_62b20835a035,lead_0b2419dcb743,2026-03-10T07:46:09,Referral Sales,Contacted,Riley Carter,Open,0.0,2026-04-01T07:46:09,90,
opp_616c05e377c3,lead_acc7b6cdb315,2026-01-06T07:27:51,Evergreen Sales,Contact Attempted,Riley Carter,Open,0.0,2026-02-04T07:27:51,146,
opp_72eecc5d62e8,lead_8465f6219e4a,2026-01-01T14:20:03,Evergreen Sales,Contacted,Casey Bennett,Open,0.0,2026-01-25T14:20:03,156,
opp_af58ce9e1bda,lead_2fcb4ef42050,2026-01-31T15:30:21,Organic Sales,Contact Attempted,Morgan Reed,Open,0.0,2026-02-24T15:30:21,126,
opp_6b5c0bffbbb9,lead_8cc25632840e,2026-06-03T21:58:50,Webinar Sales,Contact Attempted,Morgan Reed,Open,0.0,2026-07-01T21:58:50,0,
opp_77e004c2057d,lead_57b887f2e1d2,2026-04-26T03:40:31,Evergreen Sales,Closed Lost,Morgan Reed,Lost,9500.0,2026-05-03T03:40:31,58,Partner approval
opp_aaa3e3e74c2f,lead_8fdc5ecfcfb6,2026-03-18T09:48:56,Evergreen Sales,Contacted,Morgan Reed,Open,0.0,2026-04-02T09:48:56,89,
opp_b8659febdb76,lead_9d6834abddae,2026-06-29T06:00:55,Evergreen Sales,Contact Attempted,Morgan Reed,Open,0.0,2026-07-03T06:00:55,0,
opp_522170f3b338,lead_bf03c6ee5b22,2026-02-08T11:59:14,Webinar Sales,Closed Lost,Morgan Reed,Lost,10000.0,2026-02-18T11:59:14,132,Partner approval
opp_d1dfe547bedc,lead_e17f675a9cd9,2026-04-27T14:01:58,Evergreen Sales,Closed Lost,Morgan Reed,Lost,4000.0,2026-05-27T14:01:58,34,Financing unavailable
opp_6e2b64990965,lead_9855d68a6064,2026-01-03T17:46:48,Evergreen Sales,Contacted,Riley Carter,Open,0.0,2026-02-02T17:46:48,148,
opp_589d293bf6d0,lead_e3a3e7b7203e,2026-05-19T13:26:52,Organic Sales,Contact Attempted,Casey Bennett,Open,0.0,2026-06-01T13:26:52,29,
opp_072a03347b27,lead_2940b2a1ab24,2026-01-26T06:46:22,Webinar Sales,Contacted,Morgan Reed,Open,0.0,2026-02-11T06:46:22,139,
opp_108ab68c5ed3,lead_f0985177a921,2026-05-22T02:42:18,Evergreen Sales,Contacted,Casey Bennett,Open,0.0,2026-05-29T02:42:18,32,
opp_f91157c7a3ba,lead_9a6d64993592,2026-02-26T08:23:49,Webinar Sales,Contact Attempted,Morgan Reed,Open,0.0,2026-02-26T08:23:49,124,
opp_e9d0ac1f2d16,lead_dbb4ae7b40ab,2026-01-17T15:34:16,Evergreen Sales,Contact Attempted,Riley Carter,Open,0.0,2026-01-20T15:34:16,161,
opp_9325a448e05c,lead_b07c1b6bf555,2026-05-19T12:23:11,Evergreen Sales,Closed Lost,Riley Carter,Lost,0.0,2026-06-05T12:23:11,25,Timing
opp_dc8381fcfcd5,lead_f4dfad35d200,2026-04-19T03:48:28,Evergreen Sales,Contacted,Casey Bennett,Open,0.0,2026-05-07T03:48:28,54,
opp_312b946672b6,lead_5933191ba359,2026-01-02T00:59:02,Webinar Sales,Contacted,Casey Bennett,Open,0.0,2026-01-21T00:59:02,160,
opp_804636f52cf3,lead_6124c2e631e6,2026-01-26T16:16:29,Evergreen Sales,Contacted,Casey Bennett,Open,0.0,2026-02-23T16:16:29,127,
opp_18ba40fe6ec3,lead_ce45e7fea1c8,2026-06-30T15:38:16,Evergreen Sales,Disqualified,Morgan Reed,Lost,0.0,2026-07-25T15:38:16,0,Wrong timing
opp_f31a5e72d3a9,lead_26f599efe5ae,2026-03-26T01:35:54,Evergreen Sales,Follow Up,Morgan Reed,Open,0.0,2026-04-22T01:35:54,69,
opp_e62faed65bf8,lead_f1432289a84d,2026-06-19T06:19:16,Evergreen Sales,Contact Attempted,Casey Bennett,Open,0.0,2026-07-19T06:19:16,0,
opp_e5e275a94f2b,lead_8d6657f8b1ab,2026-04-30T00:28:05,Webinar Sales,Contact Attempted,Morgan Reed,Open,0.0,2026-05-03T00:28:05,58,
opp_ce72d2c1b063,lead_d63c9cbbf5a4,2026-05-29T06:59:07,Evergreen Sales,Contact Attempted,Riley Carter,Open,0.0,2026-06-23T06:59:07,7,
opp_dcb567bbc9aa,lead_5fb686693128,2026-02-06T16:25:50,Webinar Sales,Contacted,Morgan Reed,Open,0.0,2026-02-12T16:25:50,138,
opp_9b545aafeaac,lead_49ebce31a19f,2026-05-18T02:01:31,Organic Sales,Closed Lost,Morgan Reed,Lost,0.0,2026-05-20T02:01:31,41,Unable to contact
opp_24e95ddd0153,lead_276208073b9c,2026-03-30T21:18:53,Evergreen Sales,Disqualified,Morgan Reed,Lost,0.0,2026-04-14T21:18:53,77,Low intent
opp_88aa4d1dd2be,lead_a325d428df42,2026-02-09T13:28:04,Evergreen Sales,Closed Won,Riley Carter,Won,9500.0,2026-02-10T13:28:04,140,
opp_da668a0ce14c,lead_a16fe09a215c,2026-04-20T08:55:23,Organic Sales,Contact Attempted,Morgan Reed,Open,0.0,2026-05-09T08:55:23,52,
opp_4ce65c199e7e,lead_e767b93ca4bb,2026-03-22T20:39:11,Organic Sales,Follow Up,Riley Carter,Open,0.0,2026-04-06T20:39:11,85,
opp_97641d4f72aa,lead_db9a1575a993,2026-01-06T00:59:32,Evergreen Sales,Contact Attempted,Morgan Reed,Open,0.0,2026-01-06T00:59:32,175,
opp_de6c73e6cd42,lead_2269934d3542,2026-06-12T12:35:47,Evergreen Sales,Contact Attempted,Casey Bennett,Open,0.0,2026-06-16T12:35:47,14,
opp_e289e2e4489d,lead_cb68aa219b41,2026-03-30T04:03:07,Webinar Sales,Closed Lost,Riley Carter,Lost,9000.0,2026-04-07T04:03:07,84,Partner approval
opp_8dc6345e5a81,lead_c99fda4d6577,2026-05-08T09:59:12,Evergreen Sales,Closed Lost,Riley Carter,Lost,2000.0,2026-06-02T09:59:12,28,Financing unavailable
opp_121a55be62aa,lead_ec88f140bfac,2026-02-11T01:02:27,Evergreen Sales,Contacted,Casey Bennett,Open,0.0,2026-02-21T01:02:27,129,
opp_896d98659f10,lead_a9a67911688d,2026-04-17T05:55:58,Webinar Sales,Closed Won,Casey Bennett,Won,4500.0,2026-05-13T05:55:58,48,
opp_caff4c20f601,lead_8b5c91865176,2026-01-18T07:38:51,Evergreen Sales,Contacted,Casey Bennett,Open,0.0,2026-01-29T07:38:51,152,
opp_be2963dc3948,lead_5ef85e568dca,2026-05-06T16:01:17,Webinar Sales,Contacted,Casey Bennett,Open,0.0,2026-05-12T16:01:17,49,
opp_925a7af6db24,lead_ec21f041ebee,2026-06-25T11:42:25,Webinar Sales,Contact Attempted,Riley Carter,Open,0.0,2026-07-01T11:42:25,0,
opp_889fcf8d6a7a,lead_76db025873bd,2026-04-10T13:08:13,Evergreen Sales,Closed Lost,Casey Bennett,Lost,0.0,2026-04-24T13:08:13,67,No budget
opp_73c277d9eb04,lead_f71cd0d79b56,2026-03-24T03:39:06,Evergreen Sales,Closed Lost,Riley Carter,Lost,750.0,2026-03-24T03:39:06,98,Price
opp_f9bdfe750570,lead_4ca6799cfb26,2026-03-24T17:23:00,Evergreen Sales,Closed Lost,Casey Bennett,Lost,0.0,2026-04-14T17:23:00,77,Timing
opp_b6be4cfa59f9,lead_93c46f785f5d,2026-06-30T17:13:31,Referral Sales,Contacted,Riley Carter,Open,0.0,2026-07-22T17:13:31,0,
opp_76b35336c81a,lead_b3862c9de95f,2026-03-26T22:13:28,Evergreen Sales,Contact Attempted,Casey Bennett,Open,0.0,2026-04-17T22:13:28,74,
opp_a025d2250e43,lead_62fb8186b7f5,2026-05-13T21:08:02,Evergreen Sales,Closed Lost,Casey Bennett,Lost,0.0,2026-05-27T21:08:02,34,Timing
opp_21546a40b274,lead_42a5404b013a,2026-04-17T23:49:10,Evergreen Sales,Disqualified,Morgan Reed,Lost,0.0,2026-05-01T23:49:10,60,Insufficient capital
opp_142b753fc4fe,lead_cd7ff043cbce,2026-01-19T08:19:44,Organic Sales,Contact Attempted,Casey Bennett,Open,0.0,2026-01-25T08:19:44,156,
opp_9c0ed2df7442,lead_40047937e72f,2026-05-30T06:09:12,Evergreen Sales,Closed Lost,Riley Carter,Lost,0.0,2026-06-18T06:09:12,12,Unable to contact
opp_98e7b3428eff,lead_3fa04915da80,2026-06-13T16:14:40,Organic Sales,Contact Attempted,Riley Carter,Open,0.0,2026-07-13T16:14:40,0,
opp_a2f604e7acf3,lead_52c70f381579,2026-05-21T14:31:32,Evergreen Sales,Contact Attempted,Riley Carter,Open,0.0,2026-05-26T14:31:32,35,
opp_75d3be002284,lead_551bf5404a5b,2026-06-28T06:42:42,Webinar Sales,Contact Attempted,Riley Carter,Open,0.0,2026-07-22T06:42:42,0,
opp_e316487078ef,lead_153293684aba,2026-06-19T06:01:26,Evergreen Sales,Call Booked,Morgan Reed,Open,0.0,2026-06-22T06:01:26,8,
opp_188571044a2a,lead_981b316bf4d7,2026-01-03T14:00:14,Evergreen Sales,Contacted,Riley Carter,Open,0.0,2026-01-15T14:00:14,166,
opp_f63665679de2,lead_c495889b72bf,2026-02-28T19:09:00,Evergreen Sales,Contact Attempted,Casey Bennett,Open,0.0,2026-03-07T19:09:00,115,
opp_c6f597ae4661,lead_fd2b905efe2e,2026-06-06T05:53:51,Referral Sales,Contacted,Morgan Reed,Open,0.0,2026-06-14T05:53:51,16,
opp_a5aa960bedca,lead_0a8900577427,2026-05-16T03:44:46,Evergreen Sales,Contacted,Casey Bennett,Open,0.0,2026-05-17T03:44:46,44,
opp_80cb833d282a,lead_2ea09b1d14d6,2026-03-26T14:55:17,Referral Sales,Follow Up,Morgan Reed,Open,0.0,2026-03-28T14:55:17,94,
opp_2b3a7a958d0b,lead_1cc14523b3b8,2026-01-29T18:30:07,Evergreen Sales,Follow Up,Morgan Reed,Open,0.0,2026-02-05T18:30:07,145,
opp_18227fce9af7,lead_a90fffb33b22,2026-04-05T04:28:55,Webinar Sales,Closed Lost,Riley Carter,Lost,750.0,2026-04-13T04:28:55,78,Financing unavailable
opp_532eb73d50e2,lead_ec5e9aeae779,2026-04-21T13:44:17,Evergreen Sales,Contacted,Morgan Reed,Open,0.0,2026-05-21T13:44:17,40,
opp_4b92fb717e3a,lead_a3f52b20216d,2026-03-22T17:14:12,Referral Sales,Contacted,Riley Carter,Open,0.0,2026-04-08T17:14:12,83,
opp_91c0c51c4641,lead_5080b8624d74,2026-01-08T04:30:45,Organic Sales,Closed Lost,Riley Carter,Lost,0.0,2026-01-17T04:30:45,164,No budget
opp_487274e60166,lead_a67a4804deef,2026-02-15T00:45:33,Webinar Sales,Contacted,Riley Carter,Open,0.0,2026-02-17T00:45:33,133,
opp_73ed7d6eb387,lead_fc446a36868f,2026-02-22T00:15:58,Evergreen Sales,Closed Lost,Morgan Reed,Lost,0.0,2026-03-24T00:15:58,98,Timing
opp_15b36d8d5796,lead_21477bb1c791,2026-03-29T01:20:51,Organic Sales,Contacted,Riley Carter,Open,0.0,2026-04-13T01:20:51,78,
opp_4ba767402559,lead_3722b61ca811,2026-03-27T01:44:37,Evergreen Sales,Closed Lost,Riley Carter,Lost,0.0,2026-03-28T01:44:37,94,No budget
opp_e843e6ec6e14,lead_872b7eec7acd,2026-06-15T17:22:58,Evergreen Sales,Contact Attempted,Riley Carter,Open,0.0,2026-07-14T17:22:58,0,
opp_0514bd471810,lead_b51fcda704d0,2026-06-11T18:26:15,Webinar Sales,Closed Lost,Casey Bennett,Lost,0.0,2026-06-14T18:26:15,16,No Show
opp_06c2466f0eb6,lead_369e28f89c7e,2026-05-01T17:59:43,Webinar Sales,Contact Attempted,Morgan Reed,Open,0.0,2026-05-10T17:59:43,51,
opp_4128edfe6146,lead_0303ea0a63c7,2026-02-03T15:35:42,Referral Sales,Contact Attempted,Morgan Reed,Open,0.0,2026-02-25T15:35:42,125,
opp_cd9bc4ca9385,lead_897e1c337b79,2026-02-28T23:07:13,Webinar Sales,Closed Lost,Morgan Reed,Lost,9500.0,2026-03-21T23:07:13,101,Financing unavailable
opp_02cb61828e59,lead_fc71d2bbbdec,2026-03-11T07:56:42,Evergreen Sales,Disqualified,Morgan Reed,Lost,0.0,2026-04-08T07:56:42,83,Low intent
opp_e22754a0ecb8,lead_fe5df1209c94,2026-03-25T14:50:12,Webinar Sales,Contact Attempted,Riley Carter,Open,0.0,2026-04-21T14:50:12,70,
opp_0c03fd6fe1bf,lead_63f377d5cc82,2026-03-08T02:01:32,Evergreen Sales,Contact Attempted,Casey Bennett,Open,0.0,2026-03-11T02:01:32,111,
opp_840c47d65fc8,lead_49049d19937f,2026-05-18T04:05:07,Webinar Sales,Contacted,Casey Bennett,Open,0.0,2026-06-04T04:05:07,26,
opp_ca366bab9b8e,lead_2a00458d9156,2026-01-21T13:29:30,Evergreen Sales,Contacted,Riley Carter,Open,0.0,2026-02-13T13:29:30,137,
opp_f0288c6f90a3,lead_6b260280f2bd,2026-02-02T10:29:31,Evergreen Sales,Contacted,Casey Bennett,Open,0.0,2026-03-02T10:29:31,120,
opp_b3dc48b95927,lead_f057d733095b,2026-05-18T12:16:49,Evergreen Sales,Follow Up,Riley Carter,Open,0.0,2026-05-19T12:16:49,42,
opp_8dfc1b8919ad,lead_8c05ecd86384,2026-05-06T15:40:18,Webinar Sales,Closed Lost,Morgan Reed,Lost,0.0,2026-05-10T15:40:18,51,Not interested
opp_5771e4522a5a,lead_871a140114c7,2026-03-22T17:32:04,Webinar Sales,Closed Lost,Casey Bennett,Lost,2500.0,2026-03-30T17:32:04,92,Financing unavailable
opp_a150f013377c,lead_20038f701ff5,2026-01-17T13:13:06,Evergreen Sales,Follow Up,Casey Bennett,Open,0.0,2026-01-18T13:13:06,163,
opp_a9ffb4b8ca20,lead_01897c3eb701,2026-01-30T10:33:34,Referral Sales,Closed Lost,Morgan Reed,Lost,10000.0,2026-02-05T10:33:34,145,Price
opp_1c23da48f8b6,lead_7e5d261c2b2e,2026-06-28T06:17:00,Webinar Sales,Contacted,Riley Carter,Open,0.0,2026-07-13T06:17:00,0,
opp_c787c452e6f8,lead_acde3c6d25db,2026-03-27T22:33:58,Evergreen Sales,Contact Attempted,Riley Carter,Open,0.0,2026-04-25T22:33:58,66,
opp_19fcc231b4bf,lead_32077c16231c,2026-03-07T16:36:33,Evergreen Sales,Contacted,Casey Bennett,Open,0.0,2026-03-13T16:36:33,109,
opp_f6b80a09b6ba,lead_b66d0a19fd08,2026-05-09T04:38:38,Evergreen Sales,Closed Lost,Morgan Reed,Lost,0.0,2026-05-21T04:38:38,40,No budget
opp_b1d405c9d5ed,lead_995ca0302441,2026-03-23T10:06:15,Evergreen Sales,Closed Lost,Riley Carter,Lost,250.0,2026-04-17T10:06:15,74,Price
opp_220a44da1a2a,lead_d33ad1e50c42,2026-06-26T13:19:22,Webinar Sales,Contacted,Riley Carter,Open,0.0,2026-07-02T13:19:22,0,
opp_33b53f8e22c8,lead_a2298afec805,2026-05-16T23:36:41,Organic Sales,Contacted,Riley Carter,Open,0.0,2026-06-10T23:36:41,20,
opp_6f7b46d37415,lead_8e3f35cd2550,2026-05-16T10:27:01,Referral Sales,Contacted,Casey Bennett,Open,0.0,2026-06-03T10:27:01,27,
opp_eb52fa183d88,lead_9e05c4fbca10,2026-01-17T08:46:39,Webinar Sales,Cancelled,Riley Carter,Open,0.0,2026-02-15T08:46:39,135,
opp_96c51e8e852a,lead_27c013526655,2026-04-12T01:33:52,Webinar Sales,Contacted,Riley Carter,Open,0.0,2026-04-12T01:33:52,79,
opp_1207cefc1d7f,lead_ae9cc7632c52,2026-05-28T00:05:29,Organic Sales,Contacted,Riley Carter,Open,0.0,2026-06-06T00:05:29,24,
opp_af54dc1862e1,lead_7c43ea0e0d1e,2026-06-11T14:28:05,Organic Sales,Contacted,Morgan Reed,Open,0.0,2026-07-02T14:28:05,0,
opp_7bdae911e037,lead_1358434cb154,2026-02-20T10:33:10,Webinar Sales,Disqualified,Morgan Reed,Lost,0.0,2026-02-25T10:33:10,125,Not qualified
opp_4d83272cf79f,lead_e2e865bcfac7,2026-03-29T03:15:55,Webinar Sales,Closed Lost,Casey Bennett,Lost,0.0,2026-04-07T03:15:55,84,Not interested
opp_d64bef56a81a,lead_1d14a8a58f72,2026-06-06T09:22:41,Evergreen Sales,Cancelled,Riley Carter,Open,0.0,2026-07-02T09:22:41,0,
opp_2f9f109829f0,lead_246005a6b77c,2026-03-10T00:41:21,Organic Sales,Disqualified,Riley Carter,Lost,0.0,2026-04-06T00:41:21,85,Low intent
opp_02ed6d8928c7,lead_6f391a53ae3c,2026-04-11T21:49:19,Referral Sales,Cancelled,Riley Carter,Open,0.0,2026-05-10T21:49:19,51,
opp_08b00b18a33f,lead_51ed2d5cba4f,2026-03-30T05:14:10,Evergreen Sales,Disqualified,Casey Bennett,Lost,0.0,2026-04-23T05:14:10,68,Low intent
opp_138ffebf2fac,lead_99037421d5ab,2026-03-24T12:06:56,Evergreen Sales,Contacted,Morgan Reed,Open,0.0,2026-04-08T12:06:56,83,
opp_3effec22d6f1,lead_f0949a4ef618,2026-04-25T05:23:40,Evergreen Sales,No Show,Casey Bennett,Open,0.0,2026-05-06T05:23:40,55,
opp_49c67f5e75a1,lead_2fbbf2389ff6,2026-03-27T10:55:16,Organic Sales,Contacted,Morgan Reed,Open,0.0,2026-04-05T10:55:16,86,
opp_0f1ea4a74841,lead_534efcb9ac38,2026-04-05T03:09:57,Evergreen Sales,Contacted,Riley Carter,Open,0.0,2026-04-11T03:09:57,80,
opp_7707dc7d715e,lead_e41b27560c13,2026-05-15T20:28:05,Webinar Sales,Contact Attempted,Riley Carter,Open,0.0,2026-05-22T20:28:05,39,
opp_7118d16633a9,lead_c3cd53a6179c,2026-03-13T17:12:43,Evergreen Sales,Closed Lost,Morgan Reed,Lost,0.0,2026-04-12T17:12:43,79,Timing
opp_736eced70d2e,lead_5108f04b322e,2026-02-26T05:35:23,Evergreen Sales,Disqualified,Casey Bennett,Lost,0.0,2026-03-07T05:35:23,115,Low intent
opp_ca112c9af24e,lead_d2777af5ec2c,2026-02-28T21:17:39,Evergreen Sales,Contacted,Morgan Reed,Open,0.0,2026-03-03T21:17:39,119,
opp_e97bda5cfc36,lead_ae1b1de2a060,2026-01-10T10:43:49,Webinar Sales,Follow Up,Morgan Reed,Open,0.0,2026-01-19T10:43:49,162,
opp_38ccdfc44d6a,lead_77c0be3c9991,2026-01-01T09:43:13,Webinar Sales,Closed Lost,Morgan Reed,Lost,0.0,2026-01-21T09:43:13,160,No budget
opp_abc20c6b9327,lead_cf9c4168deac,2026-04-20T20:39:04,Evergreen Sales,Contacted,Casey Bennett,Open,0.0,2026-04-29T20:39:04,62,
opp_c0088e9746d5,lead_9a8261ce0c96,2026-05-28T22:57:00,Webinar Sales,Closed Won,Casey Bennett,Won,10000.0,2026-05-30T22:57:00,31,
opp_a0da15c457d2,lead_f3b4eb2ac183,2026-06-18T05:27:46,Referral Sales,Contacted,Riley Carter,Open,0.0,2026-07-01T05:27:46,0,
opp_ac76d960735d,lead_2b9a6cb1d8b4,2026-02-15T05:01:49,Referral Sales,Closed Lost,Riley Carter,Lost,0.0,2026-02-20T05:01:49,130,No Show
opp_07cc17c0462e,lead_b4394cc11de3,2026-05-06T10:11:21,Webinar Sales,Contact Attempted,Morgan Reed,Open,0.0,2026-05-19T10:11:21,42,
opp_c483bcfc7de1,lead_62ca11289d15,2026-04-19T22:39:22,Organic Sales,Closed Lost,Morgan Reed,Lost,10000.0,2026-05-15T22:39:22,46,Partner approval
opp_dabad4ca0aa8,lead_af43d86c5288,2026-04-16T05:07:51,Evergreen Sales,Contact Attempted,Riley Carter,Open,0.0,2026-05-09T05:07:51,52,
opp_a7c81491d036,lead_574dc235b07c,2026-04-08T14:27:59,Evergreen Sales,Closed Lost,Morgan Reed,Lost,0.0,2026-04-10T14:27:59,81,No budget
opp_aa32b09b8cd6,lead_49b8021631d6,2026-06-02T18:33:12,Evergreen Sales,Call Booked,Riley Carter,Open,0.0,2026-06-11T18:33:12,19,
opp_b0e8cd6e4d0e,lead_27b59fcfb311,2026-03-20T00:30:49,Evergreen Sales,Contacted,Casey Bennett,Open,0.0,2026-04-04T00:30:49,87,
opp_efe6cb823b76,lead_83733d1cac00,2026-01-05T16:06:48,Evergreen Sales,Contacted,Morgan Reed,Open,0.0,2026-01-07T16:06:48,174,
opp_a7140b4038cb,lead_816f5cbd5b27,2026-04-16T04:52:27,Evergreen Sales,Contact Attempted,Casey Bennett,Open,0.0,2026-04-30T04:52:27,61,
opp_c1910b31c2c8,lead_a24d7c376c33,2026-03-01T13:45:52,Webinar Sales,Disqualified,Riley Carter,Lost,0.0,2026-03-20T13:45:52,102,Wrong timing
opp_cb4e6119f0f6,lead_797321aaaefb,2026-01-06T06:37:36,Evergreen Sales,Contact Attempted,Casey Bennett,Open,0.0,2026-01-19T06:37:36,162,
opp_8e173e6a1632,lead_15ea6432a0da,2026-02-20T02:03:39,Evergreen Sales,Contact Attempted,Morgan Reed,Open,0.0,2026-03-01T02:03:39,121,
opp_780b5387418b,lead_5ce8863468b2,2026-04-24T19:05:36,Evergreen Sales,Contact Attempted,Casey Bennett,Open,0.0,2026-05-24T19:05:36,37,
opp_7bceeeeed5ef,lead_185232293e5f,2026-01-12T18:33:55,Evergreen Sales,Closed Lost,Morgan Reed,Lost,0.0,2026-01-13T18:33:55,168,Unable to contact
opp_20730e5467cb,lead_2b5ca0509a32,2026-05-04T00:30:59,Organic Sales,Contacted,Casey Bennett,Open,0.0,2026-05-22T00:30:59,39,
opp_6ddaf3645ebf,lead_8f4c3283ce82,2026-02-17T19:54:58,Organic Sales,Contacted,Casey Bennett,Open,0.0,2026-03-11T19:54:58,111,
opp_9ac12ee06043,lead_525af0baaaf3,2026-01-17T07:02:28,Organic Sales,Closed Won,Casey Bennett,Won,197.0,2026-01-30T07:02:28,151,
opp_3246c930465a,lead_58102e3a350b,2026-06-01T20:29:39,Organic Sales,Contacted,Riley Carter,Open,0.0,2026-06-10T20:29:39,20,
opp_fd328889b0ee,lead_d8a880b668ae,2026-06-07T19:11:39,Evergreen Sales,Disqualified,Casey Bennett,Lost,0.0,2026-07-04T19:11:39,0,Not qualified
opp_53835b7a3034,lead_b0f6405ea556,2026-01-01T02:31:48,Referral Sales,Closed Lost,Casey Bennett,Lost,0.0,2026-01-15T02:31:48,166,Timing
opp_ca7862d66357,lead_f5d6043548a8,2026-03-10T05:43:34,Organic Sales,Contacted,Casey Bennett,Open,0.0,2026-03-14T05:43:34,108,
opp_ffc0fe95b1a6,lead_111a712be700,2026-04-14T17:02:11,Evergreen Sales,Contact Attempted,Casey Bennett,Open,0.0,2026-04-25T17:02:11,66,
opp_a92cb6bf0dc6,lead_cf44457df069,2026-05-21T19:05:19,Referral Sales,Closed Lost,Morgan Reed,Lost,750.0,2026-05-21T19:05:19,40,Price
opp_193751814e2d,lead_49eb39b450aa,2026-06-21T15:25:11,Organic Sales,Follow Up,Casey Bennett,Open,0.0,2026-06-30T15:25:11,0,
opp_cf252dab77a1,lead_f2461215c98e,2026-02-23T00:20:00,Evergreen Sales,Closed Lost,Casey Bennett,Lost,0.0,2026-03-03T00:20:00,119,Not interested
opp_91dc2ae8abf5,lead_61d6a03080e0,2026-03-05T18:43:18,Evergreen Sales,Contacted,Riley Carter,Open,0.0,2026-03-05T18:43:18,117,
opp_2608bac10f05,lead_cdc911fe0db7,2026-01-01T19:56:33,Evergreen Sales,Closed Won,Riley Carter,Won,297.0,2026-01-13T19:56:33,168,
opp_bcefad481611,lead_5105ddff8c31,2026-05-29T01:20:44,Webinar Sales,Closed Lost,Riley Carter,Lost,0.0,2026-06-14T01:20:44,16,No Show
opp_0887a7bb2046,lead_400690c311ba,2026-06-23T07:41:16,Evergreen Sales,Closed Lost,Casey Bennett,Lost,0.0,2026-07-18T07:41:16,0,Unable to contact
opp_141df1852d78,lead_550cb813f529,2026-06-10T16:16:29,Evergreen Sales,No Show,Riley Carter,Open,0.0,2026-06-10T16:16:29,20,
opp_ba0512d39418,lead_2ac9567d988c,2026-03-31T20:18:12,Evergreen Sales,Call Booked,Morgan Reed,Open,0.0,2026-04-26T20:18:12,65,
opp_001cf5b69603,lead_01259f96e33d,2026-05-28T06:29:52,Evergreen Sales,Closed Lost,Casey Bennett,Lost,0.0,2026-06-10T06:29:52,20,No Show
opp_6e2686bcab14,lead_b8d37591b59c,2026-05-02T09:48:48,Evergreen Sales,Closed Lost,Morgan Reed,Lost,0.0,2026-05-21T09:48:48,40,No budget
opp_4ba584e79cb4,lead_dcaa91af4f14,2026-01-08T03:28:55,Evergreen Sales,Contacted,Riley Carter,Open,0.0,2026-02-02T03:28:55,148,
opp_eeae57e81709,lead_7ceea77c4ef6,2026-02-08T01:49:50,Organic Sales,Closed Lost,Riley Carter,Lost,0.0,2026-02-23T01:49:50,127,Not interested
opp_0dc67362441d,lead_c53e49a581fd,2026-04-18T03:30:19,Organic Sales,Contact Attempted,Riley Carter,Open,0.0,2026-04-18T03:30:19,73,
opp_f18a16dc327b,lead_e15e8a788ae1,2026-01-13T16:36:09,Referral Sales,Closed Lost,Morgan Reed,Lost,2500.0,2026-01-18T16:36:09,163,Financing unavailable
opp_a9f54895f70a,lead_1bcc2ae43d51,2026-06-16T02:49:15,Evergreen Sales,Follow Up,Casey Bennett,Open,0.0,2026-06-20T02:49:15,10,
opp_d0dceadca186,lead_628cb97cc5c4,2026-01-05T11:44:07,Evergreen Sales,Closed Lost,Riley Carter,Lost,0.0,2026-01-22T11:44:07,159,Not interested
opp_82ae01b14950,lead_5bb9399a169e,2026-01-01T09:06:38,Organic Sales,Closed Lost,Morgan Reed,Lost,0.0,2026-01-18T09:06:38,163,Unable to contact
opp_34055ac4cce0,lead_95f1a8fb7748,2026-03-25T23:49:14,Webinar Sales,Follow Up,Riley Carter,Open,0.0,2026-04-11T23:49:14,80,
opp_130dfc52c400,lead_1d25796cd49e,2026-04-11T10:35:30,Organic Sales,Contacted,Morgan Reed,Open,0.0,2026-04-21T10:35:30,70,
opp_199b07e69e86,lead_9ee0a68d8209,2026-04-14T09:12:42,Evergreen Sales,Follow Up,Morgan Reed,Open,0.0,2026-04-30T09:12:42,61,
opp_7e74e3ac18a0,lead_608ef2e0ca50,2026-06-06T20:01:42,Evergreen Sales,Contact Attempted,Riley Carter,Open,0.0,2026-06-25T20:01:42,5,
opp_11b232159b5e,lead_de606610767a,2026-06-28T01:30:26,Evergreen Sales,Closed Lost,Casey Bennett,Lost,0.0,2026-07-07T01:30:26,0,No budget
opp_663a21f2b4c2,lead_2bea691dadf8,2026-01-19T18:46:34,Evergreen Sales,Closed Lost,Riley Carter,Lost,0.0,2026-01-21T18:46:34,160,No budget
opp_b12ad52844e7,lead_999ba84fd377,2026-06-13T05:02:57,Webinar Sales,Contacted,Morgan Reed,Open,0.0,2026-06-27T05:02:57,3,
opp_691845adf035,lead_993d02bf8d03,2026-06-09T13:05:27,Evergreen Sales,Follow Up,Morgan Reed,Open,0.0,2026-06-12T13:05:27,18,
opp_801672ff227b,lead_380bd45019a6,2026-05-29T08:57:26,Webinar Sales,Follow Up,Morgan Reed,Open,0.0,2026-06-26T08:57:26,4,
opp_5117ffe44a1b,lead_c4e87f2a6bd9,2026-06-28T00:11:55,Evergreen Sales,Follow Up,Morgan Reed,Open,0.0,2026-07-27T00:11:55,0,
opp_1ad805840362,lead_e01d3f9d4eec,2026-06-28T11:23:24,Webinar Sales,Closed Lost,Riley Carter,Lost,0.0,2026-07-19T11:23:24,0,No budget
opp_96401568423b,lead_55667abd3ab9,2026-05-12T13:40:45,Evergreen Sales,Contact Attempted,Casey Bennett,Open,0.0,2026-05-18T13:40:45,43,
opp_a9272cd4d616,lead_8c6114133d50,2026-02-15T06:22:50,Evergreen Sales,Contacted,Morgan Reed,Open,0.0,2026-03-11T06:22:50,111,
opp_a05d64dff0d8,lead_e931b236dfd0,2026-06-04T09:44:09,Evergreen Sales,Closed Lost,Morgan Reed,Lost,0.0,2026-07-03T09:44:09,0,Not interested
opp_4e8b9064d739,lead_98317653ceb3,2026-06-02T00:42:51,Evergreen Sales,Follow Up,Riley Carter,Open,0.0,2026-07-01T00:42:51,0,
opp_854ff60bb829,lead_508ff2602dd8,2026-01-03T09:16:08,Evergreen Sales,Contact Attempted,Morgan Reed,Open,0.0,2026-01-16T09:16:08,165,
opp_5c21e93e32c5,lead_6d8f8acfd691,2026-05-04T18:19:49,Webinar Sales,Closed Lost,Casey Bennett,Lost,1500.0,2026-05-24T18:19:49,37,Price
opp_d076a1897611,lead_56564173121a,2026-02-06T02:27:57,Webinar Sales,Contacted,Morgan Reed,Open,0.0,2026-02-25T02:27:57,125,
opp_f72cff183d0b,lead_ef9d38449789,2026-03-26T15:11:58,Evergreen Sales,Closed Lost,Casey Bennett,Lost,10000.0,2026-04-11T15:11:58,80,Price
opp_3f25ffa75d55,lead_20d129b4f63f,2026-01-29T14:58:33,Organic Sales,Contact Attempted,Casey Bennett,Open,0.0,2026-02-26T14:58:33,124,
opp_49f33daddecf,lead_8def466082a3,2026-04-11T12:33:59,Evergreen Sales,Call Booked,Morgan Reed,Open,0.0,2026-04-30T12:33:59,61,
opp_87359f484ec3,lead_99252a062c64,2026-06-16T17:50:32,Evergreen Sales,Cancelled,Morgan Reed,Open,0.0,2026-06-25T17:50:32,5,
opp_9374e65ec22a,lead_94390a3265d2,2026-06-02T11:35:40,Referral Sales,Contacted,Casey Bennett,Open,0.0,2026-06-24T11:35:40,6,
opp_f3dcfd9ee31b,lead_152b759b8df0,2026-04-27T11:05:41,Referral Sales,Closed Won,Casey Bennett,Won,4500.0,2026-05-04T11:05:41,57,
opp_e2a7a6e5d0e2,lead_f9e4f994b530,2026-03-05T19:28:32,Organic Sales,Closed Lost,Casey Bennett,Lost,0.0,2026-04-03T19:28:32,88,No budget
opp_7b9621af1bf4,lead_b3832a62529f,2026-05-05T00:52:12,Evergreen Sales,Contact Attempted,Riley Carter,Open,0.0,2026-05-14T00:52:12,47,
opp_a4f8fdf68352,lead_b1524aef3ec9,2026-05-23T15:25:10,Evergreen Sales,Contacted,Morgan Reed,Open,0.0,2026-06-05T15:25:10,25,
opp_c8847fe21c98,lead_9d210ab4ad60,2026-03-12T10:51:01,Evergreen Sales,Follow Up,Riley Carter,Open,0.0,2026-03-21T10:51:01,101,
opp_7b4c52753a88,lead_f7a27f6c499e,2026-03-27T12:27:02,Evergreen Sales,Closed Lost,Morgan Reed,Lost,0.0,2026-04-13T12:27:02,78,Unable to contact
opp_65636af298e2,lead_3326c5121337,2026-02-08T09:55:52,Evergreen Sales,Contact Attempted,Riley Carter,Open,0.0,2026-02-28T09:55:52,122,
opp_0b42aefaba0c,lead_63cde4aef883,2026-02-17T18:16:35,Evergreen Sales,Contacted,Casey Bennett,Open,0.0,2026-03-06T18:16:35,116,
opp_ef710cc9f280,lead_9a5dcd5ccb6a,2026-06-11T10:49:04,Evergreen Sales,Closed Lost,Morgan Reed,Lost,0.0,2026-06-18T10:49:04,12,Not interested
opp_dc103a6e5ff3,lead_d5ceb06c0d32,2026-03-01T05:44:25,Evergreen Sales,Closed Lost,Riley Carter,Lost,297.0,2026-03-25T05:44:25,97,Price
opp_62cf7c551a72,lead_76e667761e79,2026-06-05T03:42:58,Evergreen Sales,Contacted,Morgan Reed,Open,0.0,2026-06-26T03:42:58,4,
opp_62d94d2780b3,lead_9d36c9685b2f,2026-06-04T08:29:37,Evergreen Sales,Contact Attempted,Riley Carter,Open,0.0,2026-06-18T08:29:37,12,
opp_786df87b3c43,lead_b92d8f893355,2026-05-04T12:38:27,Evergreen Sales,Closed Lost,Riley Carter,Lost,0.0,2026-05-28T12:38:27,33,Not interested
opp_fc695a4e772c,lead_c3a3917c7c97,2026-02-27T02:59:27,Evergreen Sales,Closed Lost,Riley Carter,Lost,2250.0,2026-03-02T02:59:27,120,Needs more time
opp_d6959b24be54,lead_65336ceb4a1e,2026-06-15T08:17:23,Webinar Sales,No Show,Morgan Reed,Open,0.0,2026-07-14T08:17:23,0,
opp_fa9f67db1c98,lead_82f24e001bb9,2026-06-03T14:18:51,Webinar Sales,Disqualified,Riley Carter,Lost,0.0,2026-06-10T14:18:51,20,Not qualified
opp_a5b29e9024a9,lead_160983258904,2026-04-07T19:35:14,Evergreen Sales,No Show,Riley Carter,Open,0.0,2026-04-17T19:35:14,74,
opp_453c92c82b66,lead_551d62f82d74,2026-05-19T23:10:12,Evergreen Sales,Closed Lost,Casey Bennett,Lost,0.0,2026-06-05T23:10:12,25,No Show
opp_93846f5b2370,lead_704f2ae5289b,2026-02-10T05:37:12,Referral Sales,Contacted,Morgan Reed,Open,0.0,2026-02-21T05:37:12,129,
opp_c52d5997622d,lead_8fefb32da066,2026-03-24T12:45:00,Evergreen Sales,Contact Attempted,Casey Bennett,Open,0.0,2026-04-18T12:45:00,73,
opp_415c2fb0df63,lead_3a37c28013a4,2026-05-26T22:48:57,Organic Sales,Contact Attempted,Casey Bennett,Open,0.0,2026-06-13T22:48:57,17,
opp_78ef1d24081b,lead_a68112ab64a5,2026-04-01T08:14:11,Evergreen Sales,Closed Lost,Casey Bennett,Lost,0.0,2026-04-25T08:14:11,66,No budget
opp_b851c420a373,lead_d7eab813b1da,2026-03-13T08:43:47,Organic Sales,Closed Lost,Morgan Reed,Lost,2000.0,2026-03-18T08:43:47,104,Partner approval
opp_028db7765cdd,lead_87f6efb8b7d3,2026-02-21T13:54:05,Evergreen Sales,Follow Up,Casey Bennett,Open,0.0,2026-03-11T13:54:05,111,
opp_98f6edb81c3b,lead_9e7193aef393,2026-06-02T14:26:06,Webinar Sales,No Show,Morgan Reed,Open,0.0,2026-06-13T14:26:06,17,
opp_7603b104b411,lead_763ce8a33c05,2026-04-17T00:39:57,Evergreen Sales,Contacted,Casey Bennett,Open,0.0,2026-05-03T00:39:57,58,
opp_ec63a443fdf5,lead_26377bbc311d,2026-06-08T08:48:26,Evergreen Sales,Closed Lost,Riley Carter,Lost,4750.0,2026-06-25T08:48:26,5,Partner approval
opp_a82fca5a71e5,lead_5ba01d634d57,2026-06-16T00:35:06,Organic Sales,Follow Up,Casey Bennett,Open,0.0,2026-06-30T00:35:06,0,
opp_0cc558a47fb3,lead_799d08b5e1fd,2026-06-02T01:38:31,Evergreen Sales,Contacted,Riley Carter,Open,0.0,2026-06-16T01:38:31,14,
opp_bc5a607af725,lead_8cdb1e604d75,2026-04-10T13:06:28,Evergreen Sales,Contact Attempted,Morgan Reed,Open,0.0,2026-04-21T13:06:28,70,
opp_34a2c9c4dcad,lead_f5e27f205cc0,2026-04-03T03:02:33,Webinar Sales,Closed Lost,Casey Bennett,Lost,0.0,2026-04-04T03:02:33,87,No budget
opp_29f51c52b62e,lead_116e37eb320e,2026-03-08T03:35:19,Webinar Sales,Contact Attempted,Casey Bennett,Open,0.0,2026-03-12T03:35:19,110,
opp_a35c964dd213,lead_99cb125dd358,2026-02-10T16:44:08,Webinar Sales,Disqualified,Morgan Reed,Lost,0.0,2026-02-12T16:44:08,138,Not qualified
opp_0b602985d0af,lead_ef77104c7dc2,2026-03-01T08:04:06,Evergreen Sales,Contact Attempted,Casey Bennett,Open,0.0,2026-03-10T08:04:06,112,
opp_2b8b76640ca1,lead_f52d36775db3,2026-03-24T15:59:45,Evergreen Sales,Closed Lost,Riley Carter,Lost,4750.0,2026-04-10T15:59:45,81,Financing unavailable
opp_e0a2a4ba6fe4,lead_180cbdfec2d4,2026-01-05T12:18:19,Evergreen Sales,Follow Up,Morgan Reed,Open,0.0,2026-01-20T12:18:19,161,
opp_c40297f42b8e,lead_27d8c0321fa3,2026-04-21T07:57:41,Evergreen Sales,Contacted,Riley Carter,Open,0.0,2026-04-26T07:57:41,65,
opp_99d6092ee0c7,lead_61e772a78ee1,2026-02-09T15:39:44,Webinar Sales,Contact Attempted,Morgan Reed,Open,0.0,2026-03-08T15:39:44,114,
opp_7cc53f4c8a82,lead_39ac4f0cc6f0,2026-04-21T14:07:56,Organic Sales,Closed Lost,Morgan Reed,Lost,2500.0,2026-04-29T14:07:56,62,Needs more time
opp_0e6809b0a87f,lead_cbe10f7d0525,2026-04-18T08:43:56,Evergreen Sales,Contacted,Riley Carter,Open,0.0,2026-05-13T08:43:56,48,
opp_848e4369eee0,lead_62b366150030,2026-02-08T15:24:04,Organic Sales,Contact Attempted,Casey Bennett,Open,0.0,2026-02-08T15:24:04,142,
opp_7e3c689e2803,lead_8c737ae02956,2026-05-09T01:49:06,Evergreen Sales,Follow Up,Casey Bennett,Open,0.0,2026-05-30T01:49:06,31,
opp_fdbf970060c3,lead_4e8ee0473d9e,2026-03-05T10:52:05,Organic Sales,Closed Lost,Morgan Reed,Lost,0.0,2026-03-28T10:52:05,94,No budget
opp_4213fbf403da,lead_020b08bcc6af,2026-05-25T07:17:46,Organic Sales,Follow Up,Morgan Reed,Open,0.0,2026-05-30T07:17:46,31,
opp_27b91dbf7b1b,lead_fdcb3bdeaa75,2026-03-25T22:12:04,Webinar Sales,Closed Lost,Riley Carter,Lost,10000.0,2026-04-10T22:12:04,81,Needs more time
opp_2e6e63c697b3,lead_bfa8be2ca87d,2026-04-08T13:42:11,Evergreen Sales,Contacted,Morgan Reed,Open,0.0,2026-04-11T13:42:11,80,
opp_b355ea830c8c,lead_82061933483d,2026-01-13T10:07:19,Evergreen Sales,Follow Up,Riley Carter,Open,0.0,2026-01-23T10:07:19,158,
opp_2356c19e2e0f,lead_0b1d5a758d8d,2026-06-20T17:33:09,Evergreen Sales,Contact Attempted,Morgan Reed,Open,0.0,2026-07-17T17:33:09,0,
opp_bf7c29d19e95,lead_824a2033de10,2026-05-06T11:58:20,Webinar Sales,Contact Attempted,Casey Bennett,Open,0.0,2026-05-09T11:58:20,52,
opp_afe658c0abc9,lead_b93ace70c703,2026-03-22T14:17:09,Evergreen Sales,Contact Attempted,Riley Carter,Open,0.0,2026-04-01T14:17:09,90,
opp_fea52d67b1fd,lead_b3c4bfc9beca,2026-06-26T20:47:23,Evergreen Sales,No Show,Morgan Reed,Open,0.0,2026-07-05T20:47:23,0,
opp_17cf099206a5,lead_9dfce600f391,2026-02-16T13:03:39,Evergreen Sales,Contacted,Riley Carter,Open,0.0,2026-03-06T13:03:39,116,
opp_462d9ee6d442,lead_3891d1a44e10,2026-05-16T13:07:14,Evergreen Sales,Follow Up,Riley Carter,Open,0.0,2026-05-28T13:07:14,33,
opp_871ae0e39a01,lead_244c6d6fbe97,2026-01-15T20:40:21,Evergreen Sales,Contact Attempted,Casey Bennett,Open,0.0,2026-01-30T20:40:21,151,
opp_44d1ec009eaf,lead_fe52ed391369,2026-02-10T06:25:26,Evergreen Sales,Closed Won,Morgan Reed,Won,10000.0,2026-02-22T06:25:26,128,
opp_61c4ddbdf62d,lead_c6499fc3890b,2026-03-16T00:18:49,Referral Sales,Call Booked,Casey Bennett,Open,0.0,2026-04-06T00:18:49,85,
opp_3bf4831ae6d5,lead_fd2c7f9c433b,2026-01-23T06:27:36,Evergreen Sales,Contacted,Casey Bennett,Open,0.0,2026-01-27T06:27:36,154,
opp_8a1b4f0f09ee,lead_df244dc68a3d,2026-01-17T00:42:16,Organic Sales,Disqualified,Casey Bennett,Lost,0.0,2026-01-27T00:42:16,154,Insufficient capital
opp_1292f3ca94b6,lead_db910865c609,2026-06-13T09:57:56,Evergreen Sales,Closed Lost,Riley Carter,Lost,9750.0,2026-07-12T09:57:56,0,Financing unavailable
opp_d2d80aa0d3a0,lead_fb0e01c609fd,2026-01-25T02:35:14,Evergreen Sales,Closed Lost,Morgan Reed,Lost,0.0,2026-02-10T02:35:14,140,No Show
opp_df24968ec75b,lead_2b94741ca77c,2026-05-12T12:50:03,Referral Sales,Follow Up,Morgan Reed,Open,0.0,2026-05-13T12:50:03,48,
opp_eda97161eac8,lead_649b4d5a4e14,2026-06-23T08:13:34,Evergreen Sales,No Show,Riley Carter,Open,0.0,2026-07-22T08:13:34,0,
opp_ffaec756289a,lead_91beea6b5781,2026-06-07T13:55:09,Evergreen Sales,Call Booked,Riley Carter,Open,0.0,2026-06-26T13:55:09,4,
opp_4e811f31d35d,lead_c1f10e5a58d0,2026-05-15T01:14:55,Webinar Sales,Closed Lost,Morgan Reed,Lost,500.0,2026-05-28T01:14:55,33,Partner approval
opp_1db5da58b9e4,lead_a6b1d29ed5c7,2026-05-29T23:00:41,Evergreen Sales,Closed Won,Morgan Reed,Won,5000.0,2026-06-03T23:00:41,27,
opp_621fe4c71838,lead_f696942f69a0,2026-03-23T21:11:02,Evergreen Sales,Contact Attempted,Morgan Reed,Open,0.0,2026-03-25T21:11:02,97,
opp_d211661e5f24,lead_179dbe4ea7f3,2026-02-12T19:55:14,Referral Sales,Contacted,Morgan Reed,Open,0.0,2026-03-01T19:55:14,121,
opp_ba68a36e7543,lead_6843ec684647,2026-03-22T17:12:33,Webinar Sales,Contacted,Casey Bennett,Open,0.0,2026-03-27T17:12:33,95,
opp_a33967e8f256,lead_5a09e40e6b5e,2026-05-02T07:11:19,Organic Sales,Contacted,Casey Bennett,Open,0.0,2026-05-13T07:11:19,48,
opp_144b121342f2,lead_7411d0815ab5,2026-01-21T13:27:40,Evergreen Sales,Call Booked,Casey Bennett,Open,0.0,2026-02-08T13:27:40,142,
opp_4e27253888a1,lead_26300896e49e,2026-03-17T13:44:28,Referral Sales,Contacted,Riley Carter,Open,0.0,2026-03-22T13:44:28,100,
opp_5d6e2147891f,lead_faec16fe9b54,2026-01-09T12:46:13,Webinar Sales,Contacted,Casey Bennett,Open,0.0,2026-01-21T12:46:13,160,
opp_c2c499ed5fe9,lead_c89c9cf9821b,2026-01-20T18:29:08,Webinar Sales,Contacted,Morgan Reed,Open,0.0,2026-02-04T18:29:08,146,
opp_3ca5fda21582,lead_6b1085b921ec,2026-04-27T11:35:00,Evergreen Sales,Closed Lost,Casey Bennett,Lost,0.0,2026-05-23T11:35:00,38,Not interested
opp_12c096b02187,lead_0cac6f9adbe4,2026-03-06T11:26:56,Referral Sales,Contacted,Casey Bennett,Open,0.0,2026-03-10T11:26:56,112,
opp_70daaf060362,lead_99bc0d174b67,2026-01-14T02:38:08,Evergreen Sales,Closed Lost,Casey Bennett,Lost,0.0,2026-02-07T02:38:08,143,Not interested
opp_ea2ae4332416,lead_18cb35ebaf3a,2026-04-08T18:06:26,Evergreen Sales,Contacted,Morgan Reed,Open,0.0,2026-04-11T18:06:26,80,
opp_b1d0762ad138,lead_af618fc65ee8,2026-03-01T23:20:20,Evergreen Sales,Closed Lost,Riley Carter,Lost,0.0,2026-03-19T23:20:20,103,Unable to contact
opp_2155e09b0018,lead_d8d3801cad07,2026-03-14T17:24:23,Evergreen Sales,Closed Won,Casey Bennett,Won,297.0,2026-03-23T17:24:23,99,
opp_3833bdf2ba80,lead_87868551d0ab,2026-02-16T05:27:30,Evergreen Sales,Contact Attempted,Riley Carter,Open,0.0,2026-03-09T05:27:30,113,
opp_1217b5081aff,lead_f139848c888f,2026-02-24T00:09:47,Webinar Sales,Contact Attempted,Riley Carter,Open,0.0,2026-02-27T00:09:47,123,
opp_acd48ff42ba9,lead_ce75749a77b4,2026-05-06T20:06:54,Webinar Sales,Follow Up,Riley Carter,Open,0.0,2026-05-26T20:06:54,35,
opp_83cfb45d60ee,lead_918c07b11cb7,2026-02-09T23:10:43,Evergreen Sales,Contacted,Morgan Reed,Open,0.0,2026-02-20T23:10:43,130,
opp_db1276e6e23a,lead_b4a020db862a,2026-04-29T01:46:47,Webinar Sales,Contacted,Casey Bennett,Open,0.0,2026-05-14T01:46:47,47,
opp_579ced3c6728,lead_c5dbc805f38a,2026-06-18T21:52:22,Referral Sales,No Show,Morgan Reed,Open,0.0,2026-06-20T21:52:22,10,
opp_aff34e38a570,lead_2de5c55ba770,2026-02-09T15:44:03,Referral Sales,Closed Lost,Riley Carter,Lost,9750.0,2026-02-09T15:44:03,141,Partner approval
opp_0e2733b19446,lead_85f1de3308d2,2026-02-15T21:17:06,Webinar Sales,Contact Attempted,Casey Bennett,Open,0.0,2026-02-18T21:17:06,132,
opp_2c6f2462f0fe,lead_c9b0c5a11aae,2026-02-08T08:35:08,Evergreen Sales,Contacted,Morgan Reed,Open,0.0,2026-02-13T08:35:08,137,
opp_b78de5494722,lead_3a7a396c33db,2026-03-29T01:05:42,Evergreen Sales,Contacted,Morgan Reed,Open,0.0,2026-04-10T01:05:42,81,
opp_9416975c9644,lead_62deb3ba2003,2026-03-19T07:57:13,Evergreen Sales,Contact Attempted,Casey Bennett,Open,0.0,2026-04-09T07:57:13,82,
opp_1dc79f11eaf4,lead_fb5c91bcdfa2,2026-05-28T15:22:07,Organic Sales,Closed Lost,Morgan Reed,Lost,0.0,2026-06-12T15:22:07,18,No budget
opp_f92538cd3dc4,lead_25847ce1aca3,2026-06-15T20:07:30,Webinar Sales,Contacted,Riley Carter,Open,0.0,2026-06-26T20:07:30,4,
opp_0b80bfed8bd4,lead_b5190bfc3e5c,2026-02-19T23:03:58,Organic Sales,Closed Lost,Casey Bennett,Lost,0.0,2026-02-28T23:03:58,122,Timing
opp_0d28112d4d32,lead_e980eb445f76,2026-01-14T23:15:47,Evergreen Sales,Contacted,Morgan Reed,Open,0.0,2026-02-01T23:15:47,149,
opp_3260ab01c98d,lead_a1a6304d4484,2026-01-01T19:28:58,Evergreen Sales,Contacted,Riley Carter,Open,0.0,2026-01-26T19:28:58,155,
opp_f8c84cddf9e5,lead_cd49e1840b63,2026-06-29T18:01:59,Evergreen Sales,Closed Lost,Casey Bennett,Lost,0.0,2026-07-06T18:01:59,0,No budget
opp_ed72c2aefcc3,lead_45a175a8d504,2026-05-05T11:30:12,Evergreen Sales,Contacted,Morgan Reed,Open,0.0,2026-05-28T11:30:12,33,
opp_d8e028dbf147,lead_16fbda5a4ef4,2026-02-07T17:10:08,Evergreen Sales,Closed Lost,Casey Bennett,Lost,0.0,2026-02-13T17:10:08,137,Not interested
opp_19edd5fe2e04,lead_1781957063ff,2026-05-04T07:13:12,Organic Sales,Follow Up,Casey Bennett,Open,0.0,2026-05-06T07:13:12,55,
opp_068adeeb4e3c,lead_ab7dea5eb21c,2026-02-17T01:26:46,Evergreen Sales,Contact Attempted,Riley Carter,Open,0.0,2026-03-03T01:26:46,119,
opp_f0d078289a49,lead_0aee14773e74,2026-05-16T10:27:08,Referral Sales,Contact Attempted,Riley Carter,Open,0.0,2026-06-10T10:27:08,20,
opp_6dcc76c84c7d,lead_c52bd4760249,2026-02-19T09:04:05,Evergreen Sales,Contact Attempted,Morgan Reed,Open,0.0,2026-02-21T09:04:05,129,
opp_9cb673ba0dfd,lead_6cbc0d4e86bc,2026-05-06T03:06:34,Evergreen Sales,Closed Lost,Morgan Reed,Lost,0.0,2026-05-18T03:06:34,43,No Show
opp_83ecb1b0260d,lead_9459cfb63187,2026-06-20T02:29:04,Organic Sales,Contact Attempted,Casey Bennett,Open,0.0,2026-07-13T02:29:04,0,
opp_7a7cbd394075,lead_70fe77837087,2026-04-24T19:19:46,Referral Sales,Closed Won,Morgan Reed,Won,2500.0,2026-05-01T19:19:46,60,
opp_e7f697a60b38,lead_64ee54b0f648,2026-05-31T19:38:34,Evergreen Sales,Contacted,Riley Carter,Open,0.0,2026-06-21T19:38:34,9,
opp_b707a7118d72,lead_1fd43ca66a99,2026-03-19T06:40:32,Evergreen Sales,Closed Lost,Casey Bennett,Lost,0.0,2026-04-17T06:40:32,74,Unable to contact
opp_df462e58dcea,lead_90ddbe7857ba,2026-05-31T05:54:24,Evergreen Sales,Cancelled,Casey Bennett,Open,0.0,2026-06-21T05:54:24,9,
opp_566ba3e16bd1,lead_cb5a2ed3485d,2026-02-04T06:05:22,Webinar Sales,Contact Attempted,Morgan Reed,Open,0.0,2026-02-19T06:05:22,131,
opp_dd783120c7ed,lead_cc972ed707ed,2026-03-29T12:13:53,Organic Sales,Contacted,Morgan Reed,Open,0.0,2026-04-11T12:13:53,80,
opp_6cec81bb8d1b,lead_e529e28f1bf8,2026-06-07T03:02:44,Evergreen Sales,Closed Lost,Casey Bennett,Lost,0.0,2026-06-17T03:02:44,13,Cancelled
opp_c87a3f9e1bed,lead_1085f4a264aa,2026-06-18T14:51:36,Referral Sales,Contacted,Morgan Reed,Open,0.0,2026-06-23T14:51:36,7,
opp_e4504360cbef,lead_4738b6096e8d,2026-01-13T11:29:04,Evergreen Sales,Contacted,Casey Bennett,Open,0.0,2026-02-02T11:29:04,148,
opp_6f9b1a0a7f26,lead_8da1452fef34,2026-01-02T20:18:13,Organic Sales,Closed Lost,Riley Carter,Lost,0.0,2026-01-15T20:18:13,166,Unable to contact
opp_479a037f67e2,lead_364833ad6719,2026-01-19T19:18:56,Organic Sales,No Show,Casey Bennett,Open,0.0,2026-02-13T19:18:56,137,
opp_5328a6c295c9,lead_0bdc11b01543,2026-04-05T08:34:48,Organic Sales,Closed Lost,Casey Bennett,Lost,0.0,2026-04-22T08:34:48,69,No budget
opp_4b3eea2028b5,lead_8d17990ee1e9,2026-06-22T20:24:35,Evergreen Sales,Contact Attempted,Casey Bennett,Open,0.0,2026-07-07T20:24:35,0,
opp_26e100781e35,lead_258da68b0a05,2026-04-29T14:34:35,Referral Sales,Follow Up,Morgan Reed,Open,0.0,2026-05-12T14:34:35,49,
opp_c7bb892bd797,lead_f33fb5e116b6,2026-03-20T00:33:45,Evergreen Sales,Closed Lost,Riley Carter,Lost,0.0,2026-04-08T00:33:45,83,Not interested
opp_f4199821155a,lead_3943578f5d39,2026-05-26T21:57:46,Evergreen Sales,Closed Lost,Riley Carter,Lost,0.0,2026-06-02T21:57:46,28,Unable to contact
opp_8de2d1fc27ea,lead_d5ea7fffde0e,2026-04-10T23:40:23,Referral Sales,Contact Attempted,Riley Carter,Open,0.0,2026-04-22T23:40:23,69,
opp_e7e7a3503ea4,lead_528238ed55dc,2026-01-04T05:30:10,Evergreen Sales,Disqualified,Riley Carter,Lost,0.0,2026-01-21T05:30:10,160,Low intent
opp_2875b4adb324,lead_50c145576e05,2026-02-15T08:27:43,Evergreen Sales,No Show,Riley Carter,Open,0.0,2026-03-07T08:27:43,115,
opp_77450140ee60,lead_db609172f248,2026-03-25T02:14:03,Webinar Sales,Closed Won,Morgan Reed,Won,5000.0,2026-04-14T02:14:03,77,
opp_6bf8dd0325e9,lead_14964075d5ef,2026-04-28T21:38:06,Webinar Sales,Contact Attempted,Riley Carter,Open,0.0,2026-05-09T21:38:06,52,
opp_6d5d4b7bfde7,lead_0c85ff0ec8e2,2026-01-25T19:52:37,Webinar Sales,Contacted,Riley Carter,Open,0.0,2026-01-27T19:52:37,154,
opp_bbffe143bd54,lead_70a823c3a12b,2026-02-02T15:10:58,Evergreen Sales,Contacted,Riley Carter,Open,0.0,2026-02-14T15:10:58,136,
opp_22fec24a7d09,lead_fbbf46e4a225,2026-02-11T02:19:03,Organic Sales,Contacted,Riley Carter,Open,0.0,2026-02-27T02:19:03,123,
opp_80f42546e520,lead_549f681ffc1c,2026-05-19T23:42:26,Evergreen Sales,Contact Attempted,Casey Bennett,Open,0.0,2026-06-08T23:42:26,22,
opp_e3a1e685c6cc,lead_ecdf99c76ad1,2026-05-20T15:35:54,Webinar Sales,Follow Up,Morgan Reed,Open,0.0,2026-06-02T15:35:54,28,
opp_bab5f1bb0c1c,lead_985e648307d3,2026-01-18T13:29:20,Referral Sales,Closed Lost,Riley Carter,Lost,0.0,2026-02-02T13:29:20,148,No budget
opp_064a0fe9a170,lead_dfee2bb3ffc7,2026-03-15T04:59:43,Evergreen Sales,Closed Lost,Casey Bennett,Lost,0.0,2026-04-11T04:59:43,80,No budget
opp_83a0758ccbb2,lead_8caae4a37f99,2026-02-20T07:27:55,Webinar Sales,Closed Lost,Morgan Reed,Lost,0.0,2026-02-26T07:27:55,124,Unable to contact
opp_df1a2abfa405,lead_5beb4d59bfe6,2026-05-25T14:10:12,Evergreen Sales,Contacted,Casey Bennett,Open,0.0,2026-06-24T14:10:12,6,
opp_40c3a7800c72,lead_976655ff3d6d,2026-03-02T08:25:40,Evergreen Sales,Contacted,Casey Bennett,Open,0.0,2026-03-16T08:25:40,106,
opp_bb91ded4b6a1,lead_93d79c33dc6b,2026-05-30T18:25:46,Evergreen Sales,Contacted,Riley Carter,Open,0.0,2026-06-23T18:25:46,7,
opp_dab0b01c660a,lead_c5647d504c39,2026-01-21T16:43:35,Referral Sales,Follow Up,Casey Bennett,Open,0.0,2026-02-08T16:43:35,142,
opp_f37e97673f60,lead_6aff00637691,2026-06-12T13:42:44,Evergreen Sales,Closed Lost,Morgan Reed,Lost,0.0,2026-07-04T13:42:44,0,Not interested
opp_fd3dfbc39083,lead_50b9b741f6f4,2026-05-26T01:33:05,Organic Sales,Contacted,Morgan Reed,Open,0.0,2026-06-17T01:33:05,13,
opp_795c3aff9712,lead_0b6b9f50a66f,2026-04-08T13:15:04,Organic Sales,Closed Lost,Riley Carter,Lost,0.0,2026-04-14T13:15:04,77,Timing
opp_80118a936172,lead_c8e6dd30abf9,2026-04-07T02:59:10,Organic Sales,Contact Attempted,Morgan Reed,Open,0.0,2026-04-18T02:59:10,73,
opp_a629c9e6b520,lead_5ca1c1ed1753,2026-01-30T15:38:38,Evergreen Sales,Contact Attempted,Riley Carter,Open,0.0,2026-02-19T15:38:38,131,
opp_006c392b28d1,lead_c65c03f91810,2026-06-16T08:52:42,Webinar Sales,Contact Attempted,Riley Carter,Open,0.0,2026-06-28T08:52:42,2,
opp_f679647b88a0,lead_10a0f8b831cd,2026-01-05T04:30:14,Evergreen Sales,Closed Lost,Riley Carter,Lost,4000.0,2026-01-11T04:30:14,170,Price
opp_932da2040cc0,lead_59b3f952ae00,2026-05-28T03:12:14,Organic Sales,Call Booked,Riley Carter,Open,0.0,2026-06-12T03:12:14,18,
opp_d34b5a42e7c9,lead_37f5cb12cb0e,2026-06-29T05:47:20,Evergreen Sales,Contact Attempted,Casey Bennett,Open,0.0,2026-07-20T05:47:20,0,
opp_ea92e3988c55,lead_03d1e4e2908e,2026-05-27T01:48:57,Evergreen Sales,Contacted,Riley Carter,Open,0.0,2026-06-21T01:48:57,9,
opp_ff6e1931ae7d,lead_005d7aa58aa0,2026-02-01T18:52:17,Evergreen Sales,Contact Attempted,Casey Bennett,Open,0.0,2026-02-14T18:52:17,136,
opp_5c861473d87d,lead_c40218d7f95a,2026-02-10T17:34:55,Evergreen Sales,Contacted,Riley Carter,Open,0.0,2026-02-12T17:34:55,138,
opp_e4c47607c470,lead_5de9b1bf1941,2026-05-21T23:12:25,Referral Sales,Contacted,Casey Bennett,Open,0.0,2026-05-31T23:12:25,30,
opp_599976753ec0,lead_e935418f02fe,2026-05-12T22:26:39,Evergreen Sales,Contact Attempted,Casey Bennett,Open,0.0,2026-06-10T22:26:39,20,
opp_fa70ba77f057,lead_5a7fcc608f7d,2026-01-11T04:32:16,Evergreen Sales,Closed Lost,Casey Bennett,Lost,0.0,2026-01-12T04:32:16,169,No budget
opp_429030c6776d,lead_d5e957b013c3,2026-05-02T17:54:13,Organic Sales,Contacted,Morgan Reed,Open,0.0,2026-05-23T17:54:13,38,
opp_4180be12f146,lead_fe04278c3acc,2026-05-14T14:14:17,Evergreen Sales,Closed Lost,Riley Carter,Lost,0.0,2026-06-09T14:14:17,21,Cancelled
opp_824f613fead8,lead_04768daa1c58,2026-06-01T00:29:17,Evergreen Sales,Follow Up,Casey Bennett,Open,0.0,2026-06-12T00:29:17,18,
opp_5007a2ccb34f,lead_3df82a54308c,2026-03-28T10:24:05,Evergreen Sales,Contact Attempted,Morgan Reed,Open,0.0,2026-04-10T10:24:05,81,
opp_f03027f821be,lead_f1468fe9eadc,2026-05-10T20:47:51,Evergreen Sales,Call Booked,Riley Carter,Open,0.0,2026-05-15T20:47:51,46,
opp_a896fd0cb78e,lead_4be115d193e1,2026-02-23T03:39:00,Evergreen Sales,Contact Attempted,Casey Bennett,Open,0.0,2026-03-08T03:39:00,114,
opp_856dac4f2bf4,lead_93537661b6bd,2026-02-27T22:28:26,Organic Sales,Contacted,Morgan Reed,Open,0.0,2026-03-24T22:28:26,98,
opp_17506ee31acd,lead_74968963c38f,2026-03-20T16:58:37,Webinar Sales,Contacted,Riley Carter,Open,0.0,2026-04-16T16:58:37,75,
opp_ae4e6a8daea0,lead_7dd2836ccff9,2026-05-27T07:36:10,Organic Sales,Disqualified,Morgan Reed,Lost,0.0,2026-05-29T07:36:10,32,Wrong timing
opp_5e63efe80e94,lead_278e71ab8c51,2026-01-02T00:48:41,Webinar Sales,Disqualified,Morgan Reed,Lost,0.0,2026-01-12T00:48:41,169,Insufficient capital
opp_25d00e504d01,lead_df6809c55b12,2026-02-10T01:06:03,Evergreen Sales,Contacted,Casey Bennett,Open,0.0,2026-02-25T01:06:03,125,
opp_329dcb905874,lead_faf0decb5839,2026-01-17T10:18:45,Webinar Sales,Contacted,Riley Carter,Open,0.0,2026-01-28T10:18:45,153,
opp_17096ba9fa49,lead_5d9c59bb30fa,2026-01-01T00:23:55,Evergreen Sales,Cancelled,Casey Bennett,Open,0.0,2026-01-11T00:23:55,170,
opp_f04d93d9b1f1,lead_769d5b146a8b,2026-01-28T03:46:18,Referral Sales,Closed Lost,Riley Carter,Lost,297.0,2026-02-09T03:46:18,141,Needs more time
opp_5875fb696ed7,lead_4fc9c280efbf,2026-04-28T16:58:00,Evergreen Sales,Contact Attempted,Morgan Reed,Open,0.0,2026-05-16T16:58:00,45,
opp_5a0704ea3431,lead_aae7c976b315,2026-02-16T00:58:03,Referral Sales,Follow Up,Morgan Reed,Open,0.0,2026-02-21T00:58:03,129,
opp_ed9f02966314,lead_e84b72954d9c,2026-04-25T21:54:33,Evergreen Sales,Contact Attempted,Riley Carter,Open,0.0,2026-05-20T21:54:33,41,
opp_b737d91d3949,lead_3445ecf85dfe,2026-02-20T14:49:51,Evergreen Sales,Closed Lost,Casey Bennett,Lost,10000.0,2026-03-14T14:49:51,108,Needs more time
opp_8956bd34518d,lead_be57d3f15257,2026-05-12T08:50:17,Evergreen Sales,Contacted,Riley Carter,Open,0.0,2026-05-12T08:50:17,49,
opp_b8b2c9d87616,lead_ff6706209dee,2026-05-23T06:30:45,Evergreen Sales,Call Booked,Riley Carter,Open,0.0,2026-06-10T06:30:45,20,
opp_42f1ffced8c5,lead_a81e70376350,2026-04-20T10:45:46,Evergreen Sales,Contacted,Riley Carter,Open,0.0,2026-04-24T10:45:46,67,
opp_936d58d2e3f2,lead_dd20058a3e63,2026-03-03T10:20:45,Evergreen Sales,Contact Attempted,Morgan Reed,Open,0.0,2026-03-16T10:20:45,106,
opp_f93ea466c9c2,lead_9b8738939f62,2026-04-14T04:49:49,Evergreen Sales,Contacted,Morgan Reed,Open,0.0,2026-05-01T04:49:49,60,
opp_007c5478b68e,lead_c646c4a37801,2026-03-12T10:51:40,Evergreen Sales,Closed Lost,Morgan Reed,Lost,0.0,2026-04-08T10:51:40,83,Unable to contact
opp_d311fe8faf34,lead_4a42e5c0bdfb,2026-03-15T05:40:27,Evergreen Sales,Contact Attempted,Morgan Reed,Open,0.0,2026-04-11T05:40:27,80,
opp_bd43cdaa72a3,lead_40646874e1f1,2026-06-20T00:10:52,Evergreen Sales,Contacted,Morgan Reed,Open,0.0,2026-06-24T00:10:52,6,
opp_e6dbaa386fe3,lead_00da8402d0dc,2026-04-18T02:22:23,Organic Sales,Contact Attempted,Morgan Reed,Open,0.0,2026-05-16T02:22:23,45,
opp_88115e10528d,lead_2e9d2ee92beb,2026-02-05T01:59:41,Evergreen Sales,Follow Up,Riley Carter,Open,0.0,2026-02-20T01:59:41,130,
opp_5b63aaa34f26,lead_b18b7210beec,2026-04-03T14:20:14,Organic Sales,Follow Up,Riley Carter,Open,0.0,2026-05-03T14:20:14,58,
opp_a08d5f2f95fc,lead_b1a24edfb48d,2026-05-08T16:27:55,Organic Sales,Closed Won,Riley Carter,Won,4750.0,2026-05-18T16:27:55,43,
opp_6572263b5340,lead_c2cfa083e35c,2026-05-05T02:51:27,Evergreen Sales,Closed Lost,Riley Carter,Lost,0.0,2026-06-01T02:51:27,29,Cancelled
opp_383d3a659119,lead_bae633a11396,2026-02-05T13:19:44,Organic Sales,Closed Lost,Riley Carter,Lost,4500.0,2026-02-09T13:19:44,141,Price
opp_ddafb430c31c,lead_7ade7f13a310,2026-04-12T02:08:49,Evergreen Sales,Closed Lost,Casey Bennett,Lost,0.0,2026-04-17T02:08:49,74,Not interested
opp_d369d17eab0a,lead_46a30789fdf9,2026-06-14T03:07:48,Evergreen Sales,Contacted,Riley Carter,Open,0.0,2026-06-23T03:07:48,7,
opp_e18a3ebae993,lead_76d8458062ca,2026-02-02T01:28:58,Evergreen Sales,No Show,Casey Bennett,Open,0.0,2026-02-16T01:28:58,134,
opp_a0975c6789a7,lead_f53d0be0ecbe,2026-06-06T23:10:10,Organic Sales,Contacted,Riley Carter,Open,0.0,2026-07-03T23:10:10,0,
opp_5033eb8e60ac,lead_fa29481dff83,2026-04-04T03:21:31,Organic Sales,Follow Up,Riley Carter,Open,0.0,2026-05-01T03:21:31,60,
opp_6a34f08fb9a0,lead_93349ef02524,2026-01-03T16:46:47,Referral Sales,Contact Attempted,Morgan Reed,Open,0.0,2026-01-03T16:46:47,178,
opp_e78d40402cb0,lead_66f7a97140c0,2026-02-17T10:10:36,Webinar Sales,Follow Up,Riley Carter,Open,0.0,2026-02-28T10:10:36,122,
opp_a6e68c6ef6d6,lead_769228e8ea31,2026-02-02T17:25:03,Organic Sales,Contacted,Morgan Reed,Open,0.0,2026-02-16T17:25:03,134,
opp_8cbe6acb7471,lead_471ffac53e34,2026-06-12T23:55:45,Evergreen Sales,Contact Attempted,Casey Bennett,Open,0.0,2026-06-16T23:55:45,14,
opp_a1d365a96854,lead_77c1ff70b4ff,2026-03-14T11:37:41,Organic Sales,Contact Attempted,Morgan Reed,Open,0.0,2026-04-10T11:37:41,81,
opp_d04f9e5e93e6,lead_b385a1535060,2026-02-26T07:47:58,Webinar Sales,Contacted,Morgan Reed,Open,0.0,2026-03-20T07:47:58,102,
opp_50b82e829359,lead_5c069d36df92,2026-04-21T10:59:44,Evergreen Sales,Closed Lost,Riley Carter,Lost,0.0,2026-05-05T10:59:44,56,No Show
opp_34ff507208b8,lead_181c70d5585b,2026-03-31T22:00:06,Organic Sales,Contacted,Casey Bennett,Open,0.0,2026-04-07T22:00:06,84,
opp_2cab21ead869,lead_3def55947d31,2026-03-05T19:09:44,Evergreen Sales,Closed Lost,Casey Bennett,Lost,0.0,2026-03-21T19:09:44,101,No budget
opp_5d4aa604b361,lead_15f7e7a8150b,2026-03-20T01:46:23,Webinar Sales,Contact Attempted,Casey Bennett,Open,0.0,2026-04-03T01:46:23,88,
opp_565926a36d2e,lead_fc49600590b9,2026-04-10T20:53:54,Evergreen Sales,Contacted,Morgan Reed,Open,0.0,2026-05-06T20:53:54,55,
opp_a368d93a36be,lead_8d0288a93e94,2026-02-18T13:42:44,Evergreen Sales,Closed Lost,Casey Bennett,Lost,0.0,2026-03-20T13:42:44,102,Not interested
opp_ed4746a321eb,lead_1dfa7e2ef4a0,2026-04-15T03:55:58,Evergreen Sales,Closed Won,Riley Carter,Won,2500.0,2026-04-21T03:55:58,70,
opp_8134b74e61fd,lead_9f935ce83e21,2026-01-28T03:51:43,Webinar Sales,Contact Attempted,Casey Bennett,Open,0.0,2026-02-05T03:51:43,145,
opp_380c36229975,lead_d26ec1a0608f,2026-01-22T11:44:21,Webinar Sales,Contacted,Casey Bennett,Open,0.0,2026-02-13T11:44:21,137,
opp_b81304e85428,lead_d18293cce49a,2026-06-24T22:57:14,Evergreen Sales,Closed Lost,Casey Bennett,Lost,0.0,2026-07-09T22:57:14,0,Cancelled
opp_a606acb41581,lead_0c62ec904e50,2026-01-24T01:36:44,Evergreen Sales,Contact Attempted,Riley Carter,Open,0.0,2026-02-16T01:36:44,134,
opp_b6bab357917b,lead_120544fd3e0d,2026-05-26T20:19:57,Webinar Sales,Follow Up,Casey Bennett,Open,0.0,2026-06-07T20:19:57,23,
opp_4067cfcce853,lead_cf145abae413,2026-06-03T22:18:36,Evergreen Sales,Follow Up,Riley Carter,Open,0.0,2026-06-23T22:18:36,7,
opp_aa99d9d45378,lead_17951cc50d82,2026-02-15T22:11:34,Evergreen Sales,Contacted,Casey Bennett,Open,0.0,2026-02-19T22:11:34,131,
opp_ab620818bfeb,lead_32a87270fd03,2026-03-26T08:07:03,Evergreen Sales,Disqualified,Morgan Reed,Lost,0.0,2026-04-20T08:07:03,71,Insufficient capital
opp_235d9cab7f27,lead_732ccbf5fd8d,2026-04-30T22:17:09,Webinar Sales,Closed Lost,Morgan Reed,Lost,0.0,2026-04-30T22:17:09,61,Not interested
opp_3bfb06dbd79b,lead_7bdcec0d5aa4,2026-06-17T19:18:33,Evergreen Sales,Contacted,Riley Carter,Open,0.0,2026-07-15T19:18:33,0,
opp_a99a864c2810,lead_87a6fe503ef6,2026-04-03T00:30:02,Webinar Sales,Closed Lost,Riley Carter,Lost,0.0,2026-04-07T00:30:02,84,Unable to contact
opp_e876d0efc49d,lead_eb77c8899732,2026-05-03T02:55:23,Evergreen Sales,Contacted,Morgan Reed,Open,0.0,2026-05-31T02:55:23,30,
opp_70287d8fd38b,lead_8fce787b9385,2026-02-07T07:36:41,Evergreen Sales,Contact Attempted,Morgan Reed,Open,0.0,2026-02-28T07:36:41,122,
opp_4c673ef83d34,lead_218907bbaa6d,2026-03-15T20:34:18,Evergreen Sales,Disqualified,Riley Carter,Lost,0.0,2026-03-31T20:34:18,91,Wrong timing
opp_61e6214ee1d1,lead_6926c44fa615,2026-03-07T06:42:08,Evergreen Sales,Contacted,Casey Bennett,Open,0.0,2026-03-31T06:42:08,91,
opp_64681125a1c5,lead_1da2b8c89c11,2026-01-22T08:53:35,Referral Sales,Follow Up,Riley Carter,Open,0.0,2026-02-08T08:53:35,142,
opp_4bd061f5a0f7,lead_25b7e541bdf9,2026-06-23T19:29:50,Evergreen Sales,Follow Up,Morgan Reed,Open,0.0,2026-07-17T19:29:50,0,
opp_df751b02fde8,lead_b676d9b7ebed,2026-02-11T03:53:13,Referral Sales,Contact Attempted,Morgan Reed,Open,0.0,2026-03-10T03:53:13,112,
opp_bed10d80e3d0,lead_913bd077e346,2026-04-06T09:33:37,Evergreen Sales,Contact Attempted,Morgan Reed,Open,0.0,2026-04-24T09:33:37,67,
opp_e6c7dbef63ee,lead_4ffb4d354127,2026-03-06T07:33:30,Referral Sales,Contacted,Riley Carter,Open,0.0,2026-04-05T07:33:30,86,
opp_d29a9e6c5058,lead_8b5ac1c6e217,2026-02-16T06:20:08,Webinar Sales,Contacted,Casey Bennett,Open,0.0,2026-02-21T06:20:08,129,
opp_faa0d70f7810,lead_5af7346a51ec,2026-01-26T08:06:21,Evergreen Sales,Contact Attempted,Morgan Reed,Open,0.0,2026-02-17T08:06:21,133,
opp_31a73b2a2c94,lead_310baaf5a2df,2026-02-07T11:06:26,Organic Sales,Contact Attempted,Riley Carter,Open,0.0,2026-02-19T11:06:26,131,
opp_e503181b370a,lead_16c9813ab4d9,2026-05-21T20:22:44,Organic Sales,Contacted,Riley Carter,Open,0.0,2026-06-13T20:22:44,17,
opp_ecb1d8d6abe7,lead_4dbab54a312b,2026-01-25T19:44:24,Webinar Sales,Follow Up,Casey Bennett,Open,0.0,2026-02-16T19:44:24,134,
opp_49c1984abef5,lead_b816fc323994,2026-06-23T18:35:49,Webinar Sales,Contacted,Morgan Reed,Open,0.0,2026-06-23T18:35:49,7,
opp_a270453afa82,lead_2206cce8a070,2026-04-04T18:06:25,Evergreen Sales,Contacted,Morgan Reed,Open,0.0,2026-04-24T18:06:25,67,
opp_3c284a03f04c,lead_0a0f4a1ccba0,2026-05-16T06:53:10,Evergreen Sales,Contacted,Morgan Reed,Open,0.0,2026-06-04T06:53:10,26,
opp_d7565f263efb,lead_13131b21b9c0,2026-05-24T19:58:58,Webinar Sales,Contact Attempted,Riley Carter,Open,0.0,2026-06-21T19:58:58,9,
opp_413c57ceb5c3,lead_6ac61631f2ad,2026-03-27T00:02:21,Evergreen Sales,Contact Attempted,Casey Bennett,Open,0.0,2026-04-25T00:02:21,66,
opp_a6aec98ef959,lead_681a57804bb5,2026-02-05T17:48:40,Organic Sales,Closed Lost,Riley Carter,Lost,5000.0,2026-02-05T17:48:40,145,Price
opp_47f0f67eac5d,lead_ef68a8e61d61,2026-04-08T19:57:39,Referral Sales,Disqualified,Casey Bennett,Lost,0.0,2026-04-11T19:57:39,80,Wrong timing
opp_d920bf319974,lead_6abe4bbede69,2026-02-03T05:25:34,Referral Sales,Contacted,Casey Bennett,Open,0.0,2026-02-27T05:25:34,123,
opp_da36ae4e0e58,lead_088257c2a0de,2026-06-21T13:53:09,Evergreen Sales,Contact Attempted,Morgan Reed,Open,0.0,2026-07-20T13:53:09,0,
opp_11dbfe61ebe1,lead_c2847a5cf6c1,2026-06-09T21:22:11,Referral Sales,Contact Attempted,Riley Carter,Open,0.0,2026-06-15T21:22:11,15,
opp_bbd83ec65f0b,lead_0b5b3836b608,2026-03-05T00:34:04,Evergreen Sales,Contacted,Casey Bennett,Open,0.0,2026-03-31T00:34:04,91,
opp_12be84976ecf,lead_23f3f4f3cc73,2026-06-24T10:32:53,Webinar Sales,Contacted,Riley Carter,Open,0.0,2026-07-22T10:32:53,0,
opp_50a3fdc1a6e2,lead_0e4f197c9614,2026-02-12T13:55:01,Webinar Sales,Closed Lost,Riley Carter,Lost,5000.0,2026-02-14T13:55:01,136,Chose competitor
opp_ba5a6a50bc39,lead_1ce9395c3fe7,2026-05-21T07:34:13,Referral Sales,Closed Lost,Riley Carter,Lost,2500.0,2026-06-12T07:34:13,18,Financing unavailable
opp_b81746a07764,lead_fd3437260484,2026-06-08T14:46:59,Referral Sales,Contact Attempted,Morgan Reed,Open,0.0,2026-07-08T14:46:59,0,
opp_64ab0f9de6a7,lead_3a83fd42c04d,2026-01-31T05:20:30,Organic Sales,Contact Attempted,Casey Bennett,Open,0.0,2026-02-16T05:20:30,134,
opp_d6a40a240950,lead_38ff2b8cdbbd,2026-01-19T04:37:55,Evergreen Sales,Contacted,Morgan Reed,Open,0.0,2026-02-12T04:37:55,138,
opp_3e91a4789c75,lead_e72b98805330,2026-05-22T15:37:23,Evergreen Sales,Contact Attempted,Casey Bennett,Open,0.0,2026-05-23T15:37:23,38,
opp_d8b007e1cb13,lead_fd2867d8d71a,2026-06-08T17:49:20,Evergreen Sales,Closed Won,Morgan Reed,Won,5000.0,2026-06-28T17:49:20,2,
opp_879a675f6f37,lead_59bf458cee11,2026-02-17T14:57:56,Evergreen Sales,Contact Attempted,Morgan Reed,Open,0.0,2026-03-05T14:57:56,117,
opp_64e04a163110,lead_1282371c4c9a,2026-05-22T02:58:07,Webinar Sales,Follow Up,Casey Bennett,Open,0.0,2026-06-12T02:58:07,18,
opp_b2ee0eb0932d,lead_73dc6931453c,2026-05-29T05:54:54,Evergreen Sales,Call Booked,Morgan Reed,Open,0.0,2026-06-08T05:54:54,22,
opp_494d6a911184,lead_8d8f75011f46,2026-01-28T16:43:48,Webinar Sales,Closed Lost,Morgan Reed,Lost,2500.0,2026-02-03T16:43:48,147,Partner approval
opp_f7c2455cb720,lead_75e6ffa8f200,2026-06-15T13:57:51,Organic Sales,Contact Attempted,Riley Carter,Open,0.0,2026-06-24T13:57:51,6,
opp_5d5bc8ea73fb,lead_f12ab9758d10,2026-03-01T16:31:04,Webinar Sales,Contact Attempted,Morgan Reed,Open,0.0,2026-03-12T16:31:04,110,
opp_91d1f8fab943,lead_6f28adb253ae,2026-05-02T20:17:45,Organic Sales,Closed Lost,Morgan Reed,Lost,2500.0,2026-05-08T20:17:45,53,Needs more time
opp_99d2e20b6dee,lead_e22f2ff86e4d,2026-04-10T07:57:37,Organic Sales,Contact Attempted,Morgan Reed,Open,0.0,2026-04-22T07:57:37,69,
opp_a93fda487273,lead_a5278c6f3181,2026-01-29T14:49:27,Evergreen Sales,Cancelled,Riley Carter,Open,0.0,2026-02-01T14:49:27,149,
opp_ccc5108ab8b6,lead_63d39c057542,2026-04-06T12:03:00,Evergreen Sales,Contact Attempted,Morgan Reed,Open,0.0,2026-05-02T12:03:00,59,
opp_4f62c5a7480a,lead_8d78f3961c30,2026-03-11T09:10:31,Evergreen Sales,Closed Lost,Casey Bennett,Lost,0.0,2026-03-19T09:10:31,103,Unable to contact
opp_837bf165c973,lead_533259266aa7,2026-06-23T21:44:08,Evergreen Sales,Follow Up,Casey Bennett,Open,0.0,2026-06-27T21:44:08,3,
opp_618386c31e4a,lead_4b929979fa13,2026-05-12T22:23:19,Organic Sales,Closed Lost,Riley Carter,Lost,0.0,2026-06-02T22:23:19,28,No Show
opp_9d2c229c59c0,lead_c21765adc49a,2026-03-09T15:35:41,Evergreen Sales,Contacted,Riley Carter,Open,0.0,2026-04-06T15:35:41,85,
opp_a4cf6e7a7189,lead_a26f9ba237af,2026-06-07T10:13:34,Evergreen Sales,Closed Won,Riley Carter,Won,2500.0,2026-06-29T10:13:34,1,
opp_5e02bf1bf426,lead_baf48e29dd90,2026-03-17T20:19:33,Evergreen Sales,Contacted,Morgan Reed,Open,0.0,2026-04-02T20:19:33,89,
opp_212877b1f289,lead_3195e48321e2,2026-05-22T02:42:12,Evergreen Sales,No Show,Morgan Reed,Open,0.0,2026-06-04T02:42:12,26,
opp_9dd0b237374c,lead_d03d33f2d8ff,2026-03-10T11:16:33,Evergreen Sales,Contacted,Riley Carter,Open,0.0,2026-03-26T11:16:33,96,
opp_f3e5481256a7,lead_8bc15c361773,2026-01-27T20:09:28,Evergreen Sales,Closed Lost,Casey Bennett,Lost,0.0,2026-01-30T20:09:28,151,Timing
opp_d0f3b013316f,lead_c31421f36d3f,2026-04-14T09:30:38,Organic Sales,Contacted,Morgan Reed,Open,0.0,2026-05-10T09:30:38,51,
opp_8208984deb2b,lead_ba9ec8e27703,2026-04-13T07:44:45,Organic Sales,Contact Attempted,Morgan Reed,Open,0.0,2026-04-27T07:44:45,64,
opp_1741ce8137ac,lead_56950996de7f,2026-03-12T05:41:17,Referral Sales,Contacted,Casey Bennett,Open,0.0,2026-04-04T05:41:17,87,
opp_120192613ab9,lead_64b35f2d1c02,2026-06-28T19:43:27,Organic Sales,Contacted,Casey Bennett,Open,0.0,2026-07-04T19:43:27,0,
opp_43d9736a72d3,lead_743ea72e929a,2026-02-27T05:23:20,Webinar Sales,Contact Attempted,Casey Bennett,Open,0.0,2026-03-04T05:23:20,118,
opp_890cbda38751,lead_1140afb72dde,2026-01-11T20:21:10,Evergreen Sales,Contacted,Riley Carter,Open,0.0,2026-01-26T20:21:10,155,
opp_c66514be4035,lead_d6db60376749,2026-01-06T02:47:07,Evergreen Sales,Contact Attempted,Morgan Reed,Open,0.0,2026-01-29T02:47:07,152,
opp_6888c5dcc9f6,lead_1e379394cb98,2026-04-03T14:10:22,Referral Sales,Contact Attempted,Morgan Reed,Open,0.0,2026-04-03T14:10:22,88,
opp_1d2befd709b0,lead_135fde976ab8,2026-02-17T13:59:46,Evergreen Sales,Follow Up,Morgan Reed,Open,0.0,2026-03-06T13:59:46,116,
opp_9df4bddbb65e,lead_cc4a91778aae,2026-05-25T09:13:52,Webinar Sales,Closed Lost,Casey Bennett,Lost,0.0,2026-05-31T09:13:52,30,Cancelled
opp_fc5b9c1e5cff,lead_024b1ef69750,2026-03-28T05:04:01,Organic Sales,Contact Attempted,Morgan Reed,Open,0.0,2026-04-17T05:04:01,74,
opp_3d825a26cfbe,lead_bad4bdc63de1,2026-01-07T05:41:09,Evergreen Sales,Closed Lost,Morgan Reed,Lost,0.0,2026-01-25T05:41:09,156,No Show
opp_e4920e86c567,lead_c41847d68790,2026-05-13T00:34:48,Evergreen Sales,Contact Attempted,Riley Carter,Open,0.0,2026-05-23T00:34:48,38,
opp_fa9b721fe4eb,lead_f211cf80f43d,2026-03-24T06:26:47,Organic Sales,Contact Attempted,Riley Carter,Open,0.0,2026-03-28T06:26:47,94,
opp_1afa82992ef6,lead_69f2ba56e13e,2026-05-25T07:15:32,Evergreen Sales,Contact Attempted,Morgan Reed,Open,0.0,2026-06-01T07:15:32,29,
opp_4cf396ea3620,lead_b649a0a2c77f,2026-06-08T13:26:23,Evergreen Sales,Contacted,Riley Carter,Open,0.0,2026-06-15T13:26:23,15,
opp_df4fbcc80067,lead_508da9cc9f10,2026-02-02T00:08:13,Evergreen Sales,Contacted,Casey Bennett,Open,0.0,2026-02-20T00:08:13,130,
opp_48f011bc618d,lead_966d5ce48762,2026-01-21T06:32:22,Evergreen Sales,Contacted,Morgan Reed,Open,0.0,2026-02-14T06:32:22,136,
opp_c75ee8d266d6,lead_cf692f7032de,2026-04-16T03:53:21,Evergreen Sales,Contact Attempted,Morgan Reed,Open,0.0,2026-04-21T03:53:21,70,
opp_9da03c3e2fef,lead_c70043067296,2026-02-06T10:56:58,Webinar Sales,Contact Attempted,Morgan Reed,Open,0.0,2026-02-18T10:56:58,132,
opp_b7e18e5fc0c2,lead_ae432d006dd9,2026-04-20T16:08:38,Evergreen Sales,Closed Lost,Morgan Reed,Lost,0.0,2026-04-24T16:08:38,67,Timing
opp_db799fcb921e,lead_71a383e90c07,2026-03-01T22:12:10,Evergreen Sales,Contact Attempted,Casey Bennett,Open,0.0,2026-03-11T22:12:10,111,
opp_f79d430f7352,lead_f22982c9dca7,2026-05-26T23:50:20,Organic Sales,Contacted,Riley Carter,Open,0.0,2026-05-28T23:50:20,33,
opp_0d65b0dbbc3d,lead_287dcb602aec,2026-03-21T02:05:34,Referral Sales,Contacted,Morgan Reed,Open,0.0,2026-04-07T02:05:34,84,
opp_bf7ed1b9a4fe,lead_282164f57357,2026-04-03T14:45:44,Organic Sales,Contact Attempted,Casey Bennett,Open,0.0,2026-05-02T14:45:44,59,
opp_dc6a06806c16,lead_de70e82089d6,2026-03-31T22:13:53,Evergreen Sales,Closed Lost,Riley Carter,Lost,750.0,2026-04-17T22:13:53,74,Financing unavailable
opp_f45402cd9891,lead_2739d1fbe9ee,2026-06-06T19:06:39,Evergreen Sales,Closed Lost,Morgan Reed,Lost,0.0,2026-06-06T19:06:39,24,No budget
opp_52a2a6cb4347,lead_d4d5ec29bc67,2026-03-28T21:24:32,Evergreen Sales,Closed Lost,Riley Carter,Lost,0.0,2026-04-03T21:24:32,88,Timing
opp_77234c277402,lead_fb61c1d5029d,2026-01-08T18:28:25,Webinar Sales,Contact Attempted,Riley Carter,Open,0.0,2026-01-13T18:28:25,168,
opp_114f2e9fbe8b,lead_1f582830db4f,2026-04-21T01:56:58,Organic Sales,Contact Attempted,Morgan Reed,Open,0.0,2026-05-03T01:56:58,58,
opp_4da91d09ae81,lead_52c614d60113,2026-04-17T05:50:19,Evergreen Sales,Disqualified,Casey Bennett,Lost,0.0,2026-05-04T05:50:19,57,Wrong timing
opp_9af45d33e6f5,lead_a6ddc057352d,2026-02-01T08:30:58,Evergreen Sales,Follow Up,Casey Bennett,Open,0.0,2026-02-03T08:30:58,147,
opp_7b6cb357469e,lead_c34b62199baa,2026-05-18T23:53:32,Evergreen Sales,Closed Lost,Casey Bennett,Lost,0.0,2026-06-09T23:53:32,21,No budget
opp_856033c5b319,lead_018db48be939,2026-05-07T06:34:50,Webinar Sales,Contacted,Casey Bennett,Open,0.0,2026-05-11T06:34:50,50,
opp_55609a1b3a15,lead_84834e93dcf2,2026-03-19T20:30:43,Evergreen Sales,Contacted,Morgan Reed,Open,0.0,2026-03-30T20:30:43,92,
opp_8aeb471f1bd3,lead_9d765f18c0cd,2026-03-14T13:29:22,Evergreen Sales,Closed Lost,Casey Bennett,Lost,0.0,2026-03-27T13:29:22,95,Not interested
opp_ef3b13be11b9,lead_effa0b870073,2026-01-09T06:52:57,Evergreen Sales,Disqualified,Riley Carter,Lost,0.0,2026-01-09T06:52:57,172,Insufficient capital
opp_b9476165e154,lead_ed8c996fe667,2026-01-31T00:18:43,Webinar Sales,Contacted,Riley Carter,Open,0.0,2026-03-02T00:18:43,120,
opp_73d12d36c2a4,lead_bcc165eab749,2026-02-13T07:29:39,Evergreen Sales,Contacted,Morgan Reed,Open,0.0,2026-03-02T07:29:39,120,
opp_8a021681de74,lead_0eacbf4fe2a6,2026-05-05T18:11:40,Evergreen Sales,Contact Attempted,Morgan Reed,Open,0.0,2026-06-03T18:11:40,27,
opp_cf20e6bb5525,lead_be2a9c27de46,2026-01-22T00:56:23,Evergreen Sales,Contacted,Casey Bennett,Open,0.0,2026-02-19T00:56:23,131,
opp_ea9bd44126dd,lead_d106648b403b,2026-03-08T11:48:33,Evergreen Sales,Contacted,Riley Carter,Open,0.0,2026-03-08T11:48:33,114,
opp_850b9d14df3a,lead_934f4db34604,2026-03-30T06:29:24,Organic Sales,Contacted,Morgan Reed,Open,0.0,2026-04-23T06:29:24,68,
opp_1088fafcbac2,lead_233ffd42896b,2026-04-21T08:02:04,Referral Sales,Contacted,Morgan Reed,Open,0.0,2026-05-08T08:02:04,53,
opp_7d97242a88e8,lead_234badf213af,2026-06-03T07:36:44,Evergreen Sales,Follow Up,Morgan Reed,Open,0.0,2026-06-30T07:36:44,0,
opp_e71e0cab14e5,lead_0be86c49af1a,2026-05-28T07:24:31,Evergreen Sales,Disqualified,Riley Carter,Lost,0.0,2026-06-12T07:24:31,18,Not qualified
opp_267493aa77a7,lead_d482632290be,2026-01-14T10:46:14,Evergreen Sales,Contacted,Riley Carter,Open,0.0,2026-01-17T10:46:14,164,
opp_bece19e44ec6,lead_b6626948ae10,2026-04-12T21:38:32,Evergreen Sales,Contact Attempted,Morgan Reed,Open,0.0,2026-04-28T21:38:32,63,
opp_ab382aa65d16,lead_06c7f21ab96d,2026-06-23T18:47:59,Webinar Sales,Closed Lost,Morgan Reed,Lost,0.0,2026-07-03T18:47:59,0,Timing
opp_2605f168ffa6,lead_f7dba67e7351,2026-04-04T12:32:10,Evergreen Sales,Contact Attempted,Riley Carter,Open,0.0,2026-04-24T12:32:10,67,
opp_198c890acd45,lead_3fd660113eb7,2026-06-09T19:31:52,Evergreen Sales,Closed Lost,Morgan Reed,Lost,2500.0,2026-06-21T19:31:52,9,Price
opp_6bfc9d21e487,lead_e104fccd861a,2026-04-23T07:57:20,Evergreen Sales,Closed Lost,Riley Carter,Lost,500.0,2026-04-27T07:57:20,64,Financing unavailable
opp_4f14ec8699c1,lead_d7aaf5b08623,2026-01-03T18:06:54,Webinar Sales,Closed Lost,Casey Bennett,Lost,4500.0,2026-01-12T18:06:54,169,Needs more time
opp_3ceb253ad0e2,lead_07811e19f5c5,2026-06-03T19:03:57,Webinar Sales,Contacted,Riley Carter,Open,0.0,2026-06-26T19:03:57,4,
opp_7cbe3ed436c9,lead_20985da99e37,2026-06-11T15:46:53,Evergreen Sales,Contacted,Riley Carter,Open,0.0,2026-07-08T15:46:53,0,
opp_cddbd972bc2c,lead_db6504b3544c,2026-05-25T19:14:56,Evergreen Sales,Contact Attempted,Morgan Reed,Open,0.0,2026-06-15T19:14:56,15,
opp_eb6778a8a58c,lead_1d254a9e0cd7,2026-03-09T14:11:46,Organic Sales,Closed Lost,Riley Carter,Lost,0.0,2026-03-24T14:11:46,98,Timing
opp_ec1cce0d23c5,lead_a0fee7bededc,2026-06-08T00:29:11,Evergreen Sales,Closed Lost,Riley Carter,Lost,0.0,2026-07-07T00:29:11,0,Timing
opp_c9714f4c2733,lead_eb4f499f4fec,2026-05-16T19:03:14,Webinar Sales,Closed Lost,Casey Bennett,Lost,0.0,2026-05-19T19:03:14,42,Cancelled
opp_f48e0040d879,lead_cddf78ba0489,2026-06-10T19:37:33,Evergreen Sales,Contacted,Morgan Reed,Open,0.0,2026-07-02T19:37:33,0,
opp_d1f452e82097,lead_08adb2d9eafa,2026-03-25T04:24:44,Evergreen Sales,Contacted,Morgan Reed,Open,0.0,2026-04-05T04:24:44,86,
opp_4f14071b4189,lead_00c4115489be,2026-02-25T08:19:35,Organic Sales,Contacted,Riley Carter,Open,0.0,2026-03-09T08:19:35,113,
opp_35fb4e31e4b9,lead_96a8413c9887,2026-06-29T15:26:39,Evergreen Sales,Contact Attempted,Morgan Reed,Open,0.0,2026-07-12T15:26:39,0,
opp_5769f8cad205,lead_a5df3740cc2c,2026-01-21T03:09:42,Referral Sales,Closed Won,Riley Carter,Won,2500.0,2026-02-09T03:09:42,141,
opp_737ce9ee283e,lead_6aab0d2879aa,2026-04-08T17:50:04,Evergreen Sales,Closed Lost,Casey Bennett,Lost,0.0,2026-04-08T17:50:04,83,No budget
opp_5919ecdf2712,lead_0451b975f3ff,2026-02-13T06:41:35,Webinar Sales,Closed Lost,Morgan Reed,Lost,0.0,2026-02-17T06:41:35,133,No Show
opp_de22e0c498d5,lead_a2c0605dc6a2,2026-03-10T01:58:41,Webinar Sales,Follow Up,Riley Carter,Open,0.0,2026-04-05T01:58:41,86,
opp_fdf5be4dc1bf,lead_75400bfe8670,2026-01-02T11:26:32,Webinar Sales,Closed Lost,Casey Bennett,Lost,2500.0,2026-01-23T11:26:32,158,Financing unavailable
opp_2e0a79d5abd0,lead_aed41db5cc0b,2026-02-21T08:39:18,Evergreen Sales,Call Booked,Riley Carter,Open,0.0,2026-03-23T08:39:18,99,
opp_c9952e4cfb4c,lead_c7ebfa4afd57,2026-01-07T08:16:29,Evergreen Sales,Closed Lost,Riley Carter,Lost,750.0,2026-01-29T08:16:29,152,Financing unavailable
opp_7350c4c47b61,lead_6a0cf60862d4,2026-03-07T01:37:56,Webinar Sales,Contacted,Morgan Reed,Open,0.0,2026-03-26T01:37:56,96,
opp_0e3d9c365b6f,lead_88046e1d3d0d,2026-02-07T09:51:45,Organic Sales,Closed Lost,Riley Carter,Lost,0.0,2026-02-21T09:51:45,129,No budget
opp_a7dc72689a9f,lead_be07bd01e8b5,2026-05-22T09:15:04,Evergreen Sales,Contacted,Riley Carter,Open,0.0,2026-06-06T09:15:04,24,
opp_6ade6a9b8129,lead_54a5a6edcc21,2026-01-20T08:04:00,Evergreen Sales,Closed Lost,Riley Carter,Lost,0.0,2026-02-02T08:04:00,148,Unable to contact
opp_b41a0d4caba1,lead_d678399b72cb,2026-06-12T14:16:38,Webinar Sales,Contact Attempted,Morgan Reed,Open,0.0,2026-06-22T14:16:38,8,
opp_bdd0abf4b102,lead_3f84284dbbc5,2026-03-26T22:31:47,Evergreen Sales,Contact Attempted,Morgan Reed,Open,0.0,2026-04-15T22:31:47,76,
opp_eac53bba4eb4,lead_4dae49c9994f,2026-04-16T13:41:50,Evergreen Sales,Contacted,Riley Carter,Open,0.0,2026-04-18T13:41:50,73,
opp_58d0ed8dbfbe,lead_6da10f60a73e,2026-05-04T04:48:45,Webinar Sales,Closed Lost,Morgan Reed,Lost,0.0,2026-05-14T04:48:45,47,Unable to contact
opp_4cdcd99de5d4,lead_b01cf1cabfda,2026-02-27T15:45:33,Referral Sales,Closed Lost,Riley Carter,Lost,0.0,2026-02-28T15:45:33,122,Not interested
opp_e148db5255f6,lead_e97cfc760952,2026-05-30T14:17:06,Webinar Sales,Closed Won,Morgan Reed,Won,5000.0,2026-06-12T14:17:06,18,
opp_8448e05c8abf,lead_c8efb19fd7ee,2026-05-04T23:05:49,Evergreen Sales,Follow Up,Casey Bennett,Open,0.0,2026-05-25T23:05:49,36,
opp_a55d80f10f90,lead_c2a082cef9e4,2026-01-21T19:00:48,Evergreen Sales,Contacted,Morgan Reed,Open,0.0,2026-02-04T19:00:48,146,
opp_0332fb5cae1e,lead_c174887af05a,2026-06-27T05:34:45,Evergreen Sales,Contact Attempted,Morgan Reed,Open,0.0,2026-07-16T05:34:45,0,
opp_5d0257aed04e,lead_67693f8830c7,2026-05-02T11:53:34,Evergreen Sales,Call Booked,Casey Bennett,Open,0.0,2026-05-19T11:53:34,42,
opp_81df582bdf60,lead_65231198a9b9,2026-06-07T00:06:42,Webinar Sales,Disqualified,Morgan Reed,Lost,0.0,2026-07-06T00:06:42,0,Wrong timing
opp_e0661c233fa6,lead_cd37b8e5e12e,2026-01-23T18:13:29,Referral Sales,Contact Attempted,Riley Carter,Open,0.0,2026-02-08T18:13:29,142,
opp_2dc566ecc755,lead_a8aae2bf4893,2026-01-31T18:08:34,Organic Sales,Contact Attempted,Morgan Reed,Open,0.0,2026-02-06T18:08:34,144,
opp_3b63cd2c7959,lead_211fbc465faf,2026-04-11T14:01:52,Organic Sales,Closed Lost,Casey Bennett,Lost,0.0,2026-05-09T14:01:52,52,Not interested
opp_b221d712f67b,lead_a477063e16cf,2026-01-06T17:28:07,Evergreen Sales,Contact Attempted,Riley Carter,Open,0.0,2026-01-09T17:28:07,172,
opp_883b0db87f21,lead_75bb4f5a5afd,2026-02-21T23:03:44,Referral Sales,Contact Attempted,Casey Bennett,Open,0.0,2026-03-05T23:03:44,117,
opp_271b97cc0643,lead_41f5b3c73ee0,2026-04-01T16:34:53,Referral Sales,Contacted,Morgan Reed,Open,0.0,2026-04-03T16:34:53,88,
opp_355e6c9614da,lead_ce2f14ac42f3,2026-05-14T09:55:11,Evergreen Sales,Follow Up,Riley Carter,Open,0.0,2026-05-26T09:55:11,35,
opp_477b46cb23c0,lead_6ba7a43dbf7d,2026-02-02T03:59:58,Webinar Sales,Contacted,Casey Bennett,Open,0.0,2026-03-02T03:59:58,120,
opp_f711743ef7e0,lead_f527a86d2f65,2026-04-26T19:05:53,Webinar Sales,Contact Attempted,Morgan Reed,Open,0.0,2026-05-25T19:05:53,36,
opp_b4109b548603,lead_3e9d89fcdd25,2026-02-08T18:45:58,Organic Sales,Contact Attempted,Morgan Reed,Open,0.0,2026-02-28T18:45:58,122,
opp_0ca43be453c6,lead_381b2d39abc2,2026-04-10T07:05:43,Evergreen Sales,Contacted,Riley Carter,Open,0.0,2026-04-19T07:05:43,72,
opp_ec4157910651,lead_66b123ed27a6,2026-03-19T08:14:37,Webinar Sales,Contacted,Casey Bennett,Open,0.0,2026-03-26T08:14:37,96,
opp_1152350f1936,lead_53b655a3dcbc,2026-02-17T15:15:55,Webinar Sales,Contacted,Casey Bennett,Open,0.0,2026-02-17T15:15:55,133,
opp_f30049a3bfbb,lead_bb1d23f77d34,2026-01-24T17:58:34,Evergreen Sales,Contacted,Riley Carter,Open,0.0,2026-01-26T17:58:34,155,
opp_34c0e00b6b45,lead_45ae1e41ab29,2026-04-21T04:35:54,Evergreen Sales,Contact Attempted,Morgan Reed,Open,0.0,2026-05-21T04:35:54,40,
opp_cf1946636c26,lead_9d6923345fae,2026-04-13T09:13:14,Evergreen Sales,Contacted,Riley Carter,Open,0.0,2026-04-17T09:13:14,74,
opp_b1836b33f2d1,lead_a25be409267e,2026-04-22T10:47:36,Organic Sales,Contact Attempted,Casey Bennett,Open,0.0,2026-05-05T10:47:36,56,
opp_b1cd529247a3,lead_4e943ac81eb0,2026-02-08T06:39:39,Webinar Sales,Disqualified,Morgan Reed,Lost,0.0,2026-02-12T06:39:39,138,Low intent
opp_87f79dd59fac,lead_5e5ff5c26003,2026-01-24T03:47:14,Evergreen Sales,Closed Won,Casey Bennett,Won,500.0,2026-02-10T03:47:14,140,
opp_77d6a2b55bde,lead_a497f950d240,2026-04-22T22:16:59,Organic Sales,Contact Attempted,Riley Carter,Open,0.0,2026-04-26T22:16:59,65,
opp_5892c0b446d6,lead_9429ab94345f,2026-02-25T05:14:26,Evergreen Sales,Follow Up,Morgan Reed,Open,0.0,2026-02-26T05:14:26,124,
opp_fe255ff5587f,lead_bba7c8fd7ffe,2026-03-07T12:21:02,Webinar Sales,Disqualified,Morgan Reed,Lost,0.0,2026-03-30T12:21:02,92,Low intent
opp_b70271b67060,lead_ea6c52dd0c9c,2026-05-21T10:36:23,Webinar Sales,Closed Lost,Casey Bennett,Lost,0.0,2026-06-11T10:36:23,19,No budget
opp_15ae929c0f4c,lead_5deb650a3456,2026-04-06T21:21:41,Evergreen Sales,Contacted,Riley Carter,Open,0.0,2026-04-27T21:21:41,64,
opp_68a4e80f5c98,lead_0b5b6073eb45,2026-06-14T19:05:58,Evergreen Sales,Closed Lost,Casey Bennett,Lost,0.0,2026-07-09T19:05:58,0,Unable to contact
opp_ca39df456e91,lead_45443880dd82,2026-01-06T16:29:34,Evergreen Sales,Closed Lost,Morgan Reed,Lost,0.0,2026-01-24T16:29:34,157,No budget
opp_8cecda9db2f8,lead_74cc268419c7,2026-06-17T06:21:45,Evergreen Sales,Follow Up,Morgan Reed,Open,0.0,2026-06-25T06:21:45,5,
opp_a2da56d06886,lead_c9bbd75d2e63,2026-06-08T11:31:24,Webinar Sales,Contact Attempted,Morgan Reed,Open,0.0,2026-06-12T11:31:24,18,
opp_211c55113e33,lead_43df9b7828fc,2026-01-22T12:22:55,Evergreen Sales,Closed Lost,Casey Bennett,Lost,0.0,2026-01-25T12:22:55,156,No Show
opp_4542cd5c5cbf,lead_1ddcee50c5c4,2026-06-03T17:15:11,Evergreen Sales,Follow Up,Morgan Reed,Open,0.0,2026-06-23T17:15:11,7,
opp_414ccabb5c19,lead_1c229fbc56a2,2026-01-25T12:32:52,Organic Sales,Follow Up,Casey Bennett,Open,0.0,2026-01-26T12:32:52,155,
opp_9de67211fc12,lead_1815312fe8f6,2026-04-12T07:35:42,Referral Sales,No Show,Riley Carter,Open,0.0,2026-04-18T07:35:42,73,
opp_09f240c716c9,lead_51b607df01f2,2026-03-04T12:12:56,Organic Sales,Contacted,Casey Bennett,Open,0.0,2026-03-14T12:12:56,108,
opp_8eca10903c79,lead_506b2e152c96,2026-04-19T10:52:10,Webinar Sales,Contacted,Morgan Reed,Open,0.0,2026-05-16T10:52:10,45,
opp_2237accc2963,lead_9d86f50b8714,2026-04-07T01:01:47,Referral Sales,Contact Attempted,Morgan Reed,Open,0.0,2026-04-13T01:01:47,78,
opp_0ba00bd70e2c,lead_96d63d0b6a32,2026-02-06T11:45:31,Organic Sales,Follow Up,Riley Carter,Open,0.0,2026-02-28T11:45:31,122,
opp_17a3d5c9b35f,lead_a1d86e3d20d0,2026-05-28T16:07:50,Webinar Sales,Closed Lost,Morgan Reed,Lost,0.0,2026-06-22T16:07:50,8,Unable to contact
opp_ef5e3c3506f3,lead_eddfa0f7436e,2026-06-27T12:07:57,Webinar Sales,Contacted,Casey Bennett,Open,0.0,2026-06-28T12:07:57,2,
opp_d794353bfbb0,lead_ae2975bbdbd1,2026-06-01T11:09:41,Evergreen Sales,Closed Lost,Casey Bennett,Lost,0.0,2026-06-19T11:09:41,11,Not interested
opp_38028ddcf6b6,lead_4941ca789e92,2026-06-18T21:42:28,Evergreen Sales,Closed Lost,Casey Bennett,Lost,4750.0,2026-06-20T21:42:28,10,Needs more time
opp_adf0f13ec6be,lead_c0ab16918127,2026-02-16T17:06:08,Webinar Sales,Follow Up,Casey Bennett,Open,0.0,2026-03-15T17:06:08,107,
opp_c46679eea4d2,lead_26ca3a213d38,2026-04-14T02:06:19,Evergreen Sales,Contact Attempted,Riley Carter,Open,0.0,2026-04-19T02:06:19,72,
opp_64c236cb8cbf,lead_1c22423ac3a6,2026-02-11T04:17:57,Evergreen Sales,Follow Up,Riley Carter,Open,0.0,2026-03-13T04:17:57,109,
opp_9d1079356236,lead_41d5245ec2f0,2026-02-22T22:21:22,Evergreen Sales,Contacted,Casey Bennett,Open,0.0,2026-03-16T22:21:22,106,
opp_768c2c2f2aee,lead_aebdcb5d0c8f,2026-02-07T15:47:12,Webinar Sales,Closed Lost,Riley Carter,Lost,0.0,2026-02-09T15:47:12,141,No Show
opp_513adc8653f4,lead_baca391117ac,2026-04-06T20:25:06,Evergreen Sales,Contacted,Morgan Reed,Open,0.0,2026-05-04T20:25:06,57,
opp_29f9d9ad89fc,lead_5492264a3767,2026-02-12T15:18:57,Referral Sales,Follow Up,Riley Carter,Open,0.0,2026-03-08T15:18:57,114,
opp_026100e6585f,lead_e4f4be233f6a,2026-04-14T07:54:48,Evergreen Sales,Closed Lost,Riley Carter,Lost,0.0,2026-05-05T07:54:48,56,Not interested
opp_c41f5a63d20a,lead_1421ec249d4b,2026-03-18T06:58:43,Webinar Sales,Contacted,Casey Bennett,Open,0.0,2026-03-19T06:58:43,103,
opp_12ec827dcdc7,lead_7217f1c958e4,2026-06-02T13:45:22,Organic Sales,Follow Up,Riley Carter,Open,0.0,2026-06-24T13:45:22,6,
opp_b70135d8761d,lead_21bab0add7d2,2026-01-19T07:12:07,Organic Sales,Contact Attempted,Riley Carter,Open,0.0,2026-02-02T07:12:07,148,
opp_5e4c8aec2b00,lead_fab8d66e1af8,2026-06-15T13:14:09,Organic Sales,Follow Up,Morgan Reed,Open,0.0,2026-06-17T13:14:09,13,
opp_987eadc03da3,lead_5e52d3d74506,2026-06-24T17:41:40,Evergreen Sales,Contact Attempted,Riley Carter,Open,0.0,2026-07-07T17:41:40,0,
opp_8290fff35155,lead_fccc03618366,2026-01-05T01:03:36,Organic Sales,Contacted,Morgan Reed,Open,0.0,2026-01-22T01:03:36,159,
opp_98ac0d947a5e,lead_af61f26d1d43,2026-04-26T08:15:52,Referral Sales,Closed Won,Morgan Reed,Won,750.0,2026-04-26T08:15:52,65,
opp_05171cbbc524,lead_cec75a0e6360,2026-04-02T18:19:39,Organic Sales,Contact Attempted,Riley Carter,Open,0.0,2026-04-04T18:19:39,87,
opp_afd81260fd72,lead_46236b3846d3,2026-06-12T05:03:18,Referral Sales,No Show,Morgan Reed,Open,0.0,2026-07-09T05:03:18,0,
opp_a8846d42f455,lead_a799ef7761db,2026-03-01T03:32:58,Webinar Sales,Follow Up,Casey Bennett,Open,0.0,2026-03-10T03:32:58,112,
opp_9a4a5a04fb3b,lead_72f144679afe,2026-05-09T19:42:28,Evergreen Sales,Call Booked,Morgan Reed,Open,0.0,2026-05-17T19:42:28,44,
opp_864621177814,lead_bb7cc6eadaec,2026-05-18T21:34:19,Webinar Sales,Contact Attempted,Riley Carter,Open,0.0,2026-06-11T21:34:19,19,
opp_8b91c6dd6bef,lead_67e06885a3fc,2026-05-14T03:59:08,Organic Sales,Contacted,Morgan Reed,Open,0.0,2026-05-14T03:59:08,47,
opp_97709c62a74c,lead_44b0cec08b14,2026-05-09T00:52:21,Evergreen Sales,No Show,Morgan Reed,Open,0.0,2026-06-07T00:52:21,23,
opp_8a065fbc2c5e,lead_fa0cf12cf523,2026-03-11T19:01:05,Organic Sales,Contacted,Casey Bennett,Open,0.0,2026-03-13T19:01:05,109,
opp_a6312e0dc0c5,lead_707e33c5661c,2026-06-20T07:47:14,Referral Sales,Contacted,Riley Carter,Open,0.0,2026-07-17T07:47:14,0,
opp_d1f8a4c6672f,lead_a60e7bdf2f1c,2026-03-09T17:44:08,Evergreen Sales,Contacted,Casey Bennett,Open,0.0,2026-03-10T17:44:08,112,
opp_f8fcb1f112f4,lead_4e3fdedfbf53,2026-04-23T12:44:39,Evergreen Sales,Contact Attempted,Morgan Reed,Open,0.0,2026-05-14T12:44:39,47,
opp_28f74d40cfaf,lead_ca3e4ebb304a,2026-04-21T00:50:17,Evergreen Sales,Contacted,Casey Bennett,Open,0.0,2026-04-27T00:50:17,64,
opp_5191b36b859e,lead_927b91b70ef0,2026-04-01T13:11:48,Evergreen Sales,Follow Up,Riley Carter,Open,0.0,2026-04-24T13:11:48,67,
opp_840e6390fead,lead_867bd0e0f324,2026-02-28T23:05:27,Organic Sales,Closed Lost,Morgan Reed,Lost,5000.0,2026-03-27T23:05:27,95,Chose competitor
opp_d68f645bc64a,lead_c230b696486d,2026-02-24T22:57:22,Evergreen Sales,Contacted,Casey Bennett,Open,0.0,2026-03-05T22:57:22,117,
opp_daab1ed05956,lead_56df9d157cf6,2026-05-09T05:00:12,Evergreen Sales,Contact Attempted,Casey Bennett,Open,0.0,2026-05-12T05:00:12,49,
opp_4d369d4b14ef,lead_2145a5b215ed,2026-01-17T16:48:18,Webinar Sales,Contacted,Morgan Reed,Open,0.0,2026-01-20T16:48:18,161,
opp_266c2dc6b4ea,lead_fc3179929a21,2026-02-26T11:14:08,Evergreen Sales,Contacted,Morgan Reed,Open,0.0,2026-03-02T11:14:08,120,
opp_f4b86008cff4,lead_7c9c745d7d8e,2026-03-24T01:17:15,Webinar Sales,Closed Lost,Casey Bennett,Lost,197.0,2026-04-12T01:17:15,79,Price
opp_10a7b10ddba2,lead_8ae62c29cbf3,2026-02-03T15:38:44,Evergreen Sales,Contacted,Riley Carter,Open,0.0,2026-02-27T15:38:44,123,
opp_6f2d532d659c,lead_638ad3a47c36,2026-02-18T13:10:47,Evergreen Sales,Contacted,Casey Bennett,Open,0.0,2026-03-02T13:10:47,120,
opp_28e5605a1fe7,lead_fcf56f90d8cd,2026-04-21T00:51:02,Evergreen Sales,Contact Attempted,Casey Bennett,Open,0.0,2026-05-04T00:51:02,57,
opp_4a8a75325682,lead_e93fee4e0308,2026-01-19T15:35:22,Webinar Sales,Closed Lost,Casey Bennett,Lost,0.0,2026-02-15T15:35:22,135,No Show
opp_c8079b6d51f7,lead_0d656d914351,2026-04-01T22:48:13,Organic Sales,Contact Attempted,Casey Bennett,Open,0.0,2026-04-16T22:48:13,75,
opp_70e888d589cf,lead_edf4b799439b,2026-05-29T21:24:20,Organic Sales,Contacted,Riley Carter,Open,0.0,2026-06-25T21:24:20,5,
opp_00e71f3920c7,lead_429c59c6f09c,2026-04-23T16:29:54,Webinar Sales,Contact Attempted,Riley Carter,Open,0.0,2026-05-14T16:29:54,47,
opp_412518ff06f8,lead_d2e64076fa18,2026-01-11T09:29:45,Webinar Sales,Disqualified,Morgan Reed,Lost,0.0,2026-02-05T09:29:45,145,Insufficient capital
opp_9d058f1b6dc5,lead_437d71a92ef9,2026-06-12T22:56:46,Organic Sales,Contact Attempted,Riley Carter,Open,0.0,2026-06-25T22:56:46,5,
opp_efe84159fb6f,lead_6254cde9823d,2026-01-19T21:54:45,Evergreen Sales,Contacted,Casey Bennett,Open,0.0,2026-02-16T21:54:45,134,
opp_ac568041bd4b,lead_7582aff420b7,2026-05-24T18:51:14,Webinar Sales,Closed Lost,Riley Carter,Lost,2500.0,2026-06-04T18:51:14,26,Financing unavailable
opp_ec6e106ce38e,lead_deb1d72c6247,2026-04-11T05:57:53,Evergreen Sales,Contacted,Morgan Reed,Open,0.0,2026-04-25T05:57:53,66,
opp_f59ebc7ba8a9,lead_309f2e927740,2026-05-05T05:04:10,Evergreen Sales,Contact Attempted,Riley Carter,Open,0.0,2026-05-10T05:04:10,51,
opp_794553c7f0d1,lead_cab7475d4601,2026-06-06T10:26:47,Evergreen Sales,Contact Attempted,Morgan Reed,Open,0.0,2026-06-11T10:26:47,19,
opp_bbed878c46a1,lead_8c760284acf0,2026-04-28T05:52:06,Evergreen Sales,Contact Attempted,Morgan Reed,Open,0.0,2026-05-11T05:52:06,50,
opp_586dfb3dbd66,lead_716baac6c9fe,2026-06-11T16:47:11,Evergreen Sales,Cancelled,Morgan Reed,Open,0.0,2026-07-07T16:47:11,0,
opp_bd40e9c279c8,lead_7163371d7269,2026-02-05T17:42:24,Evergreen Sales,Closed Lost,Casey Bennett,Lost,2500.0,2026-02-05T17:42:24,145,Partner approval
opp_5b9222b5d7c9,lead_b93c4a282e1d,2026-06-16T20:41:34,Webinar Sales,Contact Attempted,Morgan Reed,Open,0.0,2026-07-12T20:41:34,0,
opp_30f1bfeb6592,lead_c973edda1dac,2026-01-28T12:18:19,Referral Sales,Follow Up,Riley Carter,Open,0.0,2026-02-02T12:18:19,148,
opp_97e93fb266a0,lead_adb916330c84,2026-04-03T11:03:32,Referral Sales,Contacted,Morgan Reed,Open,0.0,2026-04-24T11:03:32,67,
opp_4173a4ba8120,lead_a227474f020f,2026-03-13T07:55:32,Evergreen Sales,Disqualified,Riley Carter,Lost,0.0,2026-03-30T07:55:32,92,Wrong timing
opp_43947a8e39ec,lead_206522ae6ee4,2026-03-22T22:52:42,Webinar Sales,Closed Won,Casey Bennett,Won,2500.0,2026-04-09T22:52:42,82,
opp_8299a26c95f0,lead_51e7f6cf3c4c,2026-01-03T03:21:18,Evergreen Sales,Contact Attempted,Riley Carter,Open,0.0,2026-01-18T03:21:18,163,
opp_79f81846bc5a,lead_6c6d58bcb013,2026-01-09T06:40:42,Webinar Sales,Contact Attempted,Riley Carter,Open,0.0,2026-01-13T06:40:42,168,
opp_0ae15a766baa,lead_4c5460bb299e,2026-01-31T17:47:57,Evergreen Sales,No Show,Morgan Reed,Open,0.0,2026-02-19T17:47:57,131,
opp_ecff14e860e9,lead_ab2a4e0acc71,2026-04-10T14:57:49,Evergreen Sales,Closed Lost,Casey Bennett,Lost,5000.0,2026-04-22T14:57:49,69,Chose competitor
opp_2f51bcd2c9c4,lead_0e0b60b94057,2026-03-31T05:20:24,Referral Sales,Contact Attempted,Casey Bennett,Open,0.0,2026-03-31T05:20:24,91,
opp_52fecf03eb26,lead_d5680d24c16c,2026-06-27T21:36:54,Evergreen Sales,Closed Lost,Riley Carter,Lost,0.0,2026-07-26T21:36:54,0,No budget
opp_dd8264041bb3,lead_1177a4cf0e8f,2026-01-26T03:09:00,Referral Sales,Disqualified,Casey Bennett,Lost,0.0,2026-01-29T03:09:00,152,Low intent
opp_594b20139687,lead_6a2ae30f60cb,2026-01-14T02:53:56,Organic Sales,Contact Attempted,Morgan Reed,Open,0.0,2026-01-24T02:53:56,157,
opp_05cfa9c47e07,lead_61e97cd65c9a,2026-01-21T15:01:23,Evergreen Sales,Follow Up,Casey Bennett,Open,0.0,2026-02-08T15:01:23,142,
opp_ce2b6a7e7c66,lead_08089a77d4f5,2026-01-21T11:20:52,Webinar Sales,Disqualified,Casey Bennett,Lost,0.0,2026-01-23T11:20:52,158,Wrong timing
opp_c0e6a41e579b,lead_ff60cee085be,2026-04-29T19:40:39,Evergreen Sales,Closed Lost,Morgan Reed,Lost,2500.0,2026-05-26T19:40:39,35,Price
opp_f672e0648d7a,lead_7d4f32d8948d,2026-04-28T18:39:00,Evergreen Sales,Contacted,Casey Bennett,Open,0.0,2026-05-24T18:39:00,37,
opp_90b7c322a6a0,lead_91dc9ae7fc75,2026-03-15T07:52:42,Evergreen Sales,Contact Attempted,Riley Carter,Open,0.0,2026-03-31T07:52:42,91,
opp_57b6576a6c83,lead_9116e01c9074,2026-04-06T08:42:21,Evergreen Sales,Contacted,Morgan Reed,Open,0.0,2026-04-07T08:42:21,84,
opp_8ec9ec336c87,lead_db70f9ee4cc9,2026-06-08T00:45:31,Webinar Sales,Contacted,Morgan Reed,Open,0.0,2026-06-19T00:45:31,11,
opp_126ba285640c,lead_30d8e5b71a26,2026-02-09T12:33:48,Organic Sales,Contacted,Casey Bennett,Open,0.0,2026-02-09T12:33:48,141,
opp_15de0ece4d49,lead_bd7a053515e3,2026-03-08T03:49:47,Webinar Sales,Closed Lost,Riley Carter,Lost,4750.0,2026-03-13T03:49:47,109,Partner approval
opp_0e9b991df98f,lead_dbfed1ac2466,2026-06-11T15:16:43,Organic Sales,Contacted,Riley Carter,Open,0.0,2026-06-28T15:16:43,2,
opp_54f16ae4767a,lead_d678891c7ca4,2026-06-05T15:42:27,Evergreen Sales,Closed Won,Casey Bennett,Won,5000.0,2026-06-20T15:42:27,10,
opp_f0899754868b,lead_8d132302d5c6,2026-01-25T16:45:34,Webinar Sales,Closed Won,Casey Bennett,Won,9750.0,2026-02-12T16:45:34,138,
opp_1d2701791cc0,lead_c1562be5d66f,2026-04-15T23:05:23,Evergreen Sales,Contact Attempted,Casey Bennett,Open,0.0,2026-05-05T23:05:23,56,
opp_ae035a2d8fd0,lead_56313a1123c8,2026-01-14T04:40:59,Evergreen Sales,Contacted,Riley Carter,Open,0.0,2026-02-09T04:40:59,141,
opp_636205449822,lead_4207c0513328,2026-03-19T12:29:54,Organic Sales,Follow Up,Morgan Reed,Open,0.0,2026-04-03T12:29:54,88,
opp_b1401f3687e7,lead_b62b876ca018,2026-05-07T20:16:54,Organic Sales,No Show,Casey Bennett,Open,0.0,2026-05-25T20:16:54,36,
opp_490f7fe4bec5,lead_962b4a883f47,2026-01-28T01:07:55,Evergreen Sales,Contact Attempted,Casey Bennett,Open,0.0,2026-01-28T01:07:55,153,
opp_a4b69eb020df,lead_609a5ad74f94,2026-02-15T18:03:20,Evergreen Sales,Contacted,Riley Carter,Open,0.0,2026-03-07T18:03:20,115,
opp_1f49db4f4393,lead_679504ae73a5,2026-03-09T03:45:25,Referral Sales,Disqualified,Riley Carter,Lost,0.0,2026-03-13T03:45:25,109,Insufficient capital
opp_50b4de9a4ff6,lead_b911919f7738,2026-06-22T08:08:11,Organic Sales,Contacted,Casey Bennett,Open,0.0,2026-07-05T08:08:11,0,
opp_2c385ba170b9,lead_7ed65a5b7897,2026-01-07T21:54:30,Webinar Sales,Closed Lost,Casey Bennett,Lost,0.0,2026-02-02T21:54:30,148,Unable to contact
opp_398fe93c0f1c,lead_a3d220ae5182,2026-06-01T18:14:56,Evergreen Sales,Closed Lost,Morgan Reed,Lost,9500.0,2026-06-13T18:14:56,17,Financing unavailable
opp_8899f4d6bfbc,lead_2640b8e2a2f9,2026-04-14T17:29:11,Webinar Sales,No Show,Riley Carter,Open,0.0,2026-04-14T17:29:11,77,
opp_e1963c31f9e1,lead_31a6a08df63e,2026-01-11T02:59:31,Webinar Sales,Closed Lost,Morgan Reed,Lost,10000.0,2026-02-05T02:59:31,145,Financing unavailable
opp_38f7ad71432d,lead_c9efba0385ff,2026-04-17T17:03:53,Evergreen Sales,Contacted,Riley Carter,Open,0.0,2026-04-25T17:03:53,66,
opp_e30aff6a14de,lead_e3578a249852,2026-03-10T07:27:21,Evergreen Sales,Closed Lost,Morgan Reed,Lost,9000.0,2026-03-28T07:27:21,94,Needs more time
opp_695ec6e14a82,lead_a4246fdd1d30,2026-01-02T22:50:05,Evergreen Sales,Contacted,Riley Carter,Open,0.0,2026-01-02T22:50:05,179,
opp_0e77c0015120,lead_31e5f9ccae83,2026-06-19T13:40:01,Evergreen Sales,Contact Attempted,Morgan Reed,Open,0.0,2026-06-29T13:40:01,1,
opp_ae789c8f682b,lead_997572f13947,2026-02-24T20:59:33,Evergreen Sales,Contacted,Riley Carter,Open,0.0,2026-03-21T20:59:33,101,
opp_85e9f88d9cab,lead_4baf28fe6bf5,2026-01-26T04:31:17,Webinar Sales,Closed Lost,Morgan Reed,Lost,10000.0,2026-02-20T04:31:17,130,Chose competitor
opp_4c42c1d13319,lead_b7bbd7098b42,2026-02-18T14:00:40,Referral Sales,Follow Up,Riley Carter,Open,0.0,2026-03-01T14:00:40,121,
opp_27b149adecd6,lead_3acb31862418,2026-03-28T03:03:17,Webinar Sales,Contact Attempted,Casey Bennett,Open,0.0,2026-04-26T03:03:17,65,
opp_2c57be403a3d,lead_6102b28fd073,2026-04-13T07:16:18,Webinar Sales,Contacted,Riley Carter,Open,0.0,2026-04-14T07:16:18,77,
opp_4a2041d3433f,lead_866946f83ab0,2026-06-24T20:17:11,Evergreen Sales,Contacted,Casey Bennett,Open,0.0,2026-07-11T20:17:11,0,
opp_28eb48646f09,lead_b937d5969ce5,2026-06-27T02:27:26,Evergreen Sales,Follow Up,Morgan Reed,Open,0.0,2026-07-22T02:27:26,0,
opp_f2261711a9e5,lead_00c6a7f1ee6c,2026-02-10T22:15:27,Evergreen Sales,Contact Attempted,Morgan Reed,Open,0.0,2026-03-02T22:15:27,120,
opp_5de848302a0e,lead_03f8863d82b3,2026-05-07T04:47:28,Evergreen Sales,Contact Attempted,Casey Bennett,Open,0.0,2026-06-06T04:47:28,24,
opp_27bcde2af19c,lead_27f5896e402d,2026-02-23T23:25:17,Webinar Sales,Contact Attempted,Morgan Reed,Open,0.0,2026-03-03T23:25:17,119,
opp_037d458261cb,lead_fe15ead3262d,2026-03-16T13:16:21,Evergreen Sales,Contact Attempted,Casey Bennett,Open,0.0,2026-03-18T13:16:21,104,
opp_088a84e3f458,lead_35776674fee4,2026-02-09T22:46:18,Evergreen Sales,Contact Attempted,Riley Carter,Open,0.0,2026-03-01T22:46:18,121,
opp_ef9d8d707ed5,lead_40a1bf83fcc5,2026-01-07T01:53:49,Evergreen Sales,Contacted,Riley Carter,Open,0.0,2026-01-24T01:53:49,157,
opp_65f27a251aef,lead_f4a4d63ff01c,2026-06-29T04:05:15,Webinar Sales,No Show,Morgan Reed,Open,0.0,2026-07-20T04:05:15,0,
opp_6d00dc730f90,lead_00f2377c2f34,2026-05-21T22:24:33,Webinar Sales,Disqualified,Riley Carter,Lost,0.0,2026-06-01T22:24:33,29,Wrong timing
opp_762340be4744,lead_2ff6403c37f1,2026-06-06T18:44:28,Evergreen Sales,Follow Up,Riley Carter,Open,0.0,2026-06-22T18:44:28,8,
opp_dd53f0b3e284,lead_b553ce0fcc11,2026-04-01T00:04:42,Evergreen Sales,Closed Lost,Riley Carter,Lost,500.0,2026-04-10T00:04:42,81,Chose competitor
opp_3e4ef8c4b9f4,lead_898e45640f8f,2026-04-01T17:55:37,Evergreen Sales,Closed Lost,Casey Bennett,Lost,0.0,2026-05-01T17:55:37,60,No Show
opp_40828deddc7f,lead_9c8b7dacc901,2026-01-17T14:37:50,Webinar Sales,Contacted,Casey Bennett,Open,0.0,2026-01-22T14:37:50,159,
opp_6e6d17a52c00,lead_5b355b02bc61,2026-04-30T12:39:29,Organic Sales,Contact Attempted,Casey Bennett,Open,0.0,2026-05-26T12:39:29,35,
opp_62b3113fbba6,lead_980ed349f082,2026-01-25T03:18:35,Webinar Sales,Contacted,Casey Bennett,Open,0.0,2026-02-07T03:18:35,143,
opp_fc86e6e8c9a8,lead_70ad88016334,2026-03-31T20:27:05,Webinar Sales,Contact Attempted,Morgan Reed,Open,0.0,2026-04-26T20:27:05,65,
opp_ce433ed8c5d6,lead_b6a9c72480ba,2026-05-04T20:05:53,Evergreen Sales,Follow Up,Riley Carter,Open,0.0,2026-05-14T20:05:53,47,
opp_ee8ee3ebd797,lead_ddae51855a63,2026-06-24T04:31:45,Evergreen Sales,Follow Up,Casey Bennett,Open,0.0,2026-06-24T04:31:45,6,
opp_34797bf2a4b6,lead_95b6c6eaec9b,2026-02-20T09:32:52,Evergreen Sales,Closed Lost,Morgan Reed,Lost,4500.0,2026-03-07T09:32:52,115,Needs more time
opp_5c6a43eadf82,lead_4f3955ac9463,2026-05-08T09:04:47,Evergreen Sales,Closed Lost,Morgan Reed,Lost,0.0,2026-05-15T09:04:47,46,Timing
opp_a2209f6c917f,lead_05f82ed8cb57,2026-06-17T02:32:53,Evergreen Sales,Follow Up,Riley Carter,Open,0.0,2026-07-11T02:32:53,0,
opp_6ff69b08b914,lead_2efeb3de290b,2026-05-19T18:02:32,Webinar Sales,Contacted,Riley Carter,Open,0.0,2026-06-09T18:02:32,21,
opp_6e654a0df849,lead_75a9227d16f2,2026-04-15T22:38:21,Webinar Sales,Closed Lost,Morgan Reed,Lost,500.0,2026-04-23T22:38:21,68,Needs more time
opp_7c13d6838850,lead_e30f8670a0e4,2026-01-22T23:28:08,Evergreen Sales,Contact Attempted,Casey Bennett,Open,0.0,2026-02-18T23:28:08,132,
opp_1b287d14e242,lead_956d41a8a40c,2026-01-14T20:42:58,Organic Sales,Closed Lost,Morgan Reed,Lost,2500.0,2026-01-25T20:42:58,156,Needs more time
opp_81efe174eb66,lead_53d5ec8b8527,2026-06-03T01:06:45,Evergreen Sales,Closed Lost,Riley Carter,Lost,0.0,2026-06-26T01:06:45,4,Not interested
opp_7d15224f1880,lead_d78c057f9e01,2026-05-01T18:20:25,Evergreen Sales,Follow Up,Casey Bennett,Open,0.0,2026-05-18T18:20:25,43,
opp_1ba9a57d3714,lead_887b4d3ca985,2026-01-21T15:04:38,Evergreen Sales,Follow Up,Riley Carter,Open,0.0,2026-02-04T15:04:38,146,
opp_3ea48d32fc90,lead_84d7c961bfc9,2026-02-11T17:21:38,Webinar Sales,Closed Lost,Riley Carter,Lost,0.0,2026-03-09T17:21:38,113,Cancelled
opp_4b0b08d55854,lead_6c9df51ec236,2026-05-29T02:01:43,Webinar Sales,Follow Up,Morgan Reed,Open,0.0,2026-06-12T02:01:43,18,
opp_e24b868cd51b,lead_a40194250fd7,2026-04-15T15:46:12,Organic Sales,No Show,Morgan Reed,Open,0.0,2026-04-20T15:46:12,71,
opp_f2dd5c09920f,lead_1218886ab6fd,2026-03-03T13:02:40,Organic Sales,Contacted,Casey Bennett,Open,0.0,2026-03-27T13:02:40,95,
opp_b21d11743f0d,lead_5ef25533e957,2026-02-17T04:48:13,Evergreen Sales,Contact Attempted,Riley Carter,Open,0.0,2026-02-23T04:48:13,127,
opp_413a89003972,lead_f569f600da93,2026-03-28T09:53:06,Evergreen Sales,No Show,Riley Carter,Open,0.0,2026-04-19T09:53:06,72,
opp_46eacaa9f7bf,lead_ea9599d2f0e7,2026-05-07T20:44:17,Organic Sales,Contacted,Casey Bennett,Open,0.0,2026-05-14T20:44:17,47,
opp_1a988451f5fd,lead_e440296a238e,2026-06-29T18:09:13,Evergreen Sales,Contacted,Riley Carter,Open,0.0,2026-07-14T18:09:13,0,
opp_9d50b1b7350f,lead_44f2aad4b61d,2026-04-28T14:02:50,Organic Sales,Contacted,Casey Bennett,Open,0.0,2026-05-25T14:02:50,36,
opp_eb689969866c,lead_b70c961a84ba,2026-03-23T18:06:26,Evergreen Sales,Follow Up,Casey Bennett,Open,0.0,2026-04-02T18:06:26,89,
opp_b22aeff2d2d4,lead_d65ed3d78ead,2026-06-24T17:42:34,Referral Sales,Contacted,Morgan Reed,Open,0.0,2026-07-19T17:42:34,0,
opp_42b425b92838,lead_ed7cc068ed42,2026-05-29T15:31:59,Evergreen Sales,Contacted,Riley Carter,Open,0.0,2026-06-19T15:31:59,11,
opp_7747a2c473e3,lead_ea4f9592ee53,2026-06-11T22:03:45,Evergreen Sales,Closed Lost,Morgan Reed,Lost,0.0,2026-07-02T22:03:45,0,Unable to contact
opp_7bfa75e1158e,lead_5c6bf7ac8c83,2026-06-28T09:05:36,Evergreen Sales,Contact Attempted,Morgan Reed,Open,0.0,2026-06-30T09:05:36,0,
opp_b9ae228dc96a,lead_1c1fe0f0b662,2026-05-19T06:05:01,Evergreen Sales,Contact Attempted,Riley Carter,Open,0.0,2026-05-29T06:05:01,32,
opp_01847e859835,lead_51a3c2cabc8e,2026-05-21T05:36:02,Organic Sales,Closed Lost,Casey Bennett,Lost,10000.0,2026-06-01T05:36:02,29,Price
opp_d09ca0ff2a78,lead_e5fc6f50ed3a,2026-05-24T19:54:01,Evergreen Sales,No Show,Riley Carter,Open,0.0,2026-06-02T19:54:01,28,
opp_9e0fb9a4e304,lead_0634d2404051,2026-05-21T12:43:16,Evergreen Sales,Contacted,Morgan Reed,Open,0.0,2026-05-21T12:43:16,40,
opp_97efe403b010,lead_25cd4b9065da,2026-04-26T06:09:31,Evergreen Sales,Contact Attempted,Casey Bennett,Open,0.0,2026-05-26T06:09:31,35,
opp_ff6b4b71cb66,lead_a8cd0b2437a0,2026-02-04T07:35:07,Evergreen Sales,Follow Up,Morgan Reed,Open,0.0,2026-02-13T07:35:07,137,
opp_6c95f8b25268,lead_91e19a227494,2026-03-08T05:43:17,Evergreen Sales,Contacted,Riley Carter,Open,0.0,2026-03-15T05:43:17,107,
opp_b7f9b1b77ffd,lead_a2763ba30169,2026-02-25T09:23:41,Organic Sales,Contacted,Morgan Reed,Open,0.0,2026-03-01T09:23:41,121,
opp_1267e986e5f2,lead_5826246586a1,2026-06-21T08:12:29,Evergreen Sales,Follow Up,Riley Carter,Open,0.0,2026-07-10T08:12:29,0,
opp_699f8ffa5c00,lead_4a25a8fc44e4,2026-01-20T07:32:51,Webinar Sales,Contacted,Casey Bennett,Open,0.0,2026-02-10T07:32:51,140,
opp_bbe365ad36ae,lead_0d6a9976f298,2026-02-13T10:12:25,Evergreen Sales,Follow Up,Riley Carter,Open,0.0,2026-03-06T10:12:25,116,
opp_ea5e64a653ed,lead_cd78c672f00f,2026-05-10T09:48:20,Webinar Sales,Contacted,Riley Carter,Open,0.0,2026-05-17T09:48:20,44,
opp_c364ecbc6e6f,lead_44d4481bbcdc,2026-01-06T07:27:38,Webinar Sales,Contacted,Riley Carter,Open,0.0,2026-01-25T07:27:38,156,
opp_dfec1d4a108a,lead_53cab59e9d87,2026-04-05T19:57:00,Webinar Sales,Contact Attempted,Riley Carter,Open,0.0,2026-04-29T19:57:00,62,
opp_901d3e2f77fc,lead_c0cca3476534,2026-04-12T03:32:29,Evergreen Sales,Contacted,Morgan Reed,Open,0.0,2026-04-14T03:32:29,77,
opp_896b9788654a,lead_a45601ea88e8,2026-03-28T07:04:39,Webinar Sales,Contacted,Morgan Reed,Open,0.0,2026-04-20T07:04:39,71,
opp_ff285cbceeff,lead_ff1927e62eac,2026-03-10T16:27:36,Evergreen Sales,Closed Lost,Riley Carter,Lost,0.0,2026-03-13T16:27:36,109,No budget
opp_e2dd60f68bc3,lead_36feec4d1f45,2026-04-09T11:04:18,Evergreen Sales,Closed Lost,Riley Carter,Lost,0.0,2026-04-27T11:04:18,64,Not interested
opp_bda568393c48,lead_6116670e4fda,2026-05-18T05:58:20,Organic Sales,Contact Attempted,Casey Bennett,Open,0.0,2026-05-30T05:58:20,31,
opp_c0e768330ae1,lead_90d951366247,2026-06-04T05:13:41,Evergreen Sales,Contact Attempted,Riley Carter,Open,0.0,2026-07-02T05:13:41,0,
opp_6d80c1619c33,lead_2c438b45786a,2026-05-04T04:58:15,Webinar Sales,Closed Lost,Riley Carter,Lost,0.0,2026-05-12T04:58:15,49,Timing
opp_c010d42cda7d,lead_4ea1a976c46b,2026-05-11T18:01:38,Evergreen Sales,Cancelled,Casey Bennett,Open,0.0,2026-06-06T18:01:38,24,
opp_ea0df3a9559d,lead_4c47fdd8300a,2026-02-24T21:00:35,Webinar Sales,Follow Up,Riley Carter,Open,0.0,2026-03-24T21:00:35,98,
opp_18fc64c7ab8e,lead_6bc33b7a6e2a,2026-01-01T14:54:08,Webinar Sales,Contact Attempted,Riley Carter,Open,0.0,2026-01-22T14:54:08,159,
opp_296a3f483011,lead_d815d9889799,2026-01-08T12:52:49,Evergreen Sales,Closed Lost,Casey Bennett,Lost,0.0,2026-01-30T12:52:49,151,No budget
opp_4e7fd83c0f75,lead_4f2e9baad436,2026-05-04T19:57:56,Referral Sales,Follow Up,Morgan Reed,Open,0.0,2026-05-19T19:57:56,42,
opp_bd1d9758b53f,lead_76014fb5b1e0,2026-06-19T21:58:39,Webinar Sales,Closed Lost,Riley Carter,Lost,2500.0,2026-06-25T21:58:39,5,Price
opp_c3750fafa73c,lead_83b195f4aa0f,2026-04-16T12:29:22,Evergreen Sales,Disqualified,Morgan Reed,Lost,0.0,2026-04-24T12:29:22,67,Not qualified
opp_7084882f7c48,lead_497f04f9fdf0,2026-03-23T11:26:59,Evergreen Sales,Contacted,Casey Bennett,Open,0.0,2026-04-17T11:26:59,74,
opp_5d3695de26a0,lead_10d8e67fcd9f,2026-03-03T22:12:34,Evergreen Sales,Contacted,Casey Bennett,Open,0.0,2026-04-01T22:12:34,90,
opp_c0e0798e3acc,lead_cfe36e6d8f83,2026-06-13T03:14:48,Referral Sales,Follow Up,Morgan Reed,Open,0.0,2026-07-01T03:14:48,0,
opp_7e780a8e1c66,lead_f3cbea9da988,2026-04-09T13:03:45,Evergreen Sales,Closed Lost,Morgan Reed,Lost,0.0,2026-04-12T13:03:45,79,No budget
opp_e367d4bc6a8c,lead_d059f5ccbd36,2026-02-20T19:10:07,Organic Sales,Contacted,Casey Bennett,Open,0.0,2026-03-03T19:10:07,119,
opp_10deb8619d34,lead_065aca9bc74a,2026-06-27T03:56:47,Evergreen Sales,No Show,Morgan Reed,Open,0.0,2026-07-07T03:56:47,0,
opp_44525bd9e94d,lead_62566abda337,2026-03-01T21:45:49,Evergreen Sales,Contacted,Morgan Reed,Open,0.0,2026-03-08T21:45:49,114,
opp_d2e0ee1390f6,lead_3e622382795f,2026-04-30T02:12:13,Organic Sales,Closed Lost,Riley Carter,Lost,0.0,2026-05-22T02:12:13,39,Timing
opp_7724164ebf70,lead_5784e16947f0,2026-01-05T02:24:56,Evergreen Sales,Contact Attempted,Casey Bennett,Open,0.0,2026-01-09T02:24:56,172,
opp_763832bdba80,lead_e1a836b8d195,2026-05-08T04:12:08,Evergreen Sales,Contacted,Riley Carter,Open,0.0,2026-05-25T04:12:08,36,
opp_b9517f5d1f79,lead_b2adf509830c,2026-06-12T18:03:27,Evergreen Sales,Contact Attempted,Morgan Reed,Open,0.0,2026-06-25T18:03:27,5,
opp_8e74f2bd8a4a,lead_a6d79dcc330e,2026-06-26T19:57:15,Evergreen Sales,Contact Attempted,Riley Carter,Open,0.0,2026-07-03T19:57:15,0,
opp_64f65c863f3d,lead_fb534149d629,2026-01-08T00:07:17,Webinar Sales,Closed Lost,Morgan Reed,Lost,250.0,2026-01-20T00:07:17,161,Partner approval
opp_4b6b515f5d5b,lead_89db7ec7f71a,2026-01-09T05:03:47,Organic Sales,Contacted,Morgan Reed,Open,0.0,2026-01-20T05:03:47,161,
opp_71fbdf0fb3bb,lead_d0c5c2a62abf,2026-01-07T13:25:01,Referral Sales,Contacted,Riley Carter,Open,0.0,2026-01-30T13:25:01,151,
opp_967fdc86fc8f,lead_a45cba378339,2026-06-17T09:08:06,Evergreen Sales,No Show,Riley Carter,Open,0.0,2026-07-14T09:08:06,0,
opp_d0e7f3d4be8d,lead_1801ab4069c1,2026-01-04T21:55:31,Referral Sales,Contact Attempted,Riley Carter,Open,0.0,2026-01-28T21:55:31,153,
opp_22f7e42e27ad,lead_0cbf001b2420,2026-05-23T21:25:06,Evergreen Sales,Closed Lost,Riley Carter,Lost,0.0,2026-06-20T21:25:06,10,Timing
opp_a5450f53e362,lead_4fd38dac3bfa,2026-03-24T13:21:18,Webinar Sales,Contact Attempted,Casey Bennett,Open,0.0,2026-03-24T13:21:18,98,
opp_f95945f86915,lead_7d062406e5fb,2026-02-21T07:35:14,Evergreen Sales,Closed Lost,Casey Bennett,Lost,0.0,2026-03-09T07:35:14,113,Timing
opp_59df7dc3520d,lead_8c7079d7c989,2026-03-20T21:38:18,Evergreen Sales,Closed Lost,Riley Carter,Lost,0.0,2026-04-01T21:38:18,90,Unable to contact
opp_3736e5542fec,lead_6fc360060b5d,2026-03-16T06:09:07,Organic Sales,Closed Won,Casey Bennett,Won,9500.0,2026-03-29T06:09:07,93,
opp_63acdd956d35,lead_43f0716d187a,2026-03-29T19:43:57,Evergreen Sales,Contacted,Casey Bennett,Open,0.0,2026-04-27T19:43:57,64,
opp_dab316a59bdd,lead_e1280b8a422b,2026-03-13T19:29:37,Webinar Sales,Disqualified,Casey Bennett,Lost,0.0,2026-03-23T19:29:37,99,Low intent
opp_742030d6783e,lead_97b8fa43d6f6,2026-01-17T05:45:54,Evergreen Sales,Closed Lost,Casey Bennett,Lost,0.0,2026-02-16T05:45:54,134,No budget
opp_033e18cd1e45,lead_5239530b4a1e,2026-01-28T10:38:53,Organic Sales,Contacted,Riley Carter,Open,0.0,2026-01-29T10:38:53,152,
opp_e2ea2d50dfc2,lead_82fabb645499,2026-01-12T10:38:50,Webinar Sales,Contacted,Riley Carter,Open,0.0,2026-02-04T10:38:50,146,
opp_ab71d0bc89d0,lead_bcdf711990ff,2026-01-08T02:08:51,Evergreen Sales,Contact Attempted,Casey Bennett,Open,0.0,2026-01-26T02:08:51,155,
opp_2e8ed867d4e5,lead_80b5648cbf91,2026-05-15T01:29:05,Webinar Sales,No Show,Riley Carter,Open,0.0,2026-06-13T01:29:05,17,
opp_93efed022aa4,lead_44959626bc35,2026-03-04T11:52:24,Organic Sales,Contacted,Riley Carter,Open,0.0,2026-04-02T11:52:24,89,
opp_5c6e130cac66,lead_5e235c08b66c,2026-06-28T21:14:41,Webinar Sales,Contact Attempted,Casey Bennett,Open,0.0,2026-07-21T21:14:41,0,
opp_9c8504e77524,lead_0f57cfed6acc,2026-02-01T11:24:31,Evergreen Sales,Contacted,Morgan Reed,Open,0.0,2026-02-08T11:24:31,142,
opp_06be675fbfd1,lead_c04ac9b8ffe7,2026-01-08T14:02:30,Evergreen Sales,Contacted,Riley Carter,Open,0.0,2026-01-11T14:02:30,170,
opp_a443ab7dc49c,lead_30d8e00f57bd,2026-03-19T13:21:55,Organic Sales,Contacted,Casey Bennett,Open,0.0,2026-04-18T13:21:55,73,
opp_9df7cc382143,lead_390778df9f6f,2026-04-12T10:56:01,Webinar Sales,Contacted,Riley Carter,Open,0.0,2026-04-20T10:56:01,71,
opp_34ac0bac171f,lead_e33f9523b2b1,2026-02-26T08:24:54,Referral Sales,Contacted,Riley Carter,Open,0.0,2026-03-24T08:24:54,98,
opp_ec6a0e9245b5,lead_885a591af776,2026-04-02T16:11:32,Evergreen Sales,Closed Lost,Riley Carter,Lost,297.0,2026-05-01T16:11:32,60,Price
opp_b028e9e78472,lead_cf48d7ee8ba5,2026-02-01T21:24:19,Webinar Sales,Contact Attempted,Morgan Reed,Open,0.0,2026-02-22T21:24:19,128,
opp_4d145409c0eb,lead_60fe2135fa1d,2026-01-30T04:40:38,Evergreen Sales,Closed Lost,Casey Bennett,Lost,4500.0,2026-02-03T04:40:38,147,Needs more time
opp_98a557237f6d,lead_1728504bd65d,2026-05-15T18:29:05,Referral Sales,Contacted,Morgan Reed,Open,0.0,2026-05-16T18:29:05,45,
opp_0c846f9dce93,lead_a0900adcbe68,2026-04-26T10:21:30,Evergreen Sales,Closed Lost,Riley Carter,Lost,2500.0,2026-04-30T10:21:30,61,Financing unavailable
opp_c4311bbff37d,lead_6ead06e48a21,2026-05-03T02:31:18,Webinar Sales,Contact Attempted,Casey Bennett,Open,0.0,2026-05-18T02:31:18,43,
opp_6187e7f0b5b7,lead_1132b4a0c88a,2026-04-24T11:49:12,Webinar Sales,Closed Lost,Casey Bennett,Lost,0.0,2026-05-05T11:49:12,56,No Show
opp_c99ccaa7a103,lead_30fb3abef262,2026-01-16T01:03:53,Organic Sales,Closed Lost,Morgan Reed,Lost,5000.0,2026-01-30T01:03:53,151,Chose competitor
opp_bb64bb46d854,lead_8875f85b2c0a,2026-04-20T10:50:41,Evergreen Sales,Contacted,Riley Carter,Open,0.0,2026-04-20T10:50:41,71,
opp_b70d033b0d3e,lead_72fe0f25975b,2026-03-06T02:39:28,Referral Sales,Closed Lost,Riley Carter,Lost,750.0,2026-03-26T02:39:28,96,Needs more time
opp_2d2bfd916f2d,lead_966e9888083c,2026-06-19T04:43:22,Evergreen Sales,Call Booked,Morgan Reed,Open,0.0,2026-06-26T04:43:22,4,
opp_fe56adc1c3fe,lead_9cde6b8e07db,2026-02-12T00:41:58,Evergreen Sales,Contacted,Morgan Reed,Open,0.0,2026-02-25T00:41:58,125,
opp_012a0c7c70a7,lead_299ead222f76,2026-06-19T19:59:49,Evergreen Sales,Follow Up,Morgan Reed,Open,0.0,2026-06-30T19:59:49,0,
opp_2bf13134906e,lead_9fca14665373,2026-03-24T14:32:03,Organic Sales,Closed Lost,Riley Carter,Lost,0.0,2026-04-18T14:32:03,73,Unable to contact
opp_57f7b38183d5,lead_1351860e91d1,2026-04-19T18:27:55,Webinar Sales,Contacted,Riley Carter,Open,0.0,2026-05-10T18:27:55,51,
opp_0e80d0f787d6,lead_8e4705591319,2026-06-12T20:23:22,Organic Sales,Contacted,Riley Carter,Open,0.0,2026-06-17T20:23:22,13,
opp_8a896a172ad5,lead_161cbf26d021,2026-05-04T01:34:54,Webinar Sales,Contact Attempted,Riley Carter,Open,0.0,2026-05-22T01:34:54,39,
opp_9c02c410ceaa,lead_a49dd702d86b,2026-05-14T02:02:40,Evergreen Sales,Contacted,Riley Carter,Open,0.0,2026-05-17T02:02:40,44,
opp_4c657b8fe5ae,lead_306c60e2f60a,2026-06-18T04:29:51,Evergreen Sales,Contact Attempted,Casey Bennett,Open,0.0,2026-06-21T04:29:51,9,
opp_c8eb6a117c66,lead_fbc5f4528cfd,2026-04-30T19:18:29,Webinar Sales,Closed Lost,Casey Bennett,Lost,4000.0,2026-05-13T19:18:29,48,Chose competitor
opp_f1791de30f10,lead_1eab485dc211,2026-02-08T00:39:44,Evergreen Sales,Contact Attempted,Morgan Reed,Open,0.0,2026-02-12T00:39:44,138,
opp_d9fecdd145e2,lead_05923d746087,2026-01-19T06:34:38,Organic Sales,Contacted,Morgan Reed,Open,0.0,2026-02-13T06:34:38,137,
opp_4943670741cd,lead_826d4f7603be,2026-05-06T16:15:18,Organic Sales,Closed Lost,Morgan Reed,Lost,0.0,2026-05-31T16:15:18,30,Timing
opp_7bf3400c46ce,lead_ad8732e91225,2026-02-23T05:44:33,Evergreen Sales,Contacted,Morgan Reed,Open,0.0,2026-03-01T05:44:33,121,
opp_5bdd290210b1,lead_85445024221d,2026-04-28T23:22:14,Webinar Sales,Closed Lost,Casey Bennett,Lost,0.0,2026-05-14T23:22:14,47,Timing
opp_12ae2753d9d6,lead_0a0682ccf6f2,2026-01-08T09:59:42,Webinar Sales,Contacted,Morgan Reed,Open,0.0,2026-01-12T09:59:42,169,
opp_fc3bae95802e,lead_8f85cc16bddc,2026-06-19T02:44:59,Referral Sales,Contacted,Morgan Reed,Open,0.0,2026-06-21T02:44:59,9,
opp_6c2aced1c24e,lead_3089a8bafe42,2026-03-03T00:26:54,Evergreen Sales,Contact Attempted,Morgan Reed,Open,0.0,2026-03-26T00:26:54,96,
opp_d043d768507d,lead_8319e625ae06,2026-03-06T14:19:52,Referral Sales,Contacted,Riley Carter,Open,0.0,2026-03-13T14:19:52,109,
opp_53e072a1f14c,lead_b70ecd1a12bc,2026-05-21T05:23:43,Evergreen Sales,Closed Lost,Casey Bennett,Lost,0.0,2026-05-25T05:23:43,36,Not interested
opp_707c7bcedef3,lead_ca52c9f2b21b,2026-01-13T14:42:42,Evergreen Sales,Closed Won,Morgan Reed,Won,10000.0,2026-01-25T14:42:42,156,
opp_bff8f4f49432,lead_ea6ffa8ffc12,2026-02-03T12:18:19,Webinar Sales,Closed Lost,Morgan Reed,Lost,0.0,2026-02-18T12:18:19,132,No Show
opp_792acb227281,lead_a5e41bb5e786,2026-02-03T14:05:25,Referral Sales,Contact Attempted,Casey Bennett,Open,0.0,2026-02-03T14:05:25,147,
opp_e959734ca28b,lead_760c884fcb57,2026-01-23T20:35:22,Evergreen Sales,Contact Attempted,Morgan Reed,Open,0.0,2026-02-10T20:35:22,140,
opp_c34a13b7311f,lead_2b32e49b80ce,2026-01-18T02:51:52,Organic Sales,Contact Attempted,Riley Carter,Open,0.0,2026-02-01T02:51:52,149,
opp_031417f376c3,lead_45eab21c52bc,2026-04-25T18:57:06,Evergreen Sales,Contacted,Morgan Reed,Open,0.0,2026-05-09T18:57:06,52,
opp_de9284cf11de,lead_8c2c35b33cca,2026-03-31T09:22:56,Evergreen Sales,Contacted,Casey Bennett,Open,0.0,2026-04-11T09:22:56,80,
opp_cb7898da0611,lead_e2d41187a353,2026-05-26T03:10:32,Webinar Sales,Call Booked,Riley Carter,Open,0.0,2026-06-18T03:10:32,12,
opp_7bbb1afd2e6c,lead_2b041adf48a1,2026-01-28T06:25:58,Evergreen Sales,Contacted,Morgan Reed,Open,0.0,2026-02-16T06:25:58,134,
opp_8c26746afbc8,lead_c97a860a56d7,2026-02-04T09:24:07,Evergreen Sales,Contact Attempted,Casey Bennett,Open,0.0,2026-02-06T09:24:07,144,
opp_187ce667bde9,lead_ae3c406821a0,2026-04-23T08:55:10,Evergreen Sales,Closed Lost,Riley Carter,Lost,0.0,2026-04-29T08:55:10,62,No budget
opp_8eb4079fb7f2,lead_389fa8b8f115,2026-01-08T03:10:45,Evergreen Sales,Call Booked,Riley Carter,Open,0.0,2026-01-18T03:10:45,163,
opp_3fc55526459c,lead_e1fb37f1ffbd,2026-03-26T05:54:12,Evergreen Sales,Closed Lost,Casey Bennett,Lost,0.0,2026-03-27T05:54:12,95,Not interested
opp_0d334e8ec997,lead_f8d1830367c5,2026-04-08T19:42:58,Evergreen Sales,Closed Lost,Morgan Reed,Lost,0.0,2026-04-08T19:42:58,83,Timing
opp_25ff9ee0dc3a,lead_196fd6a1a380,2026-02-20T03:21:49,Organic Sales,Contacted,Morgan Reed,Open,0.0,2026-03-15T03:21:49,107,
opp_caadfae9912f,lead_29490c623f53,2026-04-03T06:38:17,Organic Sales,Closed Lost,Casey Bennett,Lost,5000.0,2026-04-10T06:38:17,81,Needs more time
opp_0134e3958ebc,lead_4c13bfc7d1e2,2026-03-04T14:21:45,Organic Sales,Contact Attempted,Morgan Reed,Open,0.0,2026-03-24T14:21:45,98,
opp_efa46f82da72,lead_4e4cabef5d00,2026-03-07T09:00:16,Evergreen Sales,Follow Up,Casey Bennett,Open,0.0,2026-03-08T09:00:16,114,
opp_2b9db156e128,lead_a063a3d0abab,2026-04-17T04:10:14,Evergreen Sales,Closed Lost,Riley Carter,Lost,5000.0,2026-04-27T04:10:14,64,Price
opp_925301acd219,lead_e5b68218a679,2026-05-22T22:29:47,Evergreen Sales,Closed Lost,Casey Bennett,Lost,0.0,2026-05-30T22:29:47,31,Not interested
opp_2214493ec0c0,lead_e31866f88d5d,2026-04-04T16:52:52,Webinar Sales,Contact Attempted,Morgan Reed,Open,0.0,2026-04-12T16:52:52,79,
opp_1dafdc609b8b,lead_8218664a1f5e,2026-03-23T17:56:12,Webinar Sales,Contact Attempted,Casey Bennett,Open,0.0,2026-04-14T17:56:12,77,
opp_1faa559617b4,lead_e851dec11b49,2026-04-10T11:02:43,Organic Sales,Contact Attempted,Riley Carter,Open,0.0,2026-04-21T11:02:43,70,
opp_9a4c9b1252c8,lead_308b4def8bcf,2026-04-21T07:01:01,Evergreen Sales,Closed Lost,Morgan Reed,Lost,2500.0,2026-04-23T07:01:01,68,Chose competitor
opp_0e4fdf3b3d72,lead_6368d8593290,2026-06-03T23:00:41,Evergreen Sales,Closed Lost,Casey Bennett,Lost,0.0,2026-06-06T23:00:41,24,Not interested
opp_97293090266f,lead_2b5e81668644,2026-05-08T21:20:18,Evergreen Sales,Contact Attempted,Casey Bennett,Open,0.0,2026-06-03T21:20:18,27,
opp_522a90fc50c8,lead_572d8395e3ca,2026-02-15T20:41:42,Evergreen Sales,Contact Attempted,Morgan Reed,Open,0.0,2026-02-19T20:41:42,131,
opp_83326d616e50,lead_3b8ec0b36d9d,2026-06-14T05:06:01,Evergreen Sales,Closed Lost,Casey Bennett,Lost,0.0,2026-06-16T05:06:01,14,No budget
opp_22eebd175457,lead_37df7e30b6ac,2026-05-14T08:39:24,Evergreen Sales,Closed Lost,Riley Carter,Lost,5000.0,2026-05-17T08:39:24,44,Financing unavailable
opp_651445f0aabb,lead_45801a43bebf,2026-05-18T03:14:34,Evergreen Sales,Closed Won,Casey Bennett,Won,9750.0,2026-05-22T03:14:34,39,
opp_50e27d01e0d0,lead_7116056df4ef,2026-03-19T15:35:32,Evergreen Sales,Contacted,Riley Carter,Open,0.0,2026-03-20T15:35:32,102,
opp_8e5d92632b7c,lead_79ed0e117cfa,2026-04-14T17:09:25,Webinar Sales,Follow Up,Riley Carter,Open,0.0,2026-05-07T17:09:25,54,
opp_7857c0650efe,lead_3b42d26fbb6e,2026-02-13T01:10:08,Evergreen Sales,Closed Lost,Casey Bennett,Lost,0.0,2026-03-08T01:10:08,114,Timing
opp_a2159808889a,lead_7bda5abfa4a2,2026-04-29T13:26:46,Evergreen Sales,Closed Lost,Riley Carter,Lost,2500.0,2026-05-15T13:26:46,46,Price
opp_fc7187299088,lead_016b9ce85acb,2026-02-06T12:00:22,Evergreen Sales,Contact Attempted,Morgan Reed,Open,0.0,2026-02-13T12:00:22,137,
opp_04899b4e4372,lead_9f744be3fbea,2026-02-04T22:16:52,Evergreen Sales,Disqualified,Casey Bennett,Lost,0.0,2026-02-25T22:16:52,125,Low intent
opp_9e316f34bf63,lead_0c599feb295c,2026-01-07T18:18:14,Referral Sales,Follow Up,Morgan Reed,Open,0.0,2026-01-14T18:18:14,167,
opp_fd18f39a75e2,lead_ef7b6cc29a85,2026-04-11T11:01:08,Evergreen Sales,Follow Up,Casey Bennett,Open,0.0,2026-04-25T11:01:08,66,
opp_3ef1f18f8ea1,lead_1c600995b86c,2026-05-08T08:34:09,Referral Sales,Contacted,Morgan Reed,Open,0.0,2026-05-17T08:34:09,44,
opp_11bcff674e09,lead_4e418b9129b0,2026-04-09T10:39:12,Evergreen Sales,Contact Attempted,Casey Bennett,Open,0.0,2026-04-22T10:39:12,69,
opp_0101e5afb463,lead_817484b7a48c,2026-03-24T00:47:33,Referral Sales,Closed Lost,Riley Carter,Lost,0.0,2026-03-25T00:47:33,97,No budget
opp_78268a2d3c2c,lead_082bb442150a,2026-04-08T11:46:35,Referral Sales,Closed Lost,Casey Bennett,Lost,0.0,2026-04-12T11:46:35,79,Unable to contact
opp_8264c0aa6c80,lead_08db69e58003,2026-01-22T16:25:47,Webinar Sales,Closed Lost,Casey Bennett,Lost,0.0,2026-02-15T16:25:47,135,Timing
opp_3621f37d0862,lead_287b1e7e9d52,2026-01-30T04:51:18,Webinar Sales,Closed Lost,Riley Carter,Lost,0.0,2026-02-28T04:51:18,122,No Show
opp_b163cd170f6d,lead_e57553c5a33e,2026-06-07T20:05:10,Evergreen Sales,Contact Attempted,Casey Bennett,Open,0.0,2026-06-10T20:05:10,20,
opp_de2134552a69,lead_a889359f7cd5,2026-01-08T17:41:18,Evergreen Sales,Closed Lost,Casey Bennett,Lost,750.0,2026-01-16T17:41:18,165,Chose competitor
opp_9a61cd6cc437,lead_3e0ca73a9127,2026-05-14T06:47:53,Evergreen Sales,Contacted,Riley Carter,Open,0.0,2026-06-09T06:47:53,21,
opp_9aa037087999,lead_3734aeaa97d8,2026-04-16T09:23:28,Evergreen Sales,Closed Won,Casey Bennett,Won,5000.0,2026-04-19T09:23:28,72,
opp_eda9e69c650d,lead_db8923e89a48,2026-02-27T19:18:17,Evergreen Sales,Contacted,Casey Bennett,Open,0.0,2026-03-17T19:18:17,105,
opp_074af1e07f0b,lead_686317465f42,2026-02-18T06:41:04,Webinar Sales,Follow Up,Morgan Reed,Open,0.0,2026-03-09T06:41:04,113,
opp_fc5953a1f3e8,lead_f7ce3bfba8ae,2026-03-25T17:04:26,Webinar Sales,Contact Attempted,Riley Carter,Open,0.0,2026-04-14T17:04:26,77,
opp_2ccd2362e097,lead_cf995b4a527b,2026-01-08T21:24:02,Organic Sales,Call Booked,Morgan Reed,Open,0.0,2026-01-16T21:24:02,165,
opp_22411fcc6541,lead_6d1559d0a239,2026-03-16T03:50:36,Organic Sales,Contact Attempted,Casey Bennett,Open,0.0,2026-04-14T03:50:36,77,
opp_66c9c27dfd17,lead_2735f3841ff5,2026-03-24T01:07:55,Evergreen Sales,Contact Attempted,Casey Bennett,Open,0.0,2026-04-12T01:07:55,79,
opp_92a79af73ed6,lead_5a9c21325fa0,2026-06-12T12:01:08,Webinar Sales,Contact Attempted,Riley Carter,Open,0.0,2026-07-01T12:01:08,0,
opp_f3ff9b851a18,lead_00fef7cce7e5,2026-04-30T12:49:03,Evergreen Sales,Contact Attempted,Riley Carter,Open,0.0,2026-05-10T12:49:03,51,
opp_7c29cada8a77,lead_7272c4e57e4d,2026-04-22T07:56:22,Webinar Sales,Contacted,Casey Bennett,Open,0.0,2026-04-25T07:56:22,66,
opp_814bd751f593,lead_9f2025e5189b,2026-02-23T18:13:56,Webinar Sales,Contact Attempted,Casey Bennett,Open,0.0,2026-03-09T18:13:56,113,
opp_593b06ead916,lead_d27ba6530fe5,2026-02-22T22:46:41,Webinar Sales,Closed Won,Casey Bennett,Won,4750.0,2026-02-24T22:46:41,126,
opp_cf809882848c,lead_ca8e51215fcb,2026-02-21T20:33:30,Referral Sales,Closed Lost,Casey Bennett,Lost,10000.0,2026-03-09T20:33:30,113,Partner approval
opp_d5523de697f7,lead_9742c31d3ff5,2026-01-04T12:13:33,Evergreen Sales,Closed Lost,Casey Bennett,Lost,0.0,2026-01-07T12:13:33,174,Timing
opp_02957d8e0e48,lead_cfc1f965c106,2026-04-25T03:52:42,Webinar Sales,Contacted,Riley Carter,Open,0.0,2026-05-19T03:52:42,42,
opp_6e5bf41a4ef3,lead_3497712cf1e0,2026-03-08T14:15:58,Evergreen Sales,Contacted,Morgan Reed,Open,0.0,2026-04-06T14:15:58,85,
opp_8fa734290e68,lead_91d9e5b15b7d,2026-02-10T21:38:29,Organic Sales,Follow Up,Casey Bennett,Open,0.0,2026-02-27T21:38:29,123,
opp_d07b3d25a89b,lead_5883618510fc,2026-05-09T07:04:41,Evergreen Sales,Contact Attempted,Casey Bennett,Open,0.0,2026-05-09T07:04:41,52,
opp_ff07bc4bd2f0,lead_a5406c391b14,2026-01-17T03:14:12,Organic Sales,Follow Up,Casey Bennett,Open,0.0,2026-02-01T03:14:12,149,
opp_f4e549ba80a6,lead_d455261c762e,2026-03-29T16:08:19,Evergreen Sales,Follow Up,Riley Carter,Open,0.0,2026-04-01T16:08:19,90,
opp_3d440aa1b255,lead_f32b8b045d9a,2026-04-20T16:35:22,Organic Sales,Disqualified,Casey Bennett,Lost,0.0,2026-05-17T16:35:22,44,Wrong timing
opp_10ead4794c1b,lead_3197ac895f0c,2026-02-15T13:52:04,Organic Sales,Contacted,Casey Bennett,Open,0.0,2026-03-13T13:52:04,109,
opp_6658266cd98e,lead_5a5e709bc320,2026-01-19T19:57:31,Organic Sales,Contacted,Riley Carter,Open,0.0,2026-01-24T19:57:31,157,
opp_2b0571ef610d,lead_1abe31443c59,2026-05-29T21:53:41,Evergreen Sales,Contacted,Morgan Reed,Open,0.0,2026-06-04T21:53:41,26,
opp_b9010c13f829,lead_ec55fcc4661f,2026-03-04T00:31:41,Evergreen Sales,Contacted,Riley Carter,Open,0.0,2026-04-02T00:31:41,89,
opp_7c60900295d8,lead_35a4bc9efda7,2026-04-08T12:54:33,Evergreen Sales,Contact Attempted,Casey Bennett,Open,0.0,2026-05-08T12:54:33,53,
opp_e4fdf1810ec1,lead_b6462c63f55c,2026-02-25T14:10:38,Organic Sales,Call Booked,Casey Bennett,Open,0.0,2026-03-09T14:10:38,113,
opp_4bb0796780a7,lead_cec605264ee1,2026-06-11T03:27:26,Evergreen Sales,Closed Lost,Morgan Reed,Lost,5000.0,2026-07-11T03:27:26,0,Partner approval
opp_4c07c9dad3f7,lead_12863b406afe,2026-03-16T10:33:23,Referral Sales,Follow Up,Casey Bennett,Open,0.0,2026-03-29T10:33:23,93,
opp_14f628bc1751,lead_baf8ec7704b7,2026-05-01T04:10:15,Evergreen Sales,Closed Lost,Riley Carter,Lost,0.0,2026-05-07T04:10:15,54,Unable to contact
opp_65ff6ee779ac,lead_7ac63bfb3820,2026-01-05T10:24:44,Evergreen Sales,Disqualified,Riley Carter,Lost,0.0,2026-01-07T10:24:44,174,Not qualified
opp_2b4209e6d13b,lead_4ed3371a187f,2026-03-13T21:42:14,Referral Sales,Closed Lost,Casey Bennett,Lost,0.0,2026-04-03T21:42:14,88,Cancelled
opp_89b634adcbe0,lead_81325d62a2af,2026-06-15T02:43:37,Organic Sales,Disqualified,Morgan Reed,Lost,0.0,2026-07-05T02:43:37,0,Wrong timing
opp_0d587c54a45d,lead_bc1fa0619276,2026-06-28T21:58:06,Evergreen Sales,Follow Up,Morgan Reed,Open,0.0,2026-07-14T21:58:06,0,
opp_e5615b8dad03,lead_c909bfe5bac0,2026-04-23T03:49:17,Webinar Sales,Closed Lost,Riley Carter,Lost,5000.0,2026-05-12T03:49:17,49,Partner approval
opp_1ff561cb52ed,lead_911cbbae79b6,2026-06-04T17:08:26,Evergreen Sales,Contact Attempted,Riley Carter,Open,0.0,2026-06-12T17:08:26,18,
opp_190747b05755,lead_48904f3c0789,2026-06-12T16:46:57,Evergreen Sales,Follow Up,Morgan Reed,Open,0.0,2026-07-08T16:46:57,0,
opp_9d8ec5a7a0cf,lead_b573e69c7355,2026-01-02T08:04:42,Organic Sales,Closed Lost,Riley Carter,Lost,0.0,2026-01-12T08:04:42,169,No Show
opp_37c0687ddb6d,lead_408e98afda44,2026-01-14T15:55:39,Evergreen Sales,Contact Attempted,Riley Carter,Open,0.0,2026-02-01T15:55:39,149,
opp_f6f422b23a22,lead_becea42cfe8a,2026-05-06T15:39:17,Evergreen Sales,Follow Up,Casey Bennett,Open,0.0,2026-05-22T15:39:17,39,
opp_bab0dfbeb484,lead_74ecbed9709c,2026-02-26T21:18:24,Webinar Sales,Contact Attempted,Morgan Reed,Open,0.0,2026-03-04T21:18:24,118,
opp_c1f7f7ba3fa7,lead_2032aef7e72c,2026-03-25T05:22:02,Evergreen Sales,Contacted,Riley Carter,Open,0.0,2026-04-11T05:22:02,80,
opp_fe6b16b42f43,lead_2f7ee3a0d469,2026-05-21T04:44:12,Webinar Sales,Closed Lost,Casey Bennett,Lost,0.0,2026-05-28T04:44:12,33,No budget
opp_5b0821c4a196,lead_87e47f5c4f4c,2026-06-04T11:32:46,Evergreen Sales,Follow Up,Casey Bennett,Open,0.0,2026-06-21T11:32:46,9,
opp_f3faf3931848,lead_c4b16959ae92,2026-03-30T23:33:45,Referral Sales,Contacted,Casey Bennett,Open,0.0,2026-04-20T23:33:45,71,
opp_6f11efdb25e8,lead_3ab4802884a2,2026-03-06T04:59:34,Evergreen Sales,Follow Up,Casey Bennett,Open,0.0,2026-03-26T04:59:34,96,
opp_d067989e7aae,lead_bbdb0d39693b,2026-01-29T17:50:30,Organic Sales,Follow Up,Casey Bennett,Open,0.0,2026-02-21T17:50:30,129,
opp_93e6677e5419,lead_6021cdc00f84,2026-03-01T13:09:06,Organic Sales,Closed Lost,Casey Bennett,Lost,0.0,2026-03-27T13:09:06,95,No budget
opp_031978df728a,lead_f25e31f3b789,2026-01-30T23:44:54,Webinar Sales,Contacted,Casey Bennett,Open,0.0,2026-02-17T23:44:54,133,
opp_30d77969e5e7,lead_7931b343e06a,2026-01-06T10:30:40,Evergreen Sales,Contacted,Riley Carter,Open,0.0,2026-01-29T10:30:40,152,
opp_46316588be4b,lead_60c5a05952e8,2026-05-21T00:45:10,Evergreen Sales,Contacted,Casey Bennett,Open,0.0,2026-06-14T00:45:10,16,
opp_41891c079998,lead_71941f0de7dc,2026-03-08T20:09:04,Organic Sales,Follow Up,Casey Bennett,Open,0.0,2026-04-07T20:09:04,84,
opp_df2ea1d7b26a,lead_455335f3d2c4,2026-06-18T01:05:48,Organic Sales,Contact Attempted,Casey Bennett,Open,0.0,2026-06-23T01:05:48,7,
opp_841e19c245b1,lead_8240c0ce0c4b,2026-01-03T18:19:43,Evergreen Sales,Contact Attempted,Morgan Reed,Open,0.0,2026-01-04T18:19:43,177,
opp_d155e5f91c76,lead_9593e2b2ef13,2026-01-30T03:27:47,Evergreen Sales,Follow Up,Morgan Reed,Open,0.0,2026-02-18T03:27:47,132,
opp_0de44adccd56,lead_c93def121596,2026-04-07T20:31:51,Referral Sales,Closed Lost,Morgan Reed,Lost,0.0,2026-04-09T20:31:51,82,Cancelled
opp_c66f19bb44dc,lead_983f52c65390,2026-05-24T23:04:16,Webinar Sales,Closed Lost,Casey Bennett,Lost,2250.0,2026-06-01T23:04:16,29,Price
opp_f22004af8c35,lead_2dd46ffe686e,2026-04-09T12:43:56,Referral Sales,Closed Lost,Riley Carter,Lost,10000.0,2026-04-26T12:43:56,65,Chose competitor
opp_30504d4b5f91,lead_87216fe62736,2026-06-04T22:33:59,Organic Sales,Call Booked,Morgan Reed,Open,0.0,2026-06-10T22:33:59,20,
opp_990ea5800326,lead_6611d052e0fc,2026-02-05T11:22:19,Evergreen Sales,Closed Lost,Riley Carter,Lost,0.0,2026-02-05T11:22:19,145,Unable to contact
opp_1f5b58d69460,lead_0c5279646974,2026-01-08T19:29:54,Webinar Sales,Contacted,Morgan Reed,Open,0.0,2026-01-22T19:29:54,159,
opp_80c673740cf6,lead_22e76aa4d152,2026-06-25T22:55:22,Webinar Sales,Contacted,Morgan Reed,Open,0.0,2026-07-19T22:55:22,0,
opp_9610fd92b632,lead_2785df7ff49f,2026-05-28T21:41:18,Evergreen Sales,Contacted,Riley Carter,Open,0.0,2026-06-09T21:41:18,21,
opp_04b2a005baf1,lead_9cbb08481b7c,2026-03-03T21:59:15,Webinar Sales,Contacted,Morgan Reed,Open,0.0,2026-03-30T21:59:15,92,
opp_97540a857b70,lead_c30d37609377,2026-02-08T07:55:59,Evergreen Sales,Contacted,Riley Carter,Open,0.0,2026-02-18T07:55:59,132,
opp_49d1691d0f96,lead_996e114bbdfa,2026-04-23T22:58:53,Organic Sales,Contacted,Riley Carter,Open,0.0,2026-05-09T22:58:53,52,
opp_a673c642e21f,lead_9cca9d0a58c9,2026-04-25T08:38:52,Webinar Sales,Contacted,Morgan Reed,Open,0.0,2026-05-20T08:38:52,41,
opp_4db0b323afbf,lead_0a897cd7f36f,2026-04-27T18:30:48,Evergreen Sales,Contacted,Casey Bennett,Open,0.0,2026-05-13T18:30:48,48,
opp_033dafd2009d,lead_33a0d527600b,2026-05-06T07:13:15,Organic Sales,Follow Up,Morgan Reed,Open,0.0,2026-06-01T07:13:15,29,
opp_84ae5d916779,lead_be2405008114,2026-05-02T13:00:23,Evergreen Sales,Contacted,Casey Bennett,Open,0.0,2026-05-20T13:00:23,41,
opp_69e8cf206a8e,lead_09da3ea2cf77,2026-04-02T08:43:06,Evergreen Sales,Contacted,Casey Bennett,Open,0.0,2026-04-21T08:43:06,70,
opp_017122e0664d,lead_75d76dfc9df6,2026-06-29T16:11:19,Referral Sales,Follow Up,Riley Carter,Open,0.0,2026-07-09T16:11:19,0,
opp_68404f065f95,lead_491e53e09e0a,2026-06-01T05:25:58,Webinar Sales,Closed Lost,Casey Bennett,Lost,0.0,2026-06-28T05:25:58,2,Timing
opp_db39cb4c7af8,lead_57acc0285186,2026-05-29T19:46:42,Organic Sales,Closed Lost,Casey Bennett,Lost,0.0,2026-06-01T19:46:42,29,Timing
opp_a09f08e79f93,lead_2df94bde8bca,2026-04-21T21:05:31,Evergreen Sales,Contact Attempted,Morgan Reed,Open,0.0,2026-05-16T21:05:31,45,
opp_78ce4d2dc81a,lead_49c0cac4809e,2026-06-15T12:16:22,Webinar Sales,Contact Attempted,Casey Bennett,Open,0.0,2026-06-28T12:16:22,2,
opp_a499eb7c54a7,lead_56fdec0c9286,2026-05-07T21:29:13,Evergreen Sales,Closed Lost,Casey Bennett,Lost,0.0,2026-05-30T21:29:13,31,Unable to contact
opp_78765434e3a2,lead_3b96a476f2eb,2026-04-02T15:35:38,Evergreen Sales,Contacted,Casey Bennett,Open,0.0,2026-05-02T15:35:38,59,
opp_355a1dfaa7a5,lead_3de487c33061,2026-03-29T07:47:26,Webinar Sales,Contact Attempted,Casey Bennett,Open,0.0,2026-03-29T07:47:26,93,
opp_ee7d90154ac5,lead_5a76b770b665,2026-01-11T17:45:04,Evergreen Sales,Follow Up,Casey Bennett,Open,0.0,2026-01-26T17:45:04,155,
opp_93118d1c55eb,lead_80a16ef64914,2026-06-08T22:38:26,Webinar Sales,No Show,Casey Bennett,Open,0.0,2026-07-03T22:38:26,0,
opp_71dfcb172c0b,lead_c63af8c1b676,2026-01-05T14:21:07,Evergreen Sales,Contacted,Casey Bennett,Open,0.0,2026-02-04T14:21:07,146,
opp_ca444615c0b8,lead_44717ff11b8a,2026-06-04T20:30:03,Organic Sales,Closed Won,Casey Bennett,Won,9000.0,2026-06-14T20:30:03,16,
opp_43e69313ea1a,lead_7263228cb3ad,2026-02-01T03:36:06,Evergreen Sales,Contacted,Riley Carter,Open,0.0,2026-02-15T03:36:06,135,
opp_1085fdb55173,lead_679f721f0a4c,2026-06-01T16:47:09,Organic Sales,Contacted,Casey Bennett,Open,0.0,2026-06-12T16:47:09,18,
opp_30e1a6d74c47,lead_306888a3d124,2026-04-24T19:29:27,Evergreen Sales,Contacted,Riley Carter,Open,0.0,2026-05-08T19:29:27,53,
opp_f4ea62d70ef1,lead_7af04b245cbb,2026-03-27T01:48:27,Evergreen Sales,Contacted,Riley Carter,Open,0.0,2026-04-19T01:48:27,72,
opp_59c77634896c,lead_03a10003d6e9,2026-03-22T08:20:32,Evergreen Sales,Closed Lost,Casey Bennett,Lost,0.0,2026-04-04T08:20:32,87,No budget
opp_9f51051bc83b,lead_a1396abde12b,2026-03-27T02:26:42,Organic Sales,Contact Attempted,Riley Carter,Open,0.0,2026-04-15T02:26:42,76,
opp_a8c4d1d14664,lead_539d73607240,2026-06-08T16:56:26,Evergreen Sales,Disqualified,Morgan Reed,Lost,0.0,2026-06-23T16:56:26,7,Not qualified
opp_10de837402e1,lead_ef2d3d994a6e,2026-06-15T17:17:15,Webinar Sales,Disqualified,Riley Carter,Lost,0.0,2026-07-03T17:17:15,0,Not qualified
opp_28522711d4d0,lead_370877969ecc,2026-03-04T09:12:48,Webinar Sales,Contact Attempted,Casey Bennett,Open,0.0,2026-03-16T09:12:48,106,
opp_0133421a281f,lead_3e5cfa5b1ecf,2026-02-20T07:08:52,Evergreen Sales,Follow Up,Morgan Reed,Open,0.0,2026-03-22T07:08:52,100,
opp_972d434a7fe1,lead_6b75a6a96e8b,2026-03-24T23:30:23,Evergreen Sales,Closed Lost,Riley Carter,Lost,0.0,2026-03-25T23:30:23,97,Not interested
opp_e3e4cce4b4d3,lead_13a770bcf242,2026-03-14T12:31:00,Evergreen Sales,Disqualified,Riley Carter,Lost,0.0,2026-04-03T12:31:00,88,Low intent
opp_6b295fc7f37e,lead_a12cd9d60694,2026-06-03T10:18:27,Webinar Sales,Contact Attempted,Casey Bennett,Open,0.0,2026-06-18T10:18:27,12,
opp_40b96ed53caf,lead_3eedf5fbcd02,2026-04-20T18:31:14,Referral Sales,Closed Lost,Riley Carter,Lost,10000.0,2026-05-15T18:31:14,46,Financing unavailable
opp_aceba16e3957,lead_cada76919503,2026-06-14T08:02:26,Evergreen Sales,Call Booked,Riley Carter,Open,0.0,2026-06-27T08:02:26,3,
opp_9634ee3cfa1e,lead_7d897899f25b,2026-05-27T00:08:32,Referral Sales,Closed Lost,Casey Bennett,Lost,0.0,2026-06-25T00:08:32,5,Not interested
opp_bd8163c3efde,lead_44a36b59b998,2026-05-07T07:17:14,Organic Sales,Contact Attempted,Riley Carter,Open,0.0,2026-05-09T07:17:14,52,
opp_17f67201637c,lead_efbf1e639724,2026-06-01T16:15:00,Evergreen Sales,Contact Attempted,Riley Carter,Open,0.0,2026-06-28T16:15:00,2,
opp_7368ff58ae8c,lead_90e567a6ca8c,2026-06-10T19:47:50,Evergreen Sales,Contact Attempted,Casey Bennett,Open,0.0,2026-06-18T19:47:50,12,
opp_66712878086f,lead_981866db5797,2026-06-16T03:16:00,Evergreen Sales,Contacted,Riley Carter,Open,0.0,2026-07-10T03:16:00,0,
opp_3eae9316f432,lead_9066ae53733b,2026-05-30T12:07:25,Evergreen Sales,Contacted,Riley Carter,Open,0.0,2026-06-08T12:07:25,22,
opp_a9bdb31b214c,lead_25d292b90801,2026-02-10T00:42:05,Evergreen Sales,Closed Lost,Riley Carter,Lost,0.0,2026-03-08T00:42:05,114,Timing
opp_6c0d856a07b9,lead_888aa1c79054,2026-06-01T08:33:42,Organic Sales,Follow Up,Casey Bennett,Open,0.0,2026-06-22T08:33:42,8,
opp_9cce98ea4a0f,lead_d02580dab7f1,2026-05-08T19:16:50,Webinar Sales,Disqualified,Casey Bennett,Lost,0.0,2026-05-19T19:16:50,42,Wrong timing
opp_18cc0f8255b9,lead_912276412617,2026-06-28T14:56:36,Evergreen Sales,Follow Up,Morgan Reed,Open,0.0,2026-07-14T14:56:36,0,
opp_bf51dd55504d,lead_7d42d751cd6f,2026-01-24T21:44:04,Webinar Sales,Closed Lost,Riley Carter,Lost,197.0,2026-02-15T21:44:04,135,Chose competitor
opp_399cccbdb9f9,lead_5610445a689a,2026-03-28T18:17:47,Evergreen Sales,Contacted,Casey Bennett,Open,0.0,2026-04-14T18:17:47,77,
opp_0459c7707864,lead_9cccfc80f6cc,2026-01-19T00:43:14,Organic Sales,Closed Lost,Riley Carter,Lost,0.0,2026-01-22T00:43:14,159,No budget
opp_8cbf6dfe02b7,lead_6f2a7eda6baf,2026-05-27T22:02:28,Organic Sales,Follow Up,Riley Carter,Open,0.0,2026-06-19T22:02:28,11,
opp_86607c3d1303,lead_2e077950969d,2026-03-22T14:38:09,Organic Sales,Closed Lost,Riley Carter,Lost,0.0,2026-04-11T14:38:09,80,No budget
opp_380f527bbe56,lead_38359bdd8aa2,2026-04-09T18:52:41,Evergreen Sales,Contacted,Morgan Reed,Open,0.0,2026-05-03T18:52:41,58,
opp_1bc686ceb4af,lead_a655ddc909f7,2026-03-19T17:34:19,Evergreen Sales,Closed Lost,Morgan Reed,Lost,2500.0,2026-03-29T17:34:19,93,Financing unavailable
opp_f162f285daae,lead_1c22008e3837,2026-02-14T12:53:22,Evergreen Sales,Contact Attempted,Casey Bennett,Open,0.0,2026-02-24T12:53:22,126,
opp_63055a595834,lead_ba9840ee8f43,2026-05-22T16:19:05,Evergreen Sales,Closed Lost,Morgan Reed,Lost,0.0,2026-06-19T16:19:05,11,No budget
opp_e240105512ed,lead_7007f5c918c6,2026-04-20T15:07:48,Webinar Sales,Contact Attempted,Morgan Reed,Open,0.0,2026-05-16T15:07:48,45,
opp_8ccaa13f43f9,lead_ddccf8c86091,2026-01-12T21:07:34,Referral Sales,Cancelled,Riley Carter,Open,0.0,2026-01-25T21:07:34,156,
opp_9b8f4b0ffc87,lead_9a88937ca20e,2026-03-22T13:27:50,Evergreen Sales,Contacted,Riley Carter,Open,0.0,2026-04-19T13:27:50,72,
opp_2c59aceca952,lead_587edcf99afa,2026-03-12T21:20:24,Evergreen Sales,Contacted,Casey Bennett,Open,0.0,2026-04-07T21:20:24,84,
opp_ecc8b6da3820,lead_322998e6d304,2026-05-02T10:10:02,Evergreen Sales,Contacted,Riley Carter,Open,0.0,2026-05-07T10:10:02,54,
opp_25a8cd6426a7,lead_8949384f7bdd,2026-03-06T09:17:03,Evergreen Sales,Contacted,Riley Carter,Open,0.0,2026-03-18T09:17:03,104,
opp_26e08026ae75,lead_e94ae71b8a9c,2026-01-10T00:42:11,Webinar Sales,Contacted,Riley Carter,Open,0.0,2026-01-13T00:42:11,168,
opp_71bb8ce76b0a,lead_829d38d1b94f,2026-01-20T10:34:15,Organic Sales,Closed Won,Morgan Reed,Won,5000.0,2026-02-01T10:34:15,149,
opp_d771f386e1a9,lead_f9dea956175a,2026-01-22T19:52:16,Evergreen Sales,Closed Lost,Riley Carter,Lost,10000.0,2026-02-08T19:52:16,142,Price
opp_6e5890b6fb5d,lead_f0e1df13c65b,2026-03-02T11:22:23,Evergreen Sales,Closed Lost,Morgan Reed,Lost,250.0,2026-03-21T11:22:23,101,Chose competitor
opp_7840bb9757b1,lead_0a41ad3d42bb,2026-03-12T23:44:20,Evergreen Sales,Cancelled,Casey Bennett,Open,0.0,2026-04-02T23:44:20,89,
opp_e4c605a1dfa2,lead_34ae45773d08,2026-01-25T10:25:27,Organic Sales,Contacted,Morgan Reed,Open,0.0,2026-02-18T10:25:27,132,
opp_9c165a25b90c,lead_cb0519f1ad68,2026-05-20T06:42:41,Referral Sales,Contacted,Morgan Reed,Open,0.0,2026-05-21T06:42:41,40,
opp_c61dabe3b947,lead_af3ca610e9f2,2026-02-05T20:25:22,Evergreen Sales,Contacted,Casey Bennett,Open,0.0,2026-02-18T20:25:22,132,
opp_f482edb07364,lead_c100a81db98c,2026-05-28T13:21:39,Referral Sales,Contact Attempted,Riley Carter,Open,0.0,2026-06-06T13:21:39,24,
opp_af92296fc8fd,lead_04a185aaa10c,2026-06-15T04:46:30,Evergreen Sales,Contact Attempted,Riley Carter,Open,0.0,2026-07-10T04:46:30,0,
opp_d42fec15c7d2,lead_c76b86bd4b99,2026-02-05T08:59:06,Evergreen Sales,Closed Lost,Morgan Reed,Lost,0.0,2026-02-19T08:59:06,131,No budget
opp_586aeef07dec,lead_0cad3cd39412,2026-01-03T06:35:03,Evergreen Sales,Contacted,Morgan Reed,Open,0.0,2026-02-01T06:35:03,149,
opp_a8bcc53ceea1,lead_29b71bb7b00e,2026-03-29T18:57:28,Referral Sales,Contacted,Riley Carter,Open,0.0,2026-04-15T18:57:28,76,
opp_b6e61bcce6bd,lead_510cf6922fe0,2026-05-08T06:40:02,Evergreen Sales,Contacted,Morgan Reed,Open,0.0,2026-05-27T06:40:02,34,
opp_6e9c3cb034ca,lead_7de7e4bc27c2,2026-05-30T21:49:01,Evergreen Sales,Contacted,Riley Carter,Open,0.0,2026-06-04T21:49:01,26,
opp_764d6e5578fd,lead_566350bbe5bb,2026-01-13T06:09:00,Webinar Sales,Closed Lost,Riley Carter,Lost,2500.0,2026-01-27T06:09:00,154,Price
opp_9ebc47013c29,lead_c5c33eab0489,2026-03-30T19:47:39,Evergreen Sales,Contact Attempted,Casey Bennett,Open,0.0,2026-04-12T19:47:39,79,
opp_df6cce8f1089,lead_244b6fbfe657,2026-03-01T14:51:55,Evergreen Sales,Closed Lost,Riley Carter,Lost,0.0,2026-03-03T14:51:55,119,Not interested
opp_d83c82ca7eeb,lead_d86427082a42,2026-02-07T20:11:50,Evergreen Sales,Contacted,Morgan Reed,Open,0.0,2026-02-13T20:11:50,137,
opp_be6409800a4d,lead_3d66487a4cb3,2026-03-10T17:27:49,Evergreen Sales,Follow Up,Riley Carter,Open,0.0,2026-03-25T17:27:49,97,
opp_98ddbca810cc,lead_8145b7cab986,2026-06-05T09:28:54,Webinar Sales,Contact Attempted,Riley Carter,Open,0.0,2026-06-18T09:28:54,12,
opp_9a0c903c2ef7,lead_3ce153c08b07,2026-03-14T17:09:59,Evergreen Sales,Contacted,Riley Carter,Open,0.0,2026-03-29T17:09:59,93,
opp_d1b6c2853c97,lead_745f768d1465,2026-06-13T17:46:39,Referral Sales,Contact Attempted,Casey Bennett,Open,0.0,2026-06-16T17:46:39,14,
opp_f1f1f74afc43,lead_5b954be5c5af,2026-01-10T11:56:50,Webinar Sales,Contacted,Casey Bennett,Open,0.0,2026-01-17T11:56:50,164,
opp_d07b7799ae02,lead_9420f7d874d6,2026-03-04T12:15:42,Webinar Sales,Contacted,Morgan Reed,Open,0.0,2026-03-04T12:15:42,118,
opp_e8d01148919d,lead_fb083c46a368,2026-04-18T22:01:01,Evergreen Sales,Closed Lost,Riley Carter,Lost,0.0,2026-04-23T22:01:01,68,No Show
opp_12cadccf29bd,lead_2de69ede2eb5,2026-01-12T11:59:44,Organic Sales,Follow Up,Morgan Reed,Open,0.0,2026-02-01T11:59:44,149,
opp_5acb2fc1af74,lead_f0c0df22b1c3,2026-03-17T23:18:08,Webinar Sales,Contacted,Riley Carter,Open,0.0,2026-03-22T23:18:08,100,
opp_c851e84153c8,lead_48a6e2e8ec93,2026-01-14T16:42:04,Evergreen Sales,Follow Up,Morgan Reed,Open,0.0,2026-02-13T16:42:04,137,
opp_3e2303f6e1dd,lead_c0bb97b0eb50,2026-05-21T23:18:25,Webinar Sales,Contacted,Morgan Reed,Open,0.0,2026-06-12T23:18:25,18,
opp_6c9f9a7b29e9,lead_6ca34fe8aea8,2026-05-28T16:34:52,Evergreen Sales,Contacted,Riley Carter,Open,0.0,2026-06-25T16:34:52,5,
opp_4f6ce1b99a65,lead_ff95d8e814ef,2026-05-30T20:11:13,Evergreen Sales,Follow Up,Riley Carter,Open,0.0,2026-06-22T20:11:13,8,
opp_45bc191697e7,lead_dbaca7698bad,2026-04-16T02:27:07,Evergreen Sales,Closed Lost,Riley Carter,Lost,0.0,2026-05-11T02:27:07,50,Not interested
opp_221816004635,lead_86102cc75c48,2026-01-08T22:56:29,Evergreen Sales,No Show,Morgan Reed,Open,0.0,2026-01-13T22:56:29,168,
opp_d001701742f2,lead_ac0256653483,2026-04-24T14:11:51,Referral Sales,Contact Attempted,Casey Bennett,Open,0.0,2026-05-07T14:11:51,54,
opp_77830a5821dd,lead_02bb0f1ed4f7,2026-04-12T12:36:28,Webinar Sales,Closed Lost,Riley Carter,Lost,0.0,2026-05-10T12:36:28,51,Unable to contact
opp_83ab5cb0bb3b,lead_65647bfee671,2026-02-16T20:30:17,Evergreen Sales,Contacted,Casey Bennett,Open,0.0,2026-03-08T20:30:17,114,
opp_85cfde7a1358,lead_a1e9276dc2b4,2026-06-17T23:58:17,Evergreen Sales,Follow Up,Casey Bennett,Open,0.0,2026-06-26T23:58:17,4,
opp_96003ba51330,lead_bd9c7a2ee475,2026-03-23T11:41:20,Webinar Sales,Follow Up,Morgan Reed,Open,0.0,2026-04-01T11:41:20,90,
opp_591f4413eb65,lead_21311d9b0404,2026-06-06T12:11:33,Evergreen Sales,Follow Up,Morgan Reed,Open,0.0,2026-07-03T12:11:33,0,
opp_11703eb058b2,lead_87d9a9a86d26,2026-01-21T04:30:50,Organic Sales,Disqualified,Casey Bennett,Lost,0.0,2026-02-11T04:30:50,139,Wrong timing
opp_7b66e8a43379,lead_33a9bfa56f93,2026-01-09T04:12:21,Organic Sales,Contacted,Morgan Reed,Open,0.0,2026-01-16T04:12:21,165,
opp_04f0277250bd,lead_a01c8d50ba3e,2026-05-29T08:38:27,Organic Sales,Contact Attempted,Riley Carter,Open,0.0,2026-06-22T08:38:27,8,
opp_41356e7a8ebd,lead_1bb11858178b,2026-06-08T07:29:48,Webinar Sales,Contacted,Casey Bennett,Open,0.0,2026-06-30T07:29:48,0,
opp_0808e85ad2cc,lead_629b1afc6947,2026-06-15T11:41:37,Referral Sales,Contact Attempted,Morgan Reed,Open,0.0,2026-06-29T11:41:37,1,
opp_b6ecedfe4f9e,lead_ef199e7e351f,2026-05-10T22:05:04,Evergreen Sales,Disqualified,Morgan Reed,Lost,0.0,2026-06-01T22:05:04,29,Low intent
opp_0bc22a5b0795,lead_661836872a40,2026-01-20T04:27:39,Referral Sales,Closed Lost,Riley Carter,Lost,0.0,2026-02-10T04:27:39,140,No budget
opp_495fe759ba0e,lead_43ebdd755ebf,2026-03-11T15:08:43,Evergreen Sales,Disqualified,Casey Bennett,Lost,0.0,2026-03-24T15:08:43,98,Wrong timing
opp_0b65ac0d2f50,lead_ca9a612a516d,2026-03-05T00:20:14,Evergreen Sales,Contact Attempted,Casey Bennett,Open,0.0,2026-03-08T00:20:14,114,
opp_9b043e3277f3,lead_c6e6f7a1c16d,2026-02-10T15:47:10,Webinar Sales,Closed Lost,Riley Carter,Lost,4750.0,2026-02-21T15:47:10,129,Partner approval
opp_d96f498cd5de,lead_09f94dd37f30,2026-05-27T06:43:18,Evergreen Sales,Contact Attempted,Casey Bennett,Open,0.0,2026-05-28T06:43:18,33,
opp_6544b4f4ef32,lead_94e6366698c3,2026-03-10T07:31:43,Webinar Sales,Contacted,Casey Bennett,Open,0.0,2026-04-05T07:31:43,86,
opp_96b004f7a91e,lead_079363bea8ba,2026-06-27T12:20:49,Webinar Sales,Follow Up,Riley Carter,Open,0.0,2026-07-06T12:20:49,0,
opp_57f222182522,lead_702cea9bf6ea,2026-05-27T21:50:45,Organic Sales,Contacted,Casey Bennett,Open,0.0,2026-06-17T21:50:45,13,
opp_0517c457171a,lead_dc778c053062,2026-06-23T22:38:18,Evergreen Sales,Closed Won,Casey Bennett,Won,750.0,2026-06-24T22:38:18,6,
opp_b1a0cc3e1e62,lead_02b40008e0a0,2026-04-23T23:36:10,Evergreen Sales,Closed Lost,Riley Carter,Lost,10000.0,2026-04-25T23:36:10,66,Financing unavailable
opp_63dc90116bad,lead_01bf31aa6efc,2026-03-19T06:40:49,Organic Sales,Contact Attempted,Morgan Reed,Open,0.0,2026-04-11T06:40:49,80,
opp_6773a4ba4a1d,lead_c5912e5290fb,2026-06-27T14:47:54,Evergreen Sales,Closed Lost,Morgan Reed,Lost,0.0,2026-07-02T14:47:54,0,Not interested
opp_7a9b7ae7f98e,lead_ddc1afaaff2f,2026-03-19T01:01:13,Webinar Sales,Contact Attempted,Riley Carter,Open,0.0,2026-03-26T01:01:13,96,
opp_113559f27057,lead_b29d8096de27,2026-04-30T02:44:40,Webinar Sales,Contact Attempted,Morgan Reed,Open,0.0,2026-05-22T02:44:40,39,
opp_a0f905d2b5e0,lead_240106925bc0,2026-02-17T17:59:37,Evergreen Sales,Contacted,Morgan Reed,Open,0.0,2026-03-07T17:59:37,115,
opp_8eace651bc0d,lead_8a5d0564ccec,2026-02-17T15:25:19,Organic Sales,Contact Attempted,Morgan Reed,Open,0.0,2026-03-02T15:25:19,120,
opp_7a2a34d9bb6f,lead_bb9675cf4ba4,2026-01-05T00:48:49,Evergreen Sales,Follow Up,Casey Bennett,Open,0.0,2026-01-29T00:48:49,152,
opp_287e82fe83a5,lead_656cf4474d8f,2026-03-22T01:34:01,Organic Sales,Closed Won,Casey Bennett,Won,5000.0,2026-04-02T01:34:01,89,
opp_6099fb6b3c88,lead_4c97c2a9bbe0,2026-05-26T00:18:23,Referral Sales,Contact Attempted,Casey Bennett,Open,0.0,2026-06-21T00:18:23,9,
opp_ba749feb47b5,lead_82c7b2d7b690,2026-06-24T18:33:01,Evergreen Sales,Follow Up,Morgan Reed,Open,0.0,2026-07-18T18:33:01,0,
opp_6544e52a3447,lead_041a2e8b1ee0,2026-03-04T11:03:22,Evergreen Sales,Closed Lost,Morgan Reed,Lost,0.0,2026-03-25T11:03:22,97,Not interested
opp_d75bbb322103,lead_132e7916ee96,2026-05-18T13:10:06,Evergreen Sales,Contacted,Riley Carter,Open,0.0,2026-06-12T13:10:06,18,
opp_7fb0ad3ea21e,lead_e503edbd15d6,2026-05-20T08:05:35,Evergreen Sales,Closed Won,Casey Bennett,Won,2500.0,2026-05-24T08:05:35,37,
opp_e15870a03f5d,lead_907f400b842b,2026-03-31T08:52:06,Evergreen Sales,Contacted,Casey Bennett,Open,0.0,2026-04-16T08:52:06,75,
opp_61a25ef18b60,lead_4e31e1f944b9,2026-01-05T07:03:51,Evergreen Sales,Contact Attempted,Morgan Reed,Open,0.0,2026-01-13T07:03:51,168,
opp_8b07aabdf2f8,lead_3eda78983f63,2026-06-18T11:12:09,Webinar Sales,Contacted,Morgan Reed,Open,0.0,2026-06-24T11:12:09,6,
opp_0cfcd87b633a,lead_798c7c1062e9,2026-04-21T15:14:39,Evergreen Sales,Closed Lost,Morgan Reed,Lost,4000.0,2026-05-12T15:14:39,49,Partner approval
opp_548ba35610fb,lead_650805e42741,2026-03-25T15:48:48,Webinar Sales,Closed Lost,Riley Carter,Lost,0.0,2026-04-05T15:48:48,86,No Show
opp_a91cf202f9a9,lead_070c43853a14,2026-03-06T04:23:47,Evergreen Sales,Contacted,Casey Bennett,Open,0.0,2026-04-05T04:23:47,86,
opp_1160cc4eb7ab,lead_8243afbfb787,2026-05-13T07:11:21,Evergreen Sales,Closed Lost,Riley Carter,Lost,4750.0,2026-05-25T07:11:21,36,Needs more time
opp_25465ee4b61c,lead_e1007eac440e,2026-04-25T01:42:16,Evergreen Sales,Closed Won,Riley Carter,Won,4750.0,2026-05-20T01:42:16,41,
opp_592f95b4c154,lead_a768c6e2a796,2026-05-22T19:49:08,Evergreen Sales,Closed Lost,Riley Carter,Lost,10000.0,2026-06-08T19:49:08,22,Price
opp_77523f4b71d8,lead_cac90a103914,2026-06-12T06:49:40,Webinar Sales,Disqualified,Riley Carter,Lost,0.0,2026-06-30T06:49:40,0,Wrong timing
opp_2b298c62bc47,lead_87021d732dc0,2026-01-19T06:49:26,Evergreen Sales,Follow Up,Casey Bennett,Open,0.0,2026-02-07T06:49:26,143,
opp_eae7c3ddba3f,lead_8d458a7e52ad,2026-05-16T05:31:45,Webinar Sales,Contact Attempted,Morgan Reed,Open,0.0,2026-06-14T05:31:45,16,
opp_b9a0cddf8cc1,lead_3322c5fe1d29,2026-02-04T10:47:41,Evergreen Sales,Disqualified,Morgan Reed,Lost,0.0,2026-02-24T10:47:41,126,Low intent
opp_a8c114e0af01,lead_d57fcbd577a3,2026-02-08T22:53:51,Evergreen Sales,No Show,Riley Carter,Open,0.0,2026-03-05T22:53:51,117,
opp_694abc0a403e,lead_843cac7eb3ce,2026-05-26T23:42:49,Evergreen Sales,Contacted,Riley Carter,Open,0.0,2026-06-22T23:42:49,8,
opp_138cbfdde645,lead_170808eeadbd,2026-01-12T11:38:28,Evergreen Sales,Contact Attempted,Morgan Reed,Open,0.0,2026-01-21T11:38:28,160,
opp_f6cb4cb51d54,lead_b54d82039c7a,2026-01-01T21:43:19,Evergreen Sales,Closed Lost,Riley Carter,Lost,750.0,2026-01-11T21:43:19,170,Needs more time
opp_35f7d57b8fb6,lead_92aa346d0cbf,2026-02-03T11:24:33,Organic Sales,Closed Lost,Morgan Reed,Lost,0.0,2026-02-17T11:24:33,133,Not interested
opp_e68b12c50fc1,lead_7019ba042905,2026-01-19T19:53:35,Organic Sales,Closed Lost,Casey Bennett,Lost,0.0,2026-01-19T19:53:35,162,No budget
opp_3c9aca2b82c4,lead_9493c708b2f1,2026-05-18T03:54:41,Organic Sales,Closed Lost,Morgan Reed,Lost,0.0,2026-05-26T03:54:41,35,Timing
opp_f7de88a06230,lead_49eebf2a6e38,2026-06-06T17:50:49,Referral Sales,Follow Up,Casey Bennett,Open,0.0,2026-06-12T17:50:49,18,
opp_d434b01c94d9,lead_7896fc944210,2026-06-24T19:22:43,Referral Sales,Follow Up,Morgan Reed,Open,0.0,2026-07-17T19:22:43,0,
opp_ae97792daad1,lead_edabd44a74a5,2026-03-30T06:54:07,Evergreen Sales,Contact Attempted,Casey Bennett,Open,0.0,2026-04-20T06:54:07,71,
opp_b6a33f6c0a9e,lead_651d85660baa,2026-03-07T16:47:49,Evergreen Sales,Contact Attempted,Casey Bennett,Open,0.0,2026-04-06T16:47:49,85,
opp_fd67fec65abd,lead_eaeaeb074fb5,2026-01-09T01:49:30,Evergreen Sales,No Show,Riley Carter,Open,0.0,2026-01-23T01:49:30,158,
opp_95643c31d5bb,lead_9b22c6235522,2026-06-14T14:54:50,Referral Sales,Disqualified,Casey Bennett,Lost,0.0,2026-07-03T14:54:50,0,Low intent
opp_d33ec4c61a8b,lead_3f85ac1fb16a,2026-05-27T23:31:08,Evergreen Sales,Closed Lost,Casey Bennett,Lost,0.0,2026-06-18T23:31:08,12,Unable to contact
opp_36756a268335,lead_98c851b82231,2026-02-26T21:17:18,Evergreen Sales,No Show,Casey Bennett,Open,0.0,2026-03-25T21:17:18,97,
opp_438d37f41a7b,lead_e90b6d8656ae,2026-04-06T09:20:29,Evergreen Sales,Contact Attempted,Riley Carter,Open,0.0,2026-05-03T09:20:29,58,
opp_da40b1d61e63,lead_c2986789bf72,2026-06-02T16:42:10,Evergreen Sales,Closed Lost,Morgan Reed,Lost,0.0,2026-06-03T16:42:10,27,No budget
opp_529bfb8ec3d3,lead_f3091a3318e6,2026-02-06T12:30:40,Organic Sales,Contact Attempted,Riley Carter,Open,0.0,2026-02-25T12:30:40,125,
opp_9e7860c6b4db,lead_9f1f0d91664c,2026-05-05T10:57:41,Webinar Sales,Closed Lost,Morgan Reed,Lost,0.0,2026-05-07T10:57:41,54,Not interested
opp_5d07ff5c5193,lead_4e7ff8394275,2026-03-16T17:46:13,Evergreen Sales,Closed Lost,Morgan Reed,Lost,1500.0,2026-04-10T17:46:13,81,Partner approval
opp_2d407a884a46,lead_e8e58230e701,2026-05-24T09:50:46,Webinar Sales,Contact Attempted,Riley Carter,Open,0.0,2026-05-27T09:50:46,34,
opp_bb6913faf65e,lead_1f63ae5943e8,2026-06-26T19:59:34,Evergreen Sales,Contacted,Morgan Reed,Open,0.0,2026-07-11T19:59:34,0,
opp_ef62f36f3b3b,lead_a41ce2713cb5,2026-05-19T15:38:32,Webinar Sales,Contact Attempted,Riley Carter,Open,0.0,2026-06-01T15:38:32,29,
opp_de609f1defce,lead_63223796fbcc,2026-06-29T01:14:01,Organic Sales,Call Booked,Morgan Reed,Open,0.0,2026-07-09T01:14:01,0,
opp_eeac47c8dea7,lead_45b427f14b8f,2026-06-25T14:47:23,Evergreen Sales,Contacted,Morgan Reed,Open,0.0,2026-06-25T14:47:23,5,
opp_b8db602f5bdb,lead_4ee4b10ed55d,2026-03-14T04:38:16,Evergreen Sales,Contact Attempted,Riley Carter,Open,0.0,2026-03-16T04:38:16,106,
opp_24992088f229,lead_6ab3c72734c4,2026-02-20T03:13:50,Evergreen Sales,Contact Attempted,Riley Carter,Open,0.0,2026-03-08T03:13:50,114,
opp_0c70c9a01509,lead_d2475ebeb513,2026-05-24T00:57:40,Evergreen Sales,Contacted,Casey Bennett,Open,0.0,2026-05-24T00:57:40,37,
opp_42a1eb42141c,lead_52707f5815ed,2026-02-23T23:58:40,Webinar Sales,Contact Attempted,Casey Bennett,Open,0.0,2026-03-07T23:58:40,115,
opp_18bb265c7af7,lead_74929dc1062d,2026-01-09T02:47:56,Organic Sales,Follow Up,Morgan Reed,Open,0.0,2026-01-18T02:47:56,163,
opp_664c6c196420,lead_fef85ee4a6e2,2026-01-23T09:14:10,Evergreen Sales,Contacted,Morgan Reed,Open,0.0,2026-02-20T09:14:10,130,
opp_ca5d2845fcfc,lead_b8d09c006b90,2026-02-02T11:59:07,Evergreen Sales,Closed Lost,Riley Carter,Lost,0.0,2026-02-07T11:59:07,143,Cancelled
opp_f60eb4352666,lead_04040e302476,2026-02-25T06:49:14,Evergreen Sales,Call Booked,Casey Bennett,Open,0.0,2026-03-19T06:49:14,103,
opp_91058d2678b9,lead_ac842438b3a4,2026-01-17T19:08:00,Webinar Sales,Disqualified,Morgan Reed,Lost,0.0,2026-01-23T19:08:00,158,Low intent
opp_e1eebb34da9b,lead_d07ab7bd2c32,2026-04-02T01:29:52,Organic Sales,Contact Attempted,Morgan Reed,Open,0.0,2026-04-20T01:29:52,71,
opp_b00dc358387b,lead_370968c00fac,2026-01-17T05:38:29,Webinar Sales,Contacted,Casey Bennett,Open,0.0,2026-01-17T05:38:29,164,
opp_dfef3af43ea0,lead_507797b63b4b,2026-03-27T19:58:49,Evergreen Sales,Follow Up,Riley Carter,Open,0.0,2026-04-25T19:58:49,66,
opp_162458debaf0,lead_819f7c409940,2026-05-30T05:41:56,Webinar Sales,Contacted,Riley Carter,Open,0.0,2026-06-23T05:41:56,7,
opp_54dabeb35482,lead_bf633347dcf7,2026-03-08T06:47:40,Evergreen Sales,Contact Attempted,Casey Bennett,Open,0.0,2026-03-28T06:47:40,94,
opp_e3c41c7c6bd6,lead_60a493ea83b4,2026-01-11T22:58:27,Evergreen Sales,Call Booked,Riley Carter,Open,0.0,2026-01-24T22:58:27,157,
opp_821180820716,lead_03826b5272f1,2026-05-02T19:01:38,Evergreen Sales,Contacted,Casey Bennett,Open,0.0,2026-05-15T19:01:38,46,
opp_6ec8aa75ce4c,lead_383e080bddef,2026-01-14T11:20:51,Evergreen Sales,Contacted,Riley Carter,Open,0.0,2026-02-01T11:20:51,149,
opp_fe4ac96c5507,lead_cfdb4ab2b4f9,2026-03-03T15:54:24,Evergreen Sales,Contact Attempted,Casey Bennett,Open,0.0,2026-03-10T15:54:24,112,
opp_cd00d6596a0a,lead_eafc99b6242b,2026-05-01T02:49:14,Organic Sales,Closed Lost,Casey Bennett,Lost,0.0,2026-05-10T02:49:14,51,No budget
opp_4b36ad79d62b,lead_6b5f6a721b9a,2026-05-13T21:08:47,Evergreen Sales,Closed Lost,Riley Carter,Lost,5000.0,2026-06-10T21:08:47,20,Chose competitor
opp_5cbb8649e315,lead_77b06acdaeda,2026-05-30T06:22:49,Evergreen Sales,Closed Lost,Riley Carter,Lost,0.0,2026-06-17T06:22:49,13,No Show
opp_7d510eea5291,lead_280da7978e4f,2026-01-15T08:30:39,Evergreen Sales,Disqualified,Riley Carter,Lost,0.0,2026-01-25T08:30:39,156,Not qualified
opp_ea84eda73054,lead_ef0087b857c8,2026-05-14T03:10:26,Referral Sales,Closed Lost,Morgan Reed,Lost,9500.0,2026-06-10T03:10:26,20,Chose competitor
opp_e4c10718ba32,lead_9eee0afe38d5,2026-03-09T00:29:53,Referral Sales,Contacted,Casey Bennett,Open,0.0,2026-03-19T00:29:53,103,
opp_c7efe5c55863,lead_b313aad98b89,2026-02-13T11:10:09,Organic Sales,Contact Attempted,Morgan Reed,Open,0.0,2026-02-28T11:10:09,122,
opp_df2440a95efb,lead_f3ddffbf6518,2026-02-19T22:41:23,Evergreen Sales,Contacted,Casey Bennett,Open,0.0,2026-02-24T22:41:23,126,
opp_3bccdd5f2e54,lead_5550aa03fe1a,2026-01-09T06:19:12,Webinar Sales,Contacted,Morgan Reed,Open,0.0,2026-02-05T06:19:12,145,
opp_01893212b710,lead_16c84096d1a0,2026-06-13T03:18:52,Evergreen Sales,Contacted,Casey Bennett,Open,0.0,2026-06-29T03:18:52,1,
opp_f3af4c80e32d,lead_1994b8544c69,2026-05-23T10:07:17,Webinar Sales,Follow Up,Casey Bennett,Open,0.0,2026-05-25T10:07:17,36,
opp_9d5a5b0f7e60,lead_7f5b3b76854e,2026-05-10T04:51:53,Evergreen Sales,Cancelled,Morgan Reed,Open,0.0,2026-05-17T04:51:53,44,
opp_6b2f5cca81bc,lead_13015f0c3e84,2026-02-07T01:57:42,Evergreen Sales,Contact Attempted,Riley Carter,Open,0.0,2026-02-16T01:57:42,134,
opp_c5a19262b5fc,lead_a723a3dda0c5,2026-06-24T19:57:19,Webinar Sales,Contacted,Casey Bennett,Open,0.0,2026-07-18T19:57:19,0,
opp_c49529ddbe76,lead_f23a7b566814,2026-03-18T06:43:06,Referral Sales,Contact Attempted,Riley Carter,Open,0.0,2026-04-14T06:43:06,77,
opp_084aa7c958d6,lead_5993c7a0506a,2026-01-10T21:08:40,Evergreen Sales,Contacted,Morgan Reed,Open,0.0,2026-01-11T21:08:40,170,
opp_294d3e6174b3,lead_287d5a3dcb82,2026-02-05T00:19:47,Referral Sales,Contact Attempted,Casey Bennett,Open,0.0,2026-02-11T00:19:47,139,
opp_f60e0e77d63d,lead_82d468deaa77,2026-02-23T01:45:48,Organic Sales,Follow Up,Riley Carter,Open,0.0,2026-03-06T01:45:48,116,
opp_e016446e2b5a,lead_0cb4f4c89d9c,2026-01-30T06:14:05,Evergreen Sales,Contacted,Riley Carter,Open,0.0,2026-02-22T06:14:05,128,
opp_0f4d218a0020,lead_e5df6f95c3cb,2026-03-03T09:40:00,Evergreen Sales,Contacted,Riley Carter,Open,0.0,2026-03-03T09:40:00,119,
opp_187f1646d226,lead_3f4da1523e3e,2026-05-12T07:16:15,Webinar Sales,Cancelled,Morgan Reed,Open,0.0,2026-06-08T07:16:15,22,
opp_06d4970cfbd0,lead_89973a493055,2026-03-06T08:56:31,Evergreen Sales,Contact Attempted,Morgan Reed,Open,0.0,2026-03-20T08:56:31,102,
opp_62d36cf741d0,lead_6de4ddfcac59,2026-03-01T17:20:31,Webinar Sales,Contacted,Riley Carter,Open,0.0,2026-03-13T17:20:31,109,
opp_3f70316e57b0,lead_d1b4ff6374f1,2026-04-03T06:04:02,Webinar Sales,Follow Up,Casey Bennett,Open,0.0,2026-04-05T06:04:02,86,
opp_aef090433ce8,lead_e519bfe92723,2026-02-01T00:46:47,Evergreen Sales,Call Booked,Riley Carter,Open,0.0,2026-02-07T00:46:47,143,
opp_729e61e2313c,lead_ea1497d50187,2026-01-31T17:38:24,Evergreen Sales,Follow Up,Riley Carter,Open,0.0,2026-01-31T17:38:24,150,
opp_a1363046e56f,lead_b85d73f4d98a,2026-01-23T00:17:52,Evergreen Sales,Contacted,Morgan Reed,Open,0.0,2026-02-08T00:17:52,142,
opp_6e8032e1d922,lead_f49c4d5735bf,2026-06-20T22:10:39,Webinar Sales,Contacted,Morgan Reed,Open,0.0,2026-06-24T22:10:39,6,
opp_e89483672dc7,lead_d72e78138a52,2026-06-30T18:30:18,Webinar Sales,Contacted,Casey Bennett,Open,0.0,2026-07-28T18:30:18,0,
opp_7613d5069767,lead_22f08923fcdb,2026-05-11T10:38:11,Webinar Sales,Closed Lost,Morgan Reed,Lost,0.0,2026-05-25T10:38:11,36,No Show
opp_27f399cbb832,lead_743b5f49af6c,2026-02-04T09:58:37,Webinar Sales,Disqualified,Casey Bennett,Lost,0.0,2026-02-16T09:58:37,134,Insufficient capital
opp_62976ca679a6,lead_55324b50ed22,2026-06-03T14:10:33,Evergreen Sales,Contact Attempted,Casey Bennett,Open,0.0,2026-06-15T14:10:33,15,
opp_4abbdb09299a,lead_e00e2c37ca06,2026-03-10T21:04:37,Evergreen Sales,Closed Lost,Morgan Reed,Lost,0.0,2026-03-14T21:04:37,108,Not interested
opp_a14a1f72fb62,lead_77f4dafda23f,2026-02-02T19:52:38,Referral Sales,Closed Won,Riley Carter,Won,9750.0,2026-02-25T19:52:38,125,
opp_3afdff507f9d,lead_0ddcbae6d70f,2026-06-25T14:14:58,Evergreen Sales,Cancelled,Morgan Reed,Open,0.0,2026-07-11T14:14:58,0,
opp_8cd3c9e0611a,lead_ad9d6680efbb,2026-02-21T02:11:50,Referral Sales,Contacted,Morgan Reed,Open,0.0,2026-03-05T02:11:50,117,
opp_8f10b688252f,lead_a8b9e6de4bf1,2026-03-30T22:50:33,Evergreen Sales,Follow Up,Morgan Reed,Open,0.0,2026-04-21T22:50:33,70,
opp_7ed0285f0dc0,lead_34607ee59e22,2026-01-03T01:45:45,Evergreen Sales,Contact Attempted,Morgan Reed,Open,0.0,2026-01-06T01:45:45,175,
opp_669abeab49ec,lead_b2898b00d5eb,2026-03-17T10:03:42,Webinar Sales,Contacted,Riley Carter,Open,0.0,2026-04-07T10:03:42,84,
opp_398b5bdd9d6f,lead_fc3091643603,2026-06-05T22:55:54,Evergreen Sales,Follow Up,Casey Bennett,Open,0.0,2026-06-11T22:55:54,19,
opp_43f7e9a1b747,lead_73cdfefef04d,2026-03-09T05:35:28,Referral Sales,Contacted,Casey Bennett,Open,0.0,2026-03-23T05:35:28,99,
opp_8a84d5ef5811,lead_1cbe068431d0,2026-06-28T09:48:25,Evergreen Sales,Closed Lost,Casey Bennett,Lost,250.0,2026-06-30T09:48:25,0,Financing unavailable
opp_8de9369b6ea9,lead_e6db9bff71e3,2026-01-05T11:13:21,Webinar Sales,Closed Lost,Morgan Reed,Lost,0.0,2026-01-31T11:13:21,150,Timing
opp_ce3906303e86,lead_fa713a57406a,2026-01-13T14:43:54,Evergreen Sales,Follow Up,Morgan Reed,Open,0.0,2026-01-22T14:43:54,159,
opp_a9630ec02011,lead_4cd24305301d,2026-05-21T09:55:24,Webinar Sales,Contact Attempted,Riley Carter,Open,0.0,2026-06-01T09:55:24,29,
opp_ce516424c368,lead_bc4e1282c4ff,2026-05-02T13:57:37,Evergreen Sales,Contact Attempted,Riley Carter,Open,0.0,2026-05-30T13:57:37,31,
opp_9796edf1e6fa,lead_979a62d1152e,2026-01-11T21:45:16,Evergreen Sales,Contact Attempted,Morgan Reed,Open,0.0,2026-02-01T21:45:16,149,
opp_00c03940122e,lead_ea7ee19d7202,2026-01-18T18:49:16,Evergreen Sales,Contact Attempted,Morgan Reed,Open,0.0,2026-01-22T18:49:16,159,
opp_02dfb9f6b1df,lead_e951042df008,2026-01-16T10:05:11,Evergreen Sales,Contact Attempted,Morgan Reed,Open,0.0,2026-02-15T10:05:11,135,
opp_66325962d5fe,lead_8ed4d930b0b3,2026-05-18T12:37:35,Organic Sales,Contact Attempted,Casey Bennett,Open,0.0,2026-06-04T12:37:35,26,
opp_8b6f20342952,lead_0428741d4cfb,2026-04-25T22:02:38,Evergreen Sales,Closed Lost,Morgan Reed,Lost,750.0,2026-04-26T22:02:38,65,Partner approval
opp_aea81be64500,lead_c7784d96a065,2026-02-21T02:53:16,Evergreen Sales,Contact Attempted,Morgan Reed,Open,0.0,2026-03-19T02:53:16,103,
opp_b9af52aa154a,lead_87f5296fbcaa,2026-02-06T13:04:07,Referral Sales,Contact Attempted,Morgan Reed,Open,0.0,2026-03-03T13:04:07,119,
opp_e263941bab02,lead_88b4b2a5ec15,2026-04-27T19:26:40,Evergreen Sales,Contacted,Morgan Reed,Open,0.0,2026-05-21T19:26:40,40,
opp_b340d464ed01,lead_00591179f1b4,2026-05-23T19:24:48,Evergreen Sales,Closed Won,Riley Carter,Won,5000.0,2026-06-11T19:24:48,19,
opp_e3f3a5e28c52,lead_ee346ffd0d52,2026-01-13T13:18:23,Evergreen Sales,Contact Attempted,Riley Carter,Open,0.0,2026-01-17T13:18:23,164,
opp_1932693190fe,lead_a1938d424dbd,2026-01-16T12:36:05,Evergreen Sales,Follow Up,Casey Bennett,Open,0.0,2026-02-12T12:36:05,138,
opp_2ae0d0915c36,lead_d42ed5fb471d,2026-05-11T23:24:11,Evergreen Sales,Contact Attempted,Riley Carter,Open,0.0,2026-06-03T23:24:11,27,
opp_924a3f1499af,lead_66e035665f44,2026-04-21T12:40:10,Referral Sales,Follow Up,Casey Bennett,Open,0.0,2026-04-29T12:40:10,62,
opp_b8693492c50d,lead_bd65d2100953,2026-03-13T22:23:28,Evergreen Sales,Contacted,Casey Bennett,Open,0.0,2026-04-12T22:23:28,79,
opp_a7ee73957f00,lead_36374ec559a0,2026-02-14T07:04:38,Organic Sales,Closed Won,Casey Bennett,Won,5000.0,2026-02-21T07:04:38,129,
opp_1d6b4d3ce626,lead_025ece46bfb4,2026-03-04T23:39:48,Evergreen Sales,Disqualified,Casey Bennett,Lost,0.0,2026-03-04T23:39:48,118,Low intent
opp_2d139eef4726,lead_ad0e67fe09c9,2026-05-26T17:49:34,Evergreen Sales,Closed Lost,Morgan Reed,Lost,0.0,2026-06-06T17:49:34,24,Timing
opp_85330b0e1472,lead_24b2f3914595,2026-06-18T23:39:40,Webinar Sales,Closed Lost,Morgan Reed,Lost,10000.0,2026-06-29T23:39:40,1,Financing unavailable
opp_07f29f84cdcc,lead_5edfe955c599,2026-01-30T07:53:28,Evergreen Sales,Contacted,Morgan Reed,Open,0.0,2026-02-19T07:53:28,131,
opp_a47e67c798d3,lead_694b15e359db,2026-01-30T02:35:01,Evergreen Sales,No Show,Casey Bennett,Open,0.0,2026-01-31T02:35:01,150,
opp_af35cabd26cd,lead_7eb0121d25f7,2026-06-11T03:02:47,Evergreen Sales,Contacted,Casey Bennett,Open,0.0,2026-06-12T03:02:47,18,
opp_406e56fc9f64,lead_c23055b37162,2026-03-26T01:15:22,Organic Sales,Contacted,Casey Bennett,Open,0.0,2026-04-15T01:15:22,76,
opp_58307377ba4f,lead_37933e4d08c7,2026-03-10T14:49:14,Evergreen Sales,Contacted,Riley Carter,Open,0.0,2026-03-28T14:49:14,94,
opp_a9bf104a6c0a,lead_04fb278f006a,2026-01-28T11:20:03,Organic Sales,Closed Lost,Morgan Reed,Lost,0.0,2026-02-20T11:20:03,130,Timing
opp_bb54fffc86f0,lead_0d9938e90ded,2026-03-01T19:25:11,Evergreen Sales,Contact Attempted,Casey Bennett,Open,0.0,2026-03-12T19:25:11,110,
opp_0434ef444ffc,lead_da76a12a01dc,2026-04-29T18:23:14,Referral Sales,Contact Attempted,Casey Bennett,Open,0.0,2026-05-22T18:23:14,39,
opp_424e5934f372,lead_1ebd26dcc842,2026-06-06T17:28:18,Evergreen Sales,Contacted,Morgan Reed,Open,0.0,2026-06-13T17:28:18,17,
opp_145803d16946,lead_9b57538b4402,2026-03-22T23:21:48,Evergreen Sales,Follow Up,Riley Carter,Open,0.0,2026-04-14T23:21:48,77,
opp_67e535b56ea3,lead_661a2a3cd72b,2026-05-04T02:03:17,Evergreen Sales,Call Booked,Casey Bennett,Open,0.0,2026-05-11T02:03:17,50,
opp_a889ba769fc0,lead_099368a8ef7c,2026-05-16T14:27:05,Organic Sales,Follow Up,Riley Carter,Open,0.0,2026-06-01T14:27:05,29,
opp_428157f58746,lead_48c4a663e802,2026-05-18T12:00:28,Organic Sales,Contacted,Casey Bennett,Open,0.0,2026-06-07T12:00:28,23,
opp_e4101a41e025,lead_b1500d937af6,2026-03-02T20:49:46,Organic Sales,Follow Up,Morgan Reed,Open,0.0,2026-03-13T20:49:46,109,
opp_862c526f7448,lead_2e9a368252fb,2026-04-13T18:24:59,Referral Sales,Follow Up,Casey Bennett,Open,0.0,2026-05-13T18:24:59,48,
opp_22fea015c25a,lead_06b8f0054878,2026-05-31T23:06:05,Evergreen Sales,Contacted,Riley Carter,Open,0.0,2026-06-06T23:06:05,24,
opp_95f5c31a4e44,lead_e8cfbc54f331,2026-04-02T23:49:14,Evergreen Sales,Contacted,Casey Bennett,Open,0.0,2026-04-06T23:49:14,85,
opp_f4d25f528eeb,lead_843b7160d175,2026-04-20T02:32:26,Evergreen Sales,Follow Up,Casey Bennett,Open,0.0,2026-05-03T02:32:26,58,
opp_63502a7fb310,lead_bd2aaf52ac38,2026-06-10T00:45:15,Evergreen Sales,Cancelled,Riley Carter,Open,0.0,2026-07-09T00:45:15,0,
opp_b5821442ed41,lead_d586b007799f,2026-01-12T18:14:37,Evergreen Sales,Call Booked,Casey Bennett,Open,0.0,2026-02-05T18:14:37,145,
opp_07f83b395832,lead_af7b9f2a1c97,2026-03-24T03:16:56,Evergreen Sales,Contacted,Morgan Reed,Open,0.0,2026-03-24T03:16:56,98,
opp_eac4bf0c1ad4,lead_696bc9233d6f,2026-05-07T12:50:20,Evergreen Sales,Closed Lost,Casey Bennett,Lost,9000.0,2026-05-08T12:50:20,53,Price
opp_d6b718803a8a,lead_72991993c9c3,2026-03-28T17:42:12,Organic Sales,Contacted,Riley Carter,Open,0.0,2026-03-29T17:42:12,93,
opp_5cdd8306175b,lead_8eb04a61bdf6,2026-01-21T22:07:38,Evergreen Sales,Contact Attempted,Riley Carter,Open,0.0,2026-02-16T22:07:38,134,
opp_b9cbe253427b,lead_8aeb19f722d0,2026-02-01T15:10:26,Organic Sales,No Show,Morgan Reed,Open,0.0,2026-02-25T15:10:26,125,
opp_c80e29e52504,lead_df3ea3938f52,2026-04-18T07:11:12,Evergreen Sales,Contact Attempted,Riley Carter,Open,0.0,2026-05-14T07:11:12,47,
opp_e6dcc23f9b24,lead_f4fe28c6cf5b,2026-05-03T02:50:29,Evergreen Sales,Follow Up,Morgan Reed,Open,0.0,2026-05-05T02:50:29,56,
opp_0261ba9ed60c,lead_eb47fd4594ca,2026-05-05T23:29:28,Evergreen Sales,Closed Lost,Morgan Reed,Lost,2000.0,2026-05-21T23:29:28,40,Price
opp_af43c02afd81,lead_47324c3a32db,2026-05-21T08:23:00,Webinar Sales,Closed Lost,Morgan Reed,Lost,0.0,2026-06-07T08:23:00,23,No budget
opp_e52d85fbe728,lead_295616cb9067,2026-02-01T17:24:50,Evergreen Sales,Follow Up,Casey Bennett,Open,0.0,2026-02-17T17:24:50,133,
opp_b22ff17aa1fe,lead_b4e5d8ffb0e1,2026-03-08T17:10:00,Evergreen Sales,Contact Attempted,Morgan Reed,Open,0.0,2026-04-07T17:10:00,84,
opp_b22493dbd128,lead_730a49f170bc,2026-05-15T21:00:29,Organic Sales,Follow Up,Morgan Reed,Open,0.0,2026-06-13T21:00:29,17,
opp_4bc4a9dc2a7d,lead_e56513704ede,2026-05-29T02:44:17,Evergreen Sales,Closed Lost,Riley Carter,Lost,0.0,2026-06-11T02:44:17,19,Cancelled
opp_cf0cf3926339,lead_cd867e9082c9,2026-01-11T04:35:20,Referral Sales,Contact Attempted,Casey Bennett,Open,0.0,2026-02-03T04:35:20,147,
opp_f480511e8a54,lead_da5e04f63cdd,2026-05-28T06:59:43,Evergreen Sales,Closed Lost,Riley Carter,Lost,0.0,2026-06-11T06:59:43,19,No Show
opp_90e78ca41535,lead_e9d198ae9e65,2026-05-27T19:02:35,Evergreen Sales,Contact Attempted,Riley Carter,Open,0.0,2026-05-29T19:02:35,32,
opp_b6c91a7a82ce,lead_4355565a4cf2,2026-01-05T13:34:44,Webinar Sales,Contacted,Riley Carter,Open,0.0,2026-01-29T13:34:44,152,
opp_1647f6464126,lead_364da5abe176,2026-04-25T12:03:18,Evergreen Sales,Closed Lost,Casey Bennett,Lost,9750.0,2026-05-11T12:03:18,50,Partner approval
opp_9577e75a3002,lead_d98ee2743884,2026-01-16T15:45:03,Evergreen Sales,Contacted,Morgan Reed,Open,0.0,2026-01-28T15:45:03,153,
opp_e12950df5d39,lead_9a2d40bf3159,2026-04-15T03:00:46,Evergreen Sales,Contacted,Riley Carter,Open,0.0,2026-05-12T03:00:46,49,
opp_811bd914e595,lead_d0204e00e1a4,2026-03-14T16:22:01,Evergreen Sales,Contact Attempted,Riley Carter,Open,0.0,2026-03-26T16:22:01,96,
opp_89b96edc61dd,lead_d0a94e76abb2,2026-03-05T12:12:04,Evergreen Sales,Contacted,Casey Bennett,Open,0.0,2026-03-09T12:12:04,113,
opp_710832aad85c,lead_647f9111221e,2026-04-28T03:53:52,Evergreen Sales,Follow Up,Morgan Reed,Open,0.0,2026-04-28T03:53:52,63,
opp_03c533b11e0e,lead_590aa9010f78,2026-03-17T05:39:26,Evergreen Sales,Contact Attempted,Morgan Reed,Open,0.0,2026-03-28T05:39:26,94,
opp_e405b526fb32,lead_ebb9598769a1,2026-06-11T17:44:01,Webinar Sales,No Show,Casey Bennett,Open,0.0,2026-06-30T17:44:01,0,
opp_170aa05fcd2e,lead_020870a11c7a,2026-05-06T19:06:25,Evergreen Sales,Contact Attempted,Morgan Reed,Open,0.0,2026-05-06T19:06:25,55,
opp_a7de2086eec7,lead_19d53a4e1b80,2026-01-03T09:36:12,Organic Sales,Closed Lost,Morgan Reed,Lost,0.0,2026-01-22T09:36:12,159,Not interested
opp_2bf99698e1a8,lead_67251bbb24c8,2026-05-20T19:18:00,Organic Sales,Closed Lost,Riley Carter,Lost,9750.0,2026-06-11T19:18:00,19,Financing unavailable
opp_0676c44cbc8a,lead_9c2bb0562df4,2026-04-04T05:46:49,Webinar Sales,Contact Attempted,Morgan Reed,Open,0.0,2026-04-19T05:46:49,72,
opp_aa7009522e39,lead_a6b48c800440,2026-06-21T17:39:37,Evergreen Sales,Disqualified,Morgan Reed,Lost,0.0,2026-06-30T17:39:37,0,Low intent
opp_b6963faf93b0,lead_8c4560596ba2,2026-06-30T14:51:25,Webinar Sales,Follow Up,Riley Carter,Open,0.0,2026-07-21T14:51:25,0,
opp_ef9165f3c06a,lead_fb97e2f80f09,2026-01-19T21:08:13,Organic Sales,Closed Won,Morgan Reed,Won,750.0,2026-02-05T21:08:13,145,
opp_bbeb73998ad6,lead_4473e44b39ea,2026-01-15T18:38:57,Evergreen Sales,Contact Attempted,Casey Bennett,Open,0.0,2026-01-17T18:38:57,164,
opp_17d406f3acbf,lead_2918ac8d10d7,2026-02-28T15:39:20,Webinar Sales,Closed Won,Morgan Reed,Won,5000.0,2026-03-12T15:39:20,110,
opp_9f6cff6443ad,lead_6b77dcf7dff6,2026-06-20T22:27:04,Evergreen Sales,Follow Up,Morgan Reed,Open,0.0,2026-06-22T22:27:04,8,
opp_a5cf798114ca,lead_75d5726b4a25,2026-06-18T21:31:24,Webinar Sales,Contacted,Casey Bennett,Open,0.0,2026-07-11T21:31:24,0,
opp_070593fd3eb3,lead_96021aad9fbb,2026-04-04T03:40:49,Evergreen Sales,Follow Up,Morgan Reed,Open,0.0,2026-04-14T03:40:49,77,
opp_a75d9752d05d,lead_0b56deed89db,2026-03-15T06:55:41,Evergreen Sales,Contact Attempted,Casey Bennett,Open,0.0,2026-03-29T06:55:41,93,
opp_e2ecf977ab2e,lead_1feadd9f1d18,2026-04-22T23:53:58,Evergreen Sales,Contacted,Riley Carter,Open,0.0,2026-05-01T23:53:58,60,
opp_0165916a83ce,lead_67b20658541c,2026-02-09T08:38:38,Evergreen Sales,Closed Won,Morgan Reed,Won,5000.0,2026-02-09T08:38:38,141,
opp_e237e0de3d51,lead_eb51358de4c0,2026-06-07T08:31:22,Evergreen Sales,Follow Up,Riley Carter,Open,0.0,2026-06-28T08:31:22,2,
opp_2ed298a2ba91,lead_7d25adaf4cb0,2026-04-19T12:52:10,Webinar Sales,Follow Up,Riley Carter,Open,0.0,2026-05-12T12:52:10,49,
opp_e99ba32b7517,lead_eb49732c9e73,2026-01-18T04:02:54,Evergreen Sales,Contact Attempted,Riley Carter,Open,0.0,2026-02-03T04:02:54,147,
opp_1453e2e29d8c,lead_53685a70579d,2026-06-25T02:47:23,Evergreen Sales,Follow Up,Morgan Reed,Open,0.0,2026-07-02T02:47:23,0,
opp_5bd7b070c370,lead_afba93d78e55,2026-03-09T08:08:52,Evergreen Sales,Contacted,Casey Bennett,Open,0.0,2026-03-26T08:08:52,96,
opp_2940f5a87fb8,lead_5664c404ae75,2026-05-29T23:56:20,Organic Sales,Contacted,Casey Bennett,Open,0.0,2026-06-19T23:56:20,11,
opp_3f3d599fc5e0,lead_07be3c43a514,2026-03-11T23:15:14,Referral Sales,Contact Attempted,Morgan Reed,Open,0.0,2026-04-07T23:15:14,84,
opp_069a4400619d,lead_3d3fa9c2f950,2026-05-06T08:04:51,Evergreen Sales,Contacted,Riley Carter,Open,0.0,2026-05-15T08:04:51,46,
opp_f4878fe728fe,lead_c66b70eff042,2026-03-08T16:36:37,Evergreen Sales,Contact Attempted,Morgan Reed,Open,0.0,2026-04-04T16:36:37,87,
opp_65007047b509,lead_68fb1aaf3d4e,2026-06-15T06:24:12,Organic Sales,Closed Lost,Riley Carter,Lost,0.0,2026-06-24T06:24:12,6,Unable to contact
opp_438606078e1c,lead_3d0fc5807034,2026-06-21T00:28:00,Evergreen Sales,Contacted,Morgan Reed,Open,0.0,2026-06-27T00:28:00,3,
opp_ec746c715a63,lead_2280a376c194,2026-02-19T11:04:04,Organic Sales,Contact Attempted,Riley Carter,Open,0.0,2026-02-21T11:04:04,129,
opp_d8283377c88a,lead_2a824730c75a,2026-06-02T23:03:39,Evergreen Sales,Closed Lost,Riley Carter,Lost,5000.0,2026-06-08T23:03:39,22,Partner approval
opp_4fb6e8fe4393,lead_bf433858ef73,2026-04-17T11:57:55,Webinar Sales,Contact Attempted,Morgan Reed,Open,0.0,2026-05-11T11:57:55,50,
opp_35be722e6494,lead_ace464b2ab34,2026-05-14T13:23:04,Organic Sales,Closed Lost,Casey Bennett,Lost,0.0,2026-06-09T13:23:04,21,Not interested
opp_f970b5e0a29e,lead_fa40508838e7,2026-06-23T20:05:40,Evergreen Sales,Contacted,Morgan Reed,Open,0.0,2026-07-23T20:05:40,0,
opp_fb90a6882af3,lead_a08d98659233,2026-05-15T22:38:34,Organic Sales,Contacted,Casey Bennett,Open,0.0,2026-05-31T22:38:34,30,
opp_7656cadd45e0,lead_20202d6146a8,2026-06-08T03:49:07,Webinar Sales,Call Booked,Casey Bennett,Open,0.0,2026-06-19T03:49:07,11,
opp_a45c90f2f028,lead_484f5b1ba5e1,2026-06-10T17:09:33,Evergreen Sales,Follow Up,Casey Bennett,Open,0.0,2026-06-30T17:09:33,0,
opp_0f9836b6ffe5,lead_89495f73ea1a,2026-03-11T10:08:14,Evergreen Sales,Closed Lost,Riley Carter,Lost,5000.0,2026-03-14T10:08:14,108,Chose competitor
opp_7f453640d487,lead_4d577cdb9fae,2026-03-14T19:14:05,Evergreen Sales,No Show,Riley Carter,Open,0.0,2026-03-15T19:14:05,107,
opp_fd9eaba63981,lead_f6b7188e9666,2026-05-12T20:54:59,Evergreen Sales,Closed Won,Casey Bennett,Won,250.0,2026-05-28T20:54:59,33,
opp_ddf38aa2eb6d,lead_17b477ab2c03,2026-05-17T01:10:46,Evergreen Sales,Contacted,Riley Carter,Open,0.0,2026-06-03T01:10:46,27,
opp_12bac2b90980,lead_e22ad60a5c7f,2026-05-14T17:04:02,Webinar Sales,Closed Lost,Riley Carter,Lost,4500.0,2026-05-24T17:04:02,37,Partner approval
opp_9423aa24746d,lead_cc55455c494f,2026-03-15T18:46:33,Organic Sales,Contact Attempted,Casey Bennett,Open,0.0,2026-03-29T18:46:33,93,
opp_060c812e6d59,lead_f5c12017f86d,2026-01-17T02:38:36,Evergreen Sales,Follow Up,Riley Carter,Open,0.0,2026-02-05T02:38:36,145,
opp_014cf10a24c6,lead_08ea3b8e82f6,2026-03-15T18:14:04,Evergreen Sales,Follow Up,Morgan Reed,Open,0.0,2026-04-01T18:14:04,90,
opp_232a7cfebcd9,lead_707c390d9a0a,2026-05-31T21:50:44,Evergreen Sales,Call Booked,Morgan Reed,Open,0.0,2026-06-27T21:50:44,3,
opp_aacf926570cc,lead_ae8fb9ec4197,2026-04-26T05:34:47,Evergreen Sales,Contact Attempted,Casey Bennett,Open,0.0,2026-04-29T05:34:47,62,
opp_91125b29ef8d,lead_b1a33be7d3c6,2026-03-31T22:34:30,Evergreen Sales,Contact Attempted,Riley Carter,Open,0.0,2026-04-09T22:34:30,82,
opp_d9affc2e95e1,lead_c47731c8dd50,2026-02-19T04:01:03,Referral Sales,Contact Attempted,Casey Bennett,Open,0.0,2026-03-21T04:01:03,101,
opp_699b5fab1f0a,lead_cca4b45cd23f,2026-02-26T23:17:38,Evergreen Sales,Contacted,Casey Bennett,Open,0.0,2026-03-15T23:17:38,107,
opp_3771bb667781,lead_8a2a4dd35aca,2026-06-12T14:26:51,Evergreen Sales,Closed Lost,Morgan Reed,Lost,0.0,2026-07-06T14:26:51,0,Unable to contact
opp_ce0e4936a876,lead_8a72cf68c510,2026-06-06T15:58:22,Evergreen Sales,Contacted,Morgan Reed,Open,0.0,2026-06-12T15:58:22,18,
opp_1f0839401c94,lead_af0abccc5741,2026-03-08T00:50:34,Evergreen Sales,Contacted,Morgan Reed,Open,0.0,2026-03-10T00:50:34,112,
opp_1fd9a84d310b,lead_07a576b04a0d,2026-01-20T17:12:00,Webinar Sales,Closed Lost,Riley Carter,Lost,9750.0,2026-02-16T17:12:00,134,Financing unavailable
opp_477b71b0f8dc,lead_eefcb2039773,2026-04-07T08:12:22,Organic Sales,Contacted,Morgan Reed,Open,0.0,2026-04-16T08:12:22,75,
opp_3ff293ded9e1,lead_ac844d369737,2026-05-04T06:31:53,Referral Sales,No Show,Morgan Reed,Open,0.0,2026-05-07T06:31:53,54,
opp_3cdf7944703e,lead_8756199472fe,2026-05-17T07:46:46,Evergreen Sales,Contact Attempted,Casey Bennett,Open,0.0,2026-06-14T07:46:46,16,
opp_905d7ebee73c,lead_c306363510ca,2026-04-03T03:54:54,Webinar Sales,Disqualified,Morgan Reed,Lost,0.0,2026-04-17T03:54:54,74,Not qualified
opp_72715e2fbe4e,lead_1865747368d8,2026-01-17T18:32:54,Evergreen Sales,Contact Attempted,Casey Bennett,Open,0.0,2026-02-12T18:32:54,138,
opp_7831d1050426,lead_173d00fbd154,2026-04-19T05:31:31,Referral Sales,Closed Lost,Morgan Reed,Lost,0.0,2026-05-18T05:31:31,43,Unable to contact
opp_41a7c729197a,lead_72762c0a9df8,2026-04-19T16:14:07,Organic Sales,Closed Lost,Casey Bennett,Lost,0.0,2026-05-05T16:14:07,56,No Show
opp_ec30660f08f2,lead_0fc65bf3cad0,2026-03-17T20:50:22,Evergreen Sales,Contacted,Morgan Reed,Open,0.0,2026-04-01T20:50:22,90,
opp_7598317732aa,lead_f06b86e924d6,2026-02-21T15:07:32,Evergreen Sales,Closed Lost,Morgan Reed,Lost,0.0,2026-03-02T15:07:32,120,Unable to contact
opp_be259dc599c0,lead_2df31e72e0f8,2026-06-17T02:37:11,Evergreen Sales,Contacted,Riley Carter,Open,0.0,2026-06-26T02:37:11,4,
opp_bcbea8eb3f22,lead_ade716c39f78,2026-02-11T13:52:59,Organic Sales,Follow Up,Riley Carter,Open,0.0,2026-02-13T13:52:59,137,
opp_e9d275d0ea76,lead_26b88b63b769,2026-01-29T08:55:59,Referral Sales,Closed Lost,Morgan Reed,Lost,2500.0,2026-01-31T08:55:59,150,Price
opp_82b5920c7aaf,lead_bde856d075cc,2026-04-03T18:11:21,Webinar Sales,Follow Up,Riley Carter,Open,0.0,2026-04-13T18:11:21,78,
opp_9ad2fa9b6de4,lead_cb9c0197e2a7,2026-05-27T07:09:45,Evergreen Sales,Closed Lost,Morgan Reed,Lost,0.0,2026-06-02T07:09:45,28,No budget
opp_f712374968e4,lead_58728910c141,2026-01-12T14:05:47,Webinar Sales,Closed Lost,Casey Bennett,Lost,0.0,2026-01-21T14:05:47,160,Timing
opp_bd5d296a95a3,lead_4c826953108c,2026-05-22T01:42:47,Evergreen Sales,Closed Lost,Morgan Reed,Lost,0.0,2026-06-08T01:42:47,22,Unable to contact
opp_ba163507361c,lead_55abb56a05cc,2026-04-04T02:00:23,Webinar Sales,Closed Lost,Casey Bennett,Lost,0.0,2026-05-02T02:00:23,59,Timing
opp_19f3d972c077,lead_de5bde322e96,2026-02-16T20:43:43,Referral Sales,Disqualified,Morgan Reed,Lost,0.0,2026-02-27T20:43:43,123,Wrong timing
opp_517f5fef43ed,lead_6f1c7c3b1ab1,2026-03-23T00:50:08,Evergreen Sales,Contact Attempted,Morgan Reed,Open,0.0,2026-04-02T00:50:08,89,
opp_90428b9ef5c2,lead_565675f1f63a,2026-03-13T18:05:35,Webinar Sales,Contacted,Riley Carter,Open,0.0,2026-04-05T18:05:35,86,
opp_c7500963c93c,lead_7fc2a67d37a5,2026-02-28T22:23:52,Webinar Sales,Follow Up,Casey Bennett,Open,0.0,2026-03-13T22:23:52,109,
opp_b661c0036a70,lead_161129cae9bd,2026-05-28T01:49:20,Organic Sales,Contact Attempted,Riley Carter,Open,0.0,2026-06-22T01:49:20,8,
opp_20697e11ac3c,lead_f303dccffc51,2026-04-02T03:13:38,Organic Sales,Closed Won,Casey Bennett,Won,2250.0,2026-04-30T03:13:38,61,
opp_978e7002d369,lead_28a7b51ce555,2026-02-18T20:30:29,Organic Sales,Contacted,Casey Bennett,Open,0.0,2026-03-03T20:30:29,119,
opp_445263dd4464,lead_d6421fd62f6d,2026-03-02T18:55:34,Organic Sales,Call Booked,Morgan Reed,Open,0.0,2026-03-29T18:55:34,93,
opp_b47db227deab,lead_d161c8cd6dd5,2026-02-07T06:04:10,Evergreen Sales,Contact Attempted,Casey Bennett,Open,0.0,2026-03-07T06:04:10,115,
opp_4335361ef484,lead_0ed33f4cf30a,2026-05-11T00:57:23,Evergreen Sales,Closed Lost,Morgan Reed,Lost,0.0,2026-05-21T00:57:23,40,Timing
opp_f6feed5c8190,lead_0136fa6b6f76,2026-02-06T21:18:21,Webinar Sales,Contacted,Riley Carter,Open,0.0,2026-02-15T21:18:21,135,
opp_8bdde761e56f,lead_4a1eb886065c,2026-06-04T23:05:32,Organic Sales,Contacted,Morgan Reed,Open,0.0,2026-07-03T23:05:32,0,
opp_a37b93e48efd,lead_393aa5e783b1,2026-05-05T00:04:12,Webinar Sales,Contacted,Casey Bennett,Open,0.0,2026-05-28T00:04:12,33,
opp_7b6d6623994b,lead_e8a102173e76,2026-06-07T04:54:16,Evergreen Sales,Contact Attempted,Casey Bennett,Open,0.0,2026-06-07T04:54:16,23,
opp_333b1633948f,lead_68ab4086c2a9,2026-04-15T08:30:20,Webinar Sales,Follow Up,Morgan Reed,Open,0.0,2026-04-18T08:30:20,73,
opp_2042ac931d73,lead_243674bf98b8,2026-06-07T21:23:18,Evergreen Sales,Closed Lost,Morgan Reed,Lost,5000.0,2026-06-27T21:23:18,3,Chose competitor
opp_fc7dce86b0be,lead_5752ef792d35,2026-06-30T03:53:16,Evergreen Sales,Closed Lost,Riley Carter,Lost,0.0,2026-07-20T03:53:16,0,No budget
opp_dd5f84f13b0c,lead_ad64869f41d1,2026-02-08T16:17:33,Webinar Sales,Contacted,Riley Carter,Open,0.0,2026-02-12T16:17:33,138,
opp_0934d67d94c6,lead_0f06bb61ebe4,2026-04-03T12:02:11,Evergreen Sales,Contact Attempted,Morgan Reed,Open,0.0,2026-04-06T12:02:11,85,
opp_0e8243c64454,lead_cd76360154ad,2026-05-28T14:26:11,Evergreen Sales,Contact Attempted,Casey Bennett,Open,0.0,2026-06-01T14:26:11,29,
opp_aa0e7582e878,lead_d0a2ff500ae2,2026-02-22T02:54:04,Evergreen Sales,Contacted,Riley Carter,Open,0.0,2026-03-10T02:54:04,112,
opp_20e3661f3e1c,lead_2c1dc8a8bbb0,2026-06-23T01:48:46,Evergreen Sales,Contacted,Morgan Reed,Open,0.0,2026-06-27T01:48:46,3,
opp_5df0c8491447,lead_e75e08fa5a35,2026-05-20T17:26:54,Evergreen Sales,Contacted,Morgan Reed,Open,0.0,2026-06-09T17:26:54,21,
opp_0fcf80ba671c,lead_74e8a00ad974,2026-04-21T19:16:06,Evergreen Sales,Contacted,Morgan Reed,Open,0.0,2026-05-02T19:16:06,59,
opp_bde5b3d7c2cf,lead_69514fa9b0a9,2026-04-24T10:11:47,Evergreen Sales,Follow Up,Casey Bennett,Open,0.0,2026-05-06T10:11:47,55,
opp_794db9e7faa5,lead_177abc7d845a,2026-01-04T09:16:44,Evergreen Sales,Closed Lost,Riley Carter,Lost,4500.0,2026-01-29T09:16:44,152,Price
opp_4d20c2c0a5ec,lead_e0b0900e201f,2026-06-07T04:46:40,Evergreen Sales,Follow Up,Casey Bennett,Open,0.0,2026-06-23T04:46:40,7,
opp_d4cb41bb5db2,lead_207fb2b6ed69,2026-04-29T08:58:31,Evergreen Sales,Contact Attempted,Casey Bennett,Open,0.0,2026-05-07T08:58:31,54,
opp_f27b93173e9f,lead_4f2bfe568607,2026-05-11T07:50:23,Evergreen Sales,Contacted,Casey Bennett,Open,0.0,2026-06-05T07:50:23,25,
opp_57c467bf9afc,lead_2728cfdce7f1,2026-01-20T11:44:32,Evergreen Sales,Disqualified,Casey Bennett,Lost,0.0,2026-01-22T11:44:32,159,Insufficient capital
opp_80c54c635eb9,lead_73f109a7f3ed,2026-06-15T04:01:11,Evergreen Sales,Contacted,Riley Carter,Open,0.0,2026-06-19T04:01:11,11,
opp_24cab1b3b058,lead_dce2a8d167fd,2026-06-21T05:30:54,Webinar Sales,Contacted,Casey Bennett,Open,0.0,2026-07-11T05:30:54,0,
opp_8603b576da72,lead_64155e8c4d0d,2026-04-09T13:23:52,Evergreen Sales,Disqualified,Riley Carter,Lost,0.0,2026-05-08T13:23:52,53,Insufficient capital
opp_801226b3e437,lead_02eb213a0567,2026-05-17T14:20:39,Evergreen Sales,Closed Lost,Riley Carter,Lost,0.0,2026-06-10T14:20:39,20,Timing
opp_e77437df4d00,lead_debbbee36cba,2026-02-10T05:18:00,Evergreen Sales,Contacted,Casey Bennett,Open,0.0,2026-02-11T05:18:00,139,
opp_ef5a39d7f230,lead_d5eefa522a2a,2026-06-24T11:05:33,Evergreen Sales,Closed Lost,Morgan Reed,Lost,0.0,2026-06-29T11:05:33,1,Unable to contact
opp_3fcab8cb5fb4,lead_edcdb7e35148,2026-05-06T08:08:31,Referral Sales,Contacted,Casey Bennett,Open,0.0,2026-06-05T08:08:31,25,
opp_62901c6178b3,lead_96d2888b1905,2026-03-15T23:27:11,Organic Sales,Contacted,Casey Bennett,Open,0.0,2026-03-29T23:27:11,93,
opp_e664daedccb7,lead_99999980aaee,2026-03-26T22:15:22,Webinar Sales,Closed Won,Casey Bennett,Won,4750.0,2026-04-03T22:15:22,88,
opp_65c50fa7e9f4,lead_89d91dba70aa,2026-04-03T22:06:53,Evergreen Sales,Closed Lost,Riley Carter,Lost,0.0,2026-05-03T22:06:53,58,No budget
opp_c8f77dd7d7c1,lead_1a47f61196d6,2026-06-14T06:11:29,Organic Sales,Contact Attempted,Morgan Reed,Open,0.0,2026-06-16T06:11:29,14,
opp_d3d8421041d9,lead_7339e09bb2a6,2026-05-18T07:20:45,Webinar Sales,Contacted,Riley Carter,Open,0.0,2026-05-23T07:20:45,38,
opp_a11605b1562e,lead_c627a787dcf1,2026-04-12T23:51:37,Evergreen Sales,Closed Lost,Morgan Reed,Lost,0.0,2026-05-07T23:51:37,54,Unable to contact
opp_592b2a3f593d,lead_7320d3c8b3cb,2026-06-19T03:11:41,Webinar Sales,Contacted,Morgan Reed,Open,0.0,2026-07-11T03:11:41,0,
opp_b8db7ece2d47,lead_dd22523a15e1,2026-06-19T06:55:46,Organic Sales,Contacted,Riley Carter,Open,0.0,2026-07-18T06:55:46,0,
opp_ae2f0db6aa7d,lead_34117e0d985c,2026-02-25T23:18:34,Webinar Sales,Contact Attempted,Morgan Reed,Open,0.0,2026-03-13T23:18:34,109,
opp_907ca0b2a0a2,lead_048488608a8c,2026-04-28T00:28:46,Evergreen Sales,Contact Attempted,Casey Bennett,Open,0.0,2026-05-23T00:28:46,38,
opp_93f7941065e7,lead_44bf6cf7cd5a,2026-04-14T16:24:10,Webinar Sales,Contact Attempted,Casey Bennett,Open,0.0,2026-04-23T16:24:10,68,
opp_212683406c04,lead_41808984424b,2026-04-14T15:01:24,Webinar Sales,Contacted,Casey Bennett,Open,0.0,2026-04-19T15:01:24,72,
opp_7d843a9f549a,lead_973f94d46f49,2026-04-10T15:53:57,Webinar Sales,Call Booked,Casey Bennett,Open,0.0,2026-05-06T15:53:57,55,
